ID_Venta,Fecha,ID_Cliente,ID_Producto,Unidades,Precio_Unitario,Costo_Unitario,Costo_Envio,Venta_Neta,Costo_Total,Margen,Region,Segmento
V000001,2025-11-24,C015,P001,18,1250,666.96,4500,22500,16505.28,5994.72,CABA,Revendedor
V000002,2025-02-14,C076,P014,3,850,427.11,1200,2550,2481.33,68.67,CABA,Revendedor
V000003,2025-04-12,C070,P014,15,2600,1615.7,0,39000,24235.5,14764.5,Oeste,Lavandería
V000004,2025-06-24,C036,P005,14,1700,857.7,2500,23800,14507.8,9292.2,CABA,Gastronomía
V000005,2025-06-26,C078,P009,3,2600,1582.61,2500,7800,7247.83,552.17,CABA,Revendedor
V000006,2025-05-31,C080,P012,13,950,466.45,1200,12350,7263.85,5086.15,Norte,Minorista
V000007,2025-04-30,C013,P013,18,2600,1644.67,1800,46800,31404.06,15395.94,Oeste,Gastronomía
V000008,2025-07-01,C027,P009,5,3900,2466.34,3200,19500,15531.7,3968.3,Oeste,Mayorista
V000009,2025-08-25,C049,P009,15,1700,1159.88,0,25500,17398.2,8101.8,Oeste,Minorista
V000010,2025-06-11,C052,P009,5,1250,873.94,3200,6250,7569.7,-1319.7,Norte,Mayorista
V000011,2025-12-02,C064,P013,30,1100,597.93,1200,33000,19137.9,13862.1,Norte,Revendedor
V000012,2025-08-08,C075,P013,24,1250,899.2,1200,30000,22780.8,7219.2,Sur,Minorista
V000013,2025-01-25,C015,P005,11,2100,1308.59,2500,23100,16894.49,6205.51,Sur,Revendedor
V000014,2025-08-28,C068,P009,1,950,611.43,3200,950,3811.43,-2861.43,Norte,Gastronomía
V000015,2025-02-27,C038,P014,11,2600,1250.03,4500,28600,18250.33,10349.67,Norte,Revendedor
V000016,2025-04-02,C065,P004,20,3200,2003.69,1200,64000,41273.8,22726.2,Norte,Mayorista
V000017,2025-10-04,C068,P001,21,2600,1260.15,1800,54600,28263.15,26336.85,Norte,Mayorista
V000018,2025-01-30,C031,P019,6,950,622.87,0,5700,3737.22,1962.78,Oeste,Mayorista
V000019,2025-12-04,C061,P018,11,1450,879.63,3200,15950,12875.93,3074.07,Sur,Mayorista
V000020,2025-10-04,C026,P010,26,1700,994.74,3200,44200,29063.24,15136.76,Sur,Minorista
V000021,2025-05-07,C029,P003,22,850,528.01,1200,18700,12816.22,5883.78,Oeste,Minorista
V000022,2025-02-06,C008,P008,5,850,583.37,0,4250,2916.85,1333.15,Oeste,Gastronomía
V000023,2025-12-09,C063,P007,35,1100,718.97,3200,38500,28363.95,10136.05,Sur,Mayorista
V000024,2025-08-31,C053,P007,7,950,606.25,1800,6650,6043.75,606.25,Sur,Lavandería
V000025,2025-08-28,C007,P004,4,2100,1375.02,0,8400,5500.08,2899.92,Oeste,Mayorista
V000026,2025-04-08,C069,P015,9,2100,1100.48,2500,18900,12404.32,6495.68,Oeste,Minorista
V000027,2025-08-15,C071,P004,4,3200,2178.07,0,12800,8712.28,4087.72,Oeste,Mayorista
V000028,2025-07-28,C063,P016,14,2100,1462.83,1200,29400,21679.62,7720.38,Sur,Minorista
V000029,2025-07-19,C034,P015,19,2100,1359.08,4500,39900,30322.52,9577.48,Sur,Mayorista
V000030,2025-04-08,C038,P007,4,3900,2560.65,0,15600,10242.6,5357.4,Norte,Minorista
V000031,2025-01-26,C075,P016,33,3200,1656.91,3200,105600,57878.03,47721.97,CABA,Mayorista
V000032,2025-02-05,C077,P003,16,2100,1068.42,3200,33600,20294.72,13305.28,Oeste,Revendedor
V000033,2025-11-01,C006,P020,6,2100,1339.32,3200,12600,11235.92,1364.08,Norte,Gastronomía
V000034,2025-04-15,C041,P008,17,2100,1073.96,4500,35700,22757.32,12942.68,Norte,Lavandería
V000035,2025-06-11,C010,P001,30,3900,2806.55,0,117000,84196.5,32803.5,CABA,Revendedor
V000036,2025-04-20,C065,P009,9,1700,1175.39,1200,15300,11778.51,3521.49,Norte,Gastronomía
V000037,2025-03-22,C057,P018,20,3900,2792.89,4500,78000,60357.8,17642.2,CABA,Revendedor
V000038,2025-06-03,C014,P005,17,950,658.85,4500,16150,15700.45,449.55,Oeste,Gastronomía
V000039,2025-05-25,C078,P007,22,1250,806.25,1800,27500,19537.5,7962.5,Sur,Gastronomía
V000040,2025-01-27,C012,P014,18,850,408.72,1200,15300,8556.96,6743.04,Norte,Mayorista
V000041,2025-08-15,C071,P014,1,950,473.16,4500,950,4973.16,-4023.16,Oeste,Revendedor
V000042,2025-01-19,C048,P019,10,2100,1072.23,1800,21000,12522.3,8477.7,Norte,Minorista
V000043,2025-07-03,C027,P008,7,1700,1134.29,2500,11900,10440.03,1459.97,Oeste,Mayorista
V000044,2025-03-25,C023,P014,2,1100,722.45,1800,2200,3244.9,-1044.9,Sur,Mayorista
V000045,2025-05-17,C021,P004,25,850,583.15,1200,21250,15778.75,5471.25,Oeste,Lavandería
V000046,2025-06-29,C040,P008,15,850,542.65,2500,12750,10639.75,2110.25,Norte,Gastronomía
V000047,2025-02-05,C036,P012,33,2100,1350.48,3200,69300,47765.84,21534.16,Norte,Minorista
V000048,2025-03-01,C034,P006,17,850,430.11,2500,14450,9811.87,4638.13,Norte,Gastronomía
V000049,2025-08-12,C078,P017,8,2100,1461.35,1200,16800,12890.8,3909.2,Norte,Minorista
V000050,2025-12-29,C056,P001,34,3200,2063.51,4500,108800,74659.34,34140.66,Oeste,Gastronomía
V000051,2025-08-09,C009,P011,21,950,620.1,1800,19950,14822.1,5127.9,Norte,Lavandería
V000052,2025-06-17,C052,P010,9,1250,726.13,2500,11250,9035.17,2214.83,Oeste,Revendedor
V000053,2025-10-19,C039,P013,1,1450,795.85,2500,1450,3295.85,-1845.85,Norte,Lavandería
V000054,2025-08-15,C057,P007,33,2600,1743.29,4500,85800,62028.57,23771.43,Oeste,Minorista
V000055,2025-05-26,C066,P020,22,950,642.6,1200,20900,15337.2,5562.8,Norte,Mayorista
V000056,2025-04-12,C019,P001,3,1250,895.18,3200,3750,5885.54,-2135.54,CABA,Lavandería
V000057,2025-08-01,C074,P007,25,2600,1497.38,1200,65000,38634.5,26365.5,CABA,Minorista
V000058,2025-08-06,C029,P006,34,2600,1279.34,1200,88400,44697.56,43702.44,CABA,Lavandería
V000059,2025-03-10,C060,P017,21,2600,1630.3,4500,54600,38736.3,15863.7,Sur,Revendedor
V000060,2025-08-17,C021,P016,29,1450,957.62,4500,42050,32270.98,9779.02,Norte,Revendedor
V000061,2025-09-06,C031,P009,29,950,618.69,1200,27550,19142.01,8407.99,Norte,Gastronomía
V000062,2025-06-13,C070,P003,9,1100,589.05,4500,9900,9801.45,98.55,Oeste,Mayorista
V000063,2025-02-02,C054,P014,22,3200,1893.83,0,70400,41664.26,28735.74,Oeste,Lavandería
V000064,2025-07-19,C075,P001,25,2600,1251.68,1800,65000,33092.0,31908.0,Norte,Lavandería
V000065,2025-08-03,C069,P018,15,2600,1384.92,2500,39000,23273.8,15726.2,Sur,Minorista
V000066,2025-07-19,C044,P013,11,2600,1821.79,3200,28600,23239.69,5360.31,CABA,Lavandería
V000067,2025-10-31,C073,P001,6,2100,1076.39,2500,12600,8958.34,3641.66,Oeste,Minorista
V000068,2025-05-14,C049,P011,14,2600,1451.95,2500,36400,22827.3,13572.7,Norte,Lavandería
V000069,2025-05-10,C011,P016,2,3200,1576.0,1800,6400,4952.0,1448.0,Oeste,Minorista
V000070,2025-11-30,C006,P001,16,1250,851.77,3200,20000,16828.32,3171.68,Oeste,Mayorista
V000071,2025-03-06,C061,P004,14,2600,1684.47,1800,36400,25382.58,11017.42,Oeste,Revendedor
V000072,2025-11-07,C015,P006,20,950,587.94,1800,19000,13558.8,5441.2,Sur,Lavandería
V000073,2025-04-12,C010,P019,16,950,614.96,1800,15200,11639.36,3560.64,CABA,Revendedor
V000074,2025-01-22,C045,P018,28,1700,844.13,4500,47600,28135.64,19464.36,Norte,Minorista
V000075,2025-08-04,C063,P004,28,1700,1075.32,2500,47600,32608.96,14991.04,Oeste,Lavandería
V000076,2025-04-01,C067,P009,35,2600,1538.08,4500,91000,58332.8,32667.2,Norte,Gastronomía
V000077,2025-05-06,C012,P009,29,1250,825.14,3200,36250,27129.06,9120.94,Sur,Gastronomía
V000078,2025-01-15,C064,P011,12,2600,1380.36,1800,31200,18364.32,12835.68,Norte,Gastronomía
V000079,2025-11-02,C036,P018,1,3200,2264.11,0,3200,2264.11,935.89,Oeste,Lavandería
V000080,2025-09-08,C072,P008,31,2600,1527.66,0,80600,47357.46,33242.54,CABA,Gastronomía
V000081,2025-04-24,C052,P008,20,3900,2217.4,3200,78000,47548.0,30452.0,Norte,Lavandería
V000082,2025-10-09,C043,P012,30,1450,802.7,1200,43500,25281.0,18219.0,CABA,Mayorista
V000083,2025-06-11,C016,P018,12,1250,664.92,2500,15000,10479.04,4520.96,Norte,Revendedor
V000084,2025-09-26,C077,P010,7,1250,688.87,1800,8750,6622.09,2127.91,Oeste,Gastronomía
V000085,2025-01-08,C069,P005,18,850,606.76,3200,15300,14121.68,1178.32,Norte,Mayorista
V000086,2025-11-23,C063,P004,1,3900,2138.14,2500,3900,4638.14,-738.14,Sur,Gastronomía
V000087,2025-04-05,C007,P009,31,950,643.44,2500,29450,22446.64,7003.36,Sur,Minorista
V000088,2025-10-23,C007,P005,10,3900,2760.38,0,39000,27603.8,11396.2,Oeste,Minorista
V000089,2025-10-13,C054,P020,15,3200,1828.13,2500,48000,29921.95,18078.05,Norte,Revendedor
V000090,2025-08-08,C040,P019,4,3900,2770.66,0,15600,11082.64,4517.36,Oeste,Mayorista
V000091,2025-05-16,C011,P006,16,1100,673.73,1200,17600,11979.68,5620.32,CABA,Lavandería
V000092,2025-08-19,C077,P016,19,850,455.22,4500,16150,13149.18,3000.82,Norte,Lavandería
V000093,2025-02-06,C030,P009,13,2100,1065.85,1200,27300,15056.05,12243.95,Oeste,Gastronomía
V000094,2025-03-14,C010,P002,11,1450,903.08,3200,15950,13133.88,2816.12,Norte,Lavandería
V000095,2025-03-05,C060,P010,26,1450,870.16,2500,37700,25124.16,12575.84,Sur,Minorista
V000096,2025-11-03,C006,P014,21,3900,2106.34,0,81900,44233.14,37666.86,Oeste,Revendedor
V000097,2025-10-28,C003,P009,3,1100,652.21,4500,3300,6456.63,-3156.63,Sur,Gastronomía
V000098,2025-04-03,C075,P014,32,950,563.16,2500,30400,20521.12,9878.88,Norte,Gastronomía
V000099,2025-12-10,C014,P006,22,2100,1357.61,1800,46200,31667.42,14532.58,Sur,Revendedor
V000100,2025-01-19,C059,P003,21,1450,808.5,2500,30450,19478.5,10971.5,CABA,Revendedor
V000101,2025-08-25,C053,P002,13,3200,1813.85,2500,41600,26080.05,15519.95,Sur,Minorista
V000102,2025-04-15,C035,P018,9,1450,848.46,4500,13050,12136.14,913.86,Sur,Minorista
V000103,2025-01-15,C078,P008,11,1450,887.69,3200,15950,12964.59,2985.41,Sur,Minorista
V000104,2025-04-26,C015,P015,8,1100,659.57,4500,8800,9776.56,-976.56,Norte,Revendedor
V000105,2025-12-28,C035,P014,31,2600,1400.09,3200,80600,46602.79,33997.21,Oeste,Lavandería
V000106,2025-04-08,C077,P017,9,950,518.98,2500,8550,7170.82,1379.18,Norte,Revendedor
V000107,2025-05-17,C001,P010,20,3900,2414.81,4500,78000,52796.2,25203.8,Sur,Mayorista
V000108,2025-08-17,C069,P016,23,1700,1041.18,3200,39100,27147.14,11952.86,Sur,Lavandería
V000109,2025-06-14,C025,P008,25,1250,856.8,2500,31250,23920.0,7330.0,CABA,Gastronomía
V000110,2025-08-31,C049,P013,10,2600,1850.05,1200,26000,19700.5,6299.5,Norte,Minorista
V000111,2025-08-14,C013,P017,30,850,555.38,2500,25500,19161.4,6338.6,Oeste,Minorista
V000112,2025-08-29,C034,P011,26,950,650.2,4500,24700,21405.2,3294.8,Sur,Gastronomía
V000113,2025-11-17,C063,P018,3,3900,1936.04,4500,11700,10308.12,1391.88,Norte,Mayorista
V000114,2025-02-16,C056,P004,7,2600,1351.81,1800,18200,11262.67,6937.33,CABA,Minorista
V000115,2025-06-16,C008,P010,23,1700,991.72,1200,39100,24009.56,15090.44,Sur,Revendedor
V000116,2025-12-16,C024,P006,12,950,594.96,2500,11400,9639.52,1760.48,Oeste,Lavandería
V000117,2025-10-26,C019,P008,30,1450,855.93,4500,43500,30177.9,13322.1,CABA,Lavandería
V000118,2025-05-28,C070,P006,5,2600,1837.83,3200,13000,12389.15,610.85,Norte,Lavandería
V000119,2025-12-20,C033,P015,20,1250,899.81,2500,25000,20496.2,4503.8,CABA,Mayorista
V000120,2025-07-15,C074,P012,19,1450,703.63,4500,27550,17868.97,9681.03,Sur,Gastronomía
V000121,2025-01-05,C073,P002,32,1450,965.96,1200,46400,32110.72,14289.28,Norte,Mayorista
V000122,2025-11-22,C025,P020,17,1100,693.86,4500,18700,16295.62,2404.38,CABA,Gastronomía
V000123,2025-08-14,C005,P019,24,1100,551.8,1800,26400,15043.2,11356.8,Norte,Lavandería
V000124,2025-03-31,C026,P005,35,1700,1032.59,1800,59500,37940.65,21559.35,Oeste,Gastronomía
V000125,2025-09-04,C038,P011,8,2600,1848.85,1200,20800,15990.8,4809.2,Oeste,Lavandería
V000126,2025-10-13,C047,P003,26,850,461.95,0,22100,12010.7,10089.3,Sur,Gastronomía
V000127,2025-12-11,C034,P019,25,1700,860.21,1200,42500,22705.25,19794.75,Sur,Minorista
V000128,2025-11-14,C072,P011,15,950,600.87,2500,14250,11513.05,2736.95,Norte,Lavandería
V000129,2025-03-01,C018,P002,3,1450,1042.58,0,4350,3127.74,1222.26,CABA,Mayorista
V000130,2025-10-03,C018,P013,30,1700,1089.56,4500,51000,37186.8,13813.2,Sur,Revendedor
V000131,2025-03-21,C054,P004,32,3900,2254.0,1800,124800,73928.0,50872.0,CABA,Gastronomía
V000132,2025-04-22,C057,P015,16,1700,856.54,4500,27200,18204.64,8995.36,Norte,Revendedor
V000133,2025-11-27,C046,P002,26,1450,762.05,0,37700,19813.3,17886.7,Sur,Minorista
V000134,2025-12-06,C028,P020,2,850,568.51,1200,1700,2337.02,-637.02,Oeste,Revendedor
V000135,2025-04-16,C009,P018,14,3900,2074.13,1200,54600,30237.82,24362.18,Norte,Mayorista
V000136,2025-11-02,C001,P009,10,1100,670.62,1200,11000,7906.2,3093.8,CABA,Minorista
V000137,2025-03-09,C002,P012,16,3900,2175.05,1200,62400,36000.8,26399.2,Norte,Minorista
V000138,2025-03-06,C054,P017,8,950,564.58,1800,7600,6316.64,1283.36,CABA,Lavandería
V000139,2025-09-15,C029,P020,3,3200,1767.65,4500,9600,9802.95,-202.95,CABA,Minorista
V000140,2025-09-03,C052,P014,7,2600,1692.54,2500,18200,14347.78,3852.22,CABA,Minorista
V000141,2025-06-14,C078,P005,5,1100,600.6,4500,5500,7503.0,-2003.0,Norte,Lavandería
V000142,2025-11-02,C068,P010,30,3200,2000.97,0,96000,60029.1,35970.9,CABA,Revendedor
V000143,2025-04-21,C056,P015,15,2100,1178.82,2500,31500,20182.3,11317.7,Sur,Lavandería
V000144,2025-02-18,C041,P014,21,1450,826.26,1200,30450,18551.46,11898.54,Sur,Minorista
V000145,2025-02-16,C011,P003,28,950,625.77,1800,26600,19321.56,7278.44,Oeste,Revendedor
V000146,2025-01-31,C076,P018,22,950,549.66,4500,20900,16592.52,4307.48,Sur,Minorista
V000147,2025-05-28,C077,P010,23,950,587.77,1200,21850,14718.71,7131.29,Oeste,Lavandería
V000148,2025-04-25,C014,P012,24,950,629.87,3200,22800,18316.88,4483.12,Oeste,Lavandería
V000149,2025-10-15,C080,P020,2,3900,2741.62,4500,7800,9983.24,-2183.24,Norte,Minorista
V000150,2025-04-03,C035,P010,22,1700,818.49,1200,37400,19206.78,18193.22,Sur,Minorista
V000151,2025-03-14,C004,P003,34,1250,712.86,2500,42500,26737.24,15762.76,Norte,Mayorista
V000152,2025-07-09,C040,P011,6,850,439.74,3200,5100,5838.44,-738.44,CABA,Minorista
V000153,2025-05-20,C057,P014,32,3900,2285.75,1800,124800,74944.0,49856.0,Oeste,Revendedor
V000154,2025-02-28,C045,P014,8,1450,932.02,3200,11600,10656.16,943.84,Sur,Revendedor
V000155,2025-12-08,C040,P002,15,2100,1504.16,0,31500,22562.4,8937.6,CABA,Mayorista
V000156,2025-06-04,C028,P005,17,1450,810.19,0,24650,13773.23,10876.77,Sur,Lavandería
V000157,2025-03-31,C017,P013,35,1250,750.08,4500,43750,30752.8,12997.2,Norte,Minorista
V000158,2025-07-23,C006,P014,2,2600,1822.81,1800,5200,5445.62,-245.62,Sur,Revendedor
V000159,2025-07-27,C054,P010,8,2100,1018.51,1800,16800,9948.08,6851.92,Oeste,Revendedor
V000160,2025-08-24,C047,P003,28,950,511.48,3200,26600,17521.44,9078.56,Sur,Revendedor
V000161,2025-02-10,C051,P010,22,1250,699.92,1200,27500,16598.24,10901.76,CABA,Revendedor
V000162,2025-11-21,C015,P017,33,1250,871.78,1800,41250,30568.74,10681.26,Norte,Mayorista
V000163,2025-05-01,C014,P005,17,1250,652.05,1200,21250,12284.85,8965.15,CABA,Mayorista
V000164,2025-11-18,C064,P015,29,3900,2473.84,3200,113100,74941.36,38158.64,Norte,Gastronomía
V000165,2025-03-19,C057,P003,31,2600,1641.98,1800,80600,52701.38,27898.62,CABA,Gastronomía
V000166,2025-09-17,C010,P010,30,2600,1271.47,1800,78000,39944.1,38055.9,Norte,Minorista
V000167,2025-11-27,C012,P020,33,2100,1241.21,3200,69300,44159.93,25140.07,CABA,Lavandería
V000168,2025-10-20,C025,P011,31,3200,1651.86,0,99200,51207.66,47992.34,Sur,Minorista
V000169,2025-06-25,C011,P017,12,850,458.54,2500,10200,8002.48,2197.52,Sur,Revendedor
V000170,2025-09-25,C079,P006,24,1700,1190.52,2500,40800,31072.48,9727.52,Sur,Gastronomía
V000171,2025-12-14,C077,P002,22,950,531.17,3200,20900,14885.74,6014.26,Sur,Gastronomía
V000172,2025-05-10,C078,P005,22,950,588.86,1200,20900,14154.92,6745.08,Norte,Gastronomía
V000173,2025-12-02,C051,P005,6,1450,890.5,4500,8700,9843.0,-1143.0,Norte,Mayorista
V000174,2025-12-10,C068,P003,28,3200,1813.88,1800,89600,52588.64,37011.36,Norte,Mayorista
V000175,2025-04-20,C044,P016,13,1250,899.99,1200,16250,12899.87,3350.13,CABA,Gastronomía
V000176,2025-02-21,C065,P018,34,850,543.03,3200,28900,21663.02,7236.98,Oeste,Revendedor
V000177,2025-07-12,C020,P006,12,3900,2629.26,1200,46800,32751.12,14048.88,Sur,Minorista
V000178,2025-07-30,C047,P008,29,3900,2138.69,4500,113100,66522.01,46577.99,Sur,Mayorista
V000179,2025-10-01,C031,P010,31,1250,710.35,3200,38750,25220.85,13529.15,Sur,Lavandería
V000180,2025-05-25,C049,P017,34,2100,1495.0,1200,71400,52030.0,19370.0,Oeste,Gastronomía
V000181,2025-01-27,C062,P012,7,3200,2189.7,1800,22400,17127.9,5272.1,CABA,Mayorista
V000182,2025-05-20,C058,P017,10,2100,1054.22,1200,21000,11742.2,9257.8,Sur,Gastronomía
V000183,2025-01-14,C054,P002,26,3200,1823.2,2500,83200,49903.2,33296.8,CABA,Gastronomía
V000184,2025-04-25,C004,P011,7,1700,1138.88,1200,11900,9172.16,2727.84,CABA,Gastronomía
V000185,2025-08-30,C018,P016,29,3900,1876.92,0,113100,54430.68,58669.32,CABA,Gastronomía
V000186,2025-04-21,C020,P018,34,2100,1064.04,1800,71400,37977.36,33422.64,Oeste,Gastronomía
V000187,2025-03-04,C007,P008,27,3900,2299.86,0,105300,62096.22,43203.78,Sur,Revendedor
V000188,2025-10-02,C003,P017,16,1100,604.9,0,17600,9678.4,7921.6,Norte,Mayorista
V000189,2025-10-20,C054,P006,6,3200,2284.53,0,19200,13707.18,5492.82,CABA,Lavandería
V000190,2025-08-29,C006,P013,24,1450,956.07,1800,34800,24745.68,10054.32,CABA,Gastronomía
V000191,2025-05-04,C014,P019,22,1100,539.7,3200,24200,15073.4,9126.6,Norte,Mayorista
V000192,2025-12-17,C060,P016,12,1100,544.66,2500,13200,9035.92,4164.08,CABA,Gastronomía
V000193,2025-04-14,C006,P007,3,1700,1196.82,3200,5100,6790.46,-1690.46,Sur,Revendedor
V000194,2025-08-31,C033,P002,13,1450,820.23,0,18850,10662.99,8187.01,Norte,Gastronomía
V000195,2025-03-05,C048,P014,26,2600,1806.25,2500,67600,49462.5,18137.5,Norte,Mayorista
V000196,2025-09-12,C064,P012,34,1450,974.8,4500,49300,37643.2,11656.8,Sur,Minorista
V000197,2025-08-09,C078,P006,35,1450,807.78,0,50750,28272.3,22477.7,Norte,Gastronomía
V000198,2025-06-06,C058,P020,28,1100,710.1,1800,30800,21682.8,9117.2,Sur,Minorista
V000199,2025-06-30,C079,P014,18,850,423.31,4500,15300,12119.58,3180.42,Sur,Gastronomía
V000200,2025-09-20,C021,P001,10,3900,2506.69,2500,39000,27566.9,11433.1,CABA,Mayorista
V000201,2025-02-04,C031,P012,24,2100,1486.53,0,50400,35676.72,14723.28,Oeste,Lavandería
V000202,2025-07-09,C048,P015,5,3900,2000.88,1800,19500,11804.4,7695.6,Sur,Gastronomía
V000203,2025-11-29,C036,P008,8,850,558.08,2500,6800,6964.64,-164.64,Sur,Revendedor
V000204,2025-03-02,C034,P009,29,1250,898.91,1800,36250,27868.39,8381.61,Sur,Mayorista
V000205,2025-03-04,C018,P003,29,1100,765.25,2500,31900,24692.25,7207.75,CABA,Gastronomía
V000206,2025-12-08,C045,P003,35,1450,1006.18,1200,50750,36416.3,14333.7,Oeste,Gastronomía
V000207,2025-09-18,C029,P004,13,1100,590.5,2500,14300,10176.5,4123.5,CABA,Gastronomía
V000208,2025-10-11,C074,P012,30,3200,1635.66,0,96000,49069.8,46930.2,CABA,Gastronomía
V000209,2025-07-23,C062,P017,27,2100,1422.96,0,56700,38419.92,18280.08,Oeste,Gastronomía
V000210,2025-11-25,C010,P015,30,3200,1800.59,3200,96000,57217.7,38782.3,Oeste,Mayorista
V000211,2025-08-10,C065,P002,8,3200,1653.52,1200,25600,14428.16,11171.84,Oeste,Gastronomía
V000212,2025-12-30,C029,P012,34,1450,990.38,1800,49300,35472.92,13827.08,Oeste,Revendedor
V000213,2025-05-21,C017,P010,35,950,570.59,1200,33250,21170.65,12079.35,Oeste,Mayorista
V000214,2025-12-04,C080,P020,22,3900,1910.56,0,85800,42032.32,43767.68,CABA,Minorista
V000215,2025-11-25,C074,P009,14,3900,2261.93,4500,54600,36167.02,18432.98,CABA,Lavandería
V000216,2025-11-18,C070,P010,20,2600,1400.8,4500,52000,32516.0,19484.0,Sur,Gastronomía
V000217,2025-08-21,C010,P002,11,2600,1507.35,2500,28600,19080.85,9519.15,Oeste,Gastronomía
V000218,2025-11-07,C019,P011,21,1700,1213.95,1200,35700,26692.95,9007.05,Norte,Revendedor
V000219,2025-10-15,C014,P011,16,2600,1324.45,2500,41600,23691.2,17908.8,Oeste,Mayorista
V000220,2025-02-19,C007,P010,25,3900,2263.37,1200,97500,57784.25,39715.75,Norte,Revendedor
V000221,2025-06-10,C025,P006,32,3200,1894.51,1800,102400,62424.32,39975.68,Sur,Minorista
V000222,2025-02-16,C051,P017,30,1250,664.54,1800,37500,21736.2,15763.8,CABA,Minorista
V000223,2025-05-25,C064,P020,31,1450,882.77,0,44950,27365.87,17584.13,Sur,Mayorista
V000224,2025-05-16,C047,P013,24,850,489.72,3200,20400,14953.28,5446.72,Oeste,Gastronomía
V000225,2025-10-11,C037,P003,25,3200,1881.87,3200,80000,50246.75,29753.25,Norte,Revendedor
V000226,2025-12-15,C079,P004,9,950,545.81,1800,8550,6712.29,1837.71,Norte,Mayorista
V000227,2025-04-12,C078,P017,26,3200,1566.92,0,83200,40739.92,42460.08,Oeste,Gastronomía
V000228,2025-08-31,C067,P015,10,3900,2707.97,1200,39000,28279.7,10720.3,Norte,Revendedor
V000229,2025-06-13,C021,P013,20,3900,2186.85,3200,78000,46937.0,31063.0,Sur,Revendedor
V000230,2025-06-03,C061,P001,24,1700,1090.91,2500,40800,28681.84,12118.16,Norte,Minorista
V000231,2025-11-02,C061,P009,15,850,527.04,1200,12750,9105.6,3644.4,Sur,Mayorista
V000232,2025-12-15,C032,P002,8,1250,605.68,1800,10000,6645.44,3354.56,Sur,Mayorista
V000233,2025-07-31,C027,P014,33,3900,2733.61,4500,128700,94709.13,33990.87,CABA,Mayorista
V000234,2025-09-23,C027,P018,21,2600,1575.9,1800,54600,34893.9,19706.1,Oeste,Lavandería
V000235,2025-09-30,C044,P018,23,1450,908.31,1200,33350,22091.13,11258.87,Oeste,Gastronomía
V000236,2025-10-13,C039,P008,20,1450,941.31,4500,29000,23326.2,5673.8,Sur,Gastronomía
V000237,2025-09-03,C045,P018,18,1450,738.41,4500,26100,17791.38,8308.62,Sur,Lavandería
V000238,2025-06-26,C019,P010,3,1450,1028.45,0,4350,3085.35,1264.65,Norte,Lavandería
V000239,2025-12-02,C033,P016,14,1250,848.39,1800,17500,13677.46,3822.54,Norte,Mayorista
V000240,2025-02-25,C079,P019,16,1250,615.23,3200,20000,13043.68,6956.32,Oeste,Mayorista
V000241,2025-01-27,C013,P014,22,2600,1310.74,1200,57200,30036.28,27163.72,CABA,Revendedor
V000242,2025-03-22,C053,P016,31,1250,826.77,1800,38750,27429.87,11320.13,Norte,Gastronomía
V000243,2025-11-27,C008,P003,15,3200,2103.31,0,48000,31549.65,16450.35,Oeste,Lavandería
V000244,2025-04-01,C005,P013,32,1100,775.26,1800,35200,26608.32,8591.68,CABA,Minorista
V000245,2025-06-02,C073,P020,7,1700,932.1,4500,11900,11024.7,875.3,Sur,Mayorista
V000246,2025-09-16,C060,P009,13,950,531.4,4500,12350,11408.2,941.8,Sur,Gastronomía
V000247,2025-04-06,C002,P011,19,3900,2503.24,1200,74100,48761.56,25338.44,Oeste,Revendedor
V000248,2025-11-24,C052,P014,33,1700,851.39,4500,56100,32595.87,23504.13,CABA,Mayorista
V000249,2025-03-13,C062,P011,16,850,461.2,1200,13600,8579.2,5020.8,Sur,Gastronomía
V000250,2025-06-18,C039,P019,1,1450,923.48,4500,1450,5423.48,-3973.48,Oeste,Minorista
V000251,2025-12-08,C016,P015,20,1100,635.03,3200,22000,15900.6,6099.4,Norte,Minorista
V000252,2025-11-24,C038,P012,15,1250,887.21,2500,18750,15808.15,2941.85,Oeste,Lavandería
V000253,2025-11-07,C048,P014,31,3200,2151.93,1200,99200,67909.83,31290.17,Oeste,Revendedor
V000254,2025-02-11,C068,P015,34,1700,847.87,3200,57800,32027.58,25772.42,CABA,Minorista
V000255,2025-10-08,C065,P007,35,1100,571.44,3200,38500,23200.4,15299.6,Sur,Minorista
V000256,2025-12-15,C027,P019,32,950,660.95,2500,30400,23650.4,6749.6,CABA,Lavandería
V000257,2025-03-09,C066,P014,30,3900,1926.04,2500,117000,60281.2,56718.8,Norte,Minorista
V000258,2025-07-22,C033,P001,14,3900,1940.36,2500,54600,29665.04,24934.96,Norte,Minorista
V000259,2025-10-05,C008,P003,31,850,466.57,1200,26350,15663.67,10686.33,Oeste,Lavandería
V000260,2025-07-11,C049,P015,25,2100,1048.45,4500,52500,30711.25,21788.75,Oeste,Gastronomía
V000261,2025-03-02,C023,P018,26,3200,1633.8,1200,83200,43678.8,39521.2,CABA,Minorista
V000262,2025-06-02,C060,P018,28,3200,1827.28,1200,89600,52363.84,37236.16,Oeste,Lavandería
V000263,2025-06-27,C020,P009,13,950,463.35,4500,12350,10523.55,1826.45,Sur,Revendedor
V000264,2025-01-09,C031,P007,5,950,591.42,2500,4750,5457.1,-707.1,CABA,Mayorista
V000265,2025-01-23,C052,P015,15,3200,1702.86,0,48000,25542.9,22457.1,Oeste,Revendedor
V000266,2025-05-29,C030,P019,21,3900,2431.65,4500,81900,55564.65,26335.35,Norte,Mayorista
V000267,2025-06-04,C019,P017,15,2100,1159.45,0,31500,17391.75,14108.25,Oeste,Lavandería
V000268,2025-10-12,C064,P002,23,2100,1404.05,1800,48300,34093.15,14206.85,Sur,Lavandería
V000269,2025-03-18,C039,P013,12,3200,1899.66,1200,38400,23995.92,14404.08,Norte,Mayorista
V000270,2025-08-26,C008,P018,27,2100,1288.87,1200,56700,35999.49,20700.51,Sur,Mayorista
V000271,2025-05-11,C027,P011,6,2600,1776.61,0,15600,10659.66,4940.34,Oeste,Minorista
V000272,2025-05-18,C049,P020,3,950,498.9,3200,2850,4696.7,-1846.7,Oeste,Lavandería
V000273,2025-04-17,C043,P010,1,1250,881.15,4500,1250,5381.15,-4131.15,CABA,Lavandería
V000274,2025-05-05,C078,P007,26,1250,765.62,1800,32500,21706.12,10793.88,Sur,Lavandería
V000275,2025-10-01,C046,P010,17,1700,1025.23,2500,28900,19928.91,8971.09,Sur,Minorista
V000276,2025-08-29,C041,P007,24,1700,984.88,3200,40800,26837.12,13962.88,Oeste,Mayorista
V000277,2025-01-09,C034,P018,27,1450,749.04,1800,39150,22024.08,17125.92,Oeste,Lavandería
V000278,2025-10-19,C032,P016,22,1450,961.65,2500,31900,23656.3,8243.7,Sur,Lavandería
V000279,2025-03-28,C046,P006,9,3200,1911.03,3200,28800,20399.27,8400.73,CABA,Revendedor
V000280,2025-01-18,C010,P002,1,2100,1077.3,4500,2100,5577.3,-3477.3,Oeste,Minorista
V000281,2025-12-29,C020,P001,14,3200,1886.22,0,44800,26407.08,18392.92,Sur,Lavandería
V000282,2025-01-09,C001,P018,27,850,411.41,4500,22950,15608.07,7341.93,Norte,Revendedor
V000283,2025-05-27,C003,P017,28,1100,556.25,0,30800,15575.0,15225.0,Oeste,Mayorista
V000284,2025-04-09,C080,P017,17,1700,925.07,2500,28900,18226.19,10673.81,CABA,Gastronomía
V000285,2025-07-27,C059,P019,16,1250,689.99,0,20000,11039.84,8960.16,CABA,Minorista
V000286,2025-07-27,C049,P013,31,850,537.9,4500,26350,21174.9,5175.1,Oeste,Minorista
V000287,2025-09-13,C056,P011,7,3200,2241.91,1200,22400,16893.37,5506.63,Oeste,Revendedor
V000288,2025-09-01,C035,P002,5,1450,1008.96,3200,7250,8244.8,-994.8,CABA,Mayorista
V000289,2025-06-11,C003,P007,10,2100,1476.15,1800,21000,16561.5,4438.5,Oeste,Revendedor
V000290,2025-05-04,C073,P013,35,1700,972.61,4500,59500,38541.35,20958.65,Oeste,Minorista
V000291,2025-09-14,C045,P002,7,2100,1125.0,0,14700,7875.0,6825.0,Norte,Revendedor
V000292,2025-11-11,C077,P013,21,850,537.36,2500,17850,13784.56,4065.44,Sur,Mayorista
V000293,2025-07-02,C071,P013,28,1100,707.44,4500,30800,24308.32,6491.68,Sur,Minorista
V000294,2025-11-13,C038,P008,5,950,517.1,2500,4750,5085.5,-335.5,Oeste,Lavandería
V000295,2025-06-12,C047,P004,6,850,600.36,2500,5100,6102.16,-1002.16,Norte,Gastronomía
V000296,2025-02-22,C017,P003,12,2100,1234.22,3200,25200,18010.64,7189.36,Sur,Minorista
V000297,2025-01-14,C012,P012,6,3900,2431.77,1800,23400,16390.62,7009.38,Sur,Minorista
V000298,2025-05-30,C053,P013,6,3200,2231.2,1200,19200,14587.2,4612.8,Oeste,Lavandería
V000299,2025-03-28,C018,P009,20,1450,867.61,0,29000,17352.2,11647.8,Oeste,Lavandería
V000300,2025-05-22,C054,P010,31,950,538.34,1200,29450,17888.54,11561.46,Sur,Revendedor
V000301,2025-11-12,C026,P015,7,1100,608.43,2500,7700,6759.01,940.99,Norte,Revendedor
V000302,2025-07-14,C043,P015,22,2100,1419.0,4500,46200,35718.0,10482.0,Oeste,Gastronomía
V000303,2025-06-14,C078,P007,31,1700,888.48,2500,52700,30042.88,22657.12,Norte,Gastronomía
V000304,2025-12-22,C063,P019,16,1700,969.43,2500,27200,18010.88,9189.12,Norte,Minorista
V000305,2025-10-16,C026,P019,35,1100,707.97,3200,38500,27978.95,10521.05,CABA,Lavandería
V000306,2025-12-29,C027,P015,19,950,642.72,2500,18050,14711.68,3338.32,Sur,Mayorista
V000307,2025-11-21,C039,P008,17,1100,716.82,2500,18700,14685.94,4014.06,CABA,Lavandería
V000308,2025-11-03,C062,P019,26,3200,1925.08,4500,83200,54552.08,28647.92,Sur,Revendedor
V000309,2025-01-19,C047,P018,6,950,631.32,4500,5700,8287.92,-2587.92,Norte,Mayorista
V000310,2025-11-28,C079,P002,26,1700,1210.01,2500,44200,33960.26,10239.74,CABA,Minorista
V000311,2025-02-20,C034,P008,33,3200,1964.54,4500,105600,69329.82,36270.18,Oeste,Lavandería
V000312,2025-07-11,C051,P015,33,1100,619.07,0,36300,20429.31,15870.69,Sur,Minorista
V000313,2025-06-01,C054,P003,8,1100,619.96,1800,8800,6759.68,2040.32,Sur,Mayorista
V000314,2025-09-24,C062,P012,31,950,555.9,4500,29450,21732.9,7717.1,Sur,Gastronomía
V000315,2025-02-04,C039,P002,8,850,581.23,4500,6800,9149.84,-2349.84,CABA,Mayorista
V000316,2025-05-05,C067,P006,11,1700,1044.42,2500,18700,13988.62,4711.38,Oeste,Lavandería
V000317,2025-11-19,C024,P006,28,2100,1022.71,3200,58800,31835.88,26964.12,Oeste,Lavandería
V000318,2025-10-31,C055,P013,1,1250,661.74,4500,1250,5161.74,-3911.74,CABA,Revendedor
V000319,2025-02-22,C069,P006,24,1700,896.41,0,40800,21513.84,19286.16,Norte,Lavandería
V000320,2025-09-28,C041,P020,25,3900,2239.42,0,97500,55985.5,41514.5,Norte,Gastronomía
V000321,2025-08-23,C080,P006,20,3900,2424.4,4500,78000,52988.0,25012.0,Oeste,Gastronomía
V000322,2025-03-02,C031,P010,8,1100,626.55,1200,8800,6212.4,2587.6,Sur,Lavandería
V000323,2025-11-02,C018,P019,25,2100,1101.62,4500,52500,32040.5,20459.5,Oeste,Revendedor
V000324,2025-03-27,C063,P010,9,1100,611.05,2500,9900,7999.45,1900.55,CABA,Gastronomía
V000325,2025-01-05,C063,P005,13,2100,1493.77,3200,27300,22619.01,4680.99,Sur,Lavandería
V000326,2025-12-17,C063,P014,29,2600,1352.37,3200,75400,42418.73,32981.27,CABA,Mayorista
V000327,2025-05-30,C005,P009,15,3200,1757.7,2500,48000,28865.5,19134.5,Sur,Revendedor
V000328,2025-09-19,C015,P019,8,1450,965.74,1800,11600,9525.92,2074.08,CABA,Lavandería
V000329,2025-10-07,C028,P014,7,1250,689.31,0,8750,4825.17,3924.83,Sur,Gastronomía
V000330,2025-06-28,C012,P015,8,1250,662.96,4500,10000,9803.68,196.32,Norte,Revendedor
V000331,2025-11-20,C055,P006,9,1250,844.06,0,11250,7596.54,3653.46,Norte,Revendedor
V000332,2025-05-24,C077,P018,11,1700,1215.43,1800,18700,15169.73,3530.27,Norte,Revendedor
V000333,2025-05-17,C066,P004,9,2100,1471.06,1800,18900,15039.54,3860.46,Oeste,Mayorista
V000334,2025-05-08,C019,P011,16,2100,1254.69,3200,33600,23275.04,10324.96,Norte,Lavandería
V000335,2025-07-12,C058,P003,6,2100,1267.87,1800,12600,9407.22,3192.78,Norte,Lavandería
V000336,2025-09-07,C042,P019,1,950,622.65,2500,950,3122.65,-2172.65,Norte,Minorista
V000337,2025-10-01,C051,P007,28,1250,748.41,1800,35000,22755.48,12244.52,Norte,Gastronomía
V000338,2025-10-08,C074,P005,32,1700,1180.82,0,54400,37786.24,16613.76,CABA,Minorista
V000339,2025-11-17,C059,P001,8,1100,644.5,0,8800,5156.0,3644.0,Sur,Mayorista
V000340,2025-12-19,C017,P010,11,1450,728.48,1800,15950,9813.28,6136.72,Norte,Minorista
V000341,2025-07-10,C022,P002,26,1450,948.64,1200,37700,25864.64,11835.36,Sur,Minorista
V000342,2025-12-27,C013,P001,14,2600,1296.63,3200,36400,21352.82,15047.18,Oeste,Revendedor
V000343,2025-12-15,C057,P001,1,1700,1149.38,2500,1700,3649.38,-1949.38,Oeste,Lavandería
V000344,2025-02-06,C030,P013,6,950,479.53,1800,5700,4677.18,1022.82,Norte,Mayorista
V000345,2025-07-15,C018,P005,5,3200,1968.61,3200,16000,13043.05,2956.95,Oeste,Lavandería
V000346,2025-06-29,C028,P005,27,3900,2514.63,1200,105300,69095.01,36204.99,CABA,Minorista
V000347,2025-03-13,C016,P019,25,1700,1209.01,1800,42500,32025.25,10474.75, oeste ,Mayorista
V000348,2025-05-22,C011,P008,19,850,580.97,4500,16150,15538.43,611.57,Norte,Mayorista
V000349,2025-09-23,C078,P017,13,2100,1156.95,0,27300,15040.35,12259.65,Oeste,Lavandería
V000350,2025-07-17,C015,P008,32,3900,1938.47,0,124800,62031.04,62768.96,Norte,Gastronomía
V000351,2025-03-09,C050,P019,27,1700,1038.91,1200,45900,29250.57,16649.43,Sur,Minorista
V000352,2025-01-09,C076,P003,1,1450,771.08,0,1450,771.08,678.92,Sur,Revendedor
V000353,2025-05-27,C065,P014,28,2100,1049.54,3200,58800,32587.12,26212.88,Oeste,Gastronomía
V000354,2025-02-12,C040,P003,33,1250,892.29,1200,41250,30645.57,10604.43,Norte,Lavandería
V000355,2025-10-28,C009,P010,28,1250,617.37,0,35000,17286.36,17713.64,Sur,Minorista
V000356,2025-08-21,C079,P020,4,1450,927.8,4500,5800,8211.2,-2411.2,Oeste,Minorista
V000357,2025-01-07,C018,P001,11,2600,1842.68,3200,28600,23469.48,5130.52,Norte,Mayorista
V000358,2025-07-10,C017,P009,8,850,476.34,2500,6800,6310.72,489.28,Norte,Revendedor
V000359,2025-02-02,C034,P019,5,2600,1532.04,1800,13000,9460.2,3539.8,CABA,Lavandería
V000360,2025-10-18,C022,P012,11,1450,965.12,3200,15950,13816.32,2133.68,CABA,Mayorista
V000361,2025-09-18,C001,P002,1,1250,613.79,1800,1250,2413.79,-1163.79,Sur,Mayorista
V000362,2025-04-02,C005,P018,27,1250,696.54,2500,33750,21306.58,12443.42,Norte,Gastronomía
V000363,2025-02-09,C074,P012,8,3200,2053.11,0,25600,16424.88,9175.12,Oeste,Mayorista
V000364,2025-09-22,C006,P013,5,2600,1788.4,1800,13000,10742.0,2258.0,Norte,Minorista
V000365,2025-10-11,C059,P001,24,1250,687.48,1800,30000,18299.52,11700.48,Oeste,Lavandería
V000366,2025-07-08,C076,P016,13,3200,2120.05,1200,41600,28760.65,12839.35,Oeste,Minorista
V000367,2025-07-29,C004,P008,35,1700,1075.46,4500,59500,42141.1,17358.9,CABA,Gastronomía
V000368,2025-01-01,C049,P010,7,1250,758.94,1200,8750,6512.58,2237.42,Sur,Lavandería
V000369,2025-01-31,C019,P009,6,850,595.94,3200,5100,6775.64,-1675.64,Sur,Gastronomía
V000370,2025-08-23,C011,P019,7,3200,1638.54,2500,22400,13969.78,8430.22,CABA,Revendedor
V000371,2025-10-18,C008,P014,9,1250,687.5,1800,11250,7987.5,3262.5,Sur,Gastronomía
V000372,2025-06-12,C058,P009,15,950,671.13,1200,14250,11266.95,2983.05,CABA,Mayorista
V000373,2025-02-24,C022,P015,30,1700,981.86,3200,51000,32655.8,18344.2,Norte,Mayorista
V000374,2025-08-20,C040,P015,17,950,476.62,4500,16150,12602.54,3547.46,Norte,Revendedor
V000375,2025-01-21,C028,P011,10,950,618.14,1800,9500,7981.4,1518.6,Sur,Revendedor
V000376,2025-01-26,C039,P009,12,850,602.23,2500,10200,9726.76,473.24,Oeste,Minorista
V000377,2025-08-25,C014,P005,8,850,420.58,1200,6800,4564.64,2235.36,Oeste,Mayorista
V000378,2025-07-25,C048,P003,17,950,460.97,0,16150,7836.49,8313.51,Oeste,Lavandería
V000379,2025-03-07,C012,P011,8,850,600.23,0,6800,4801.84,1998.16,Oeste,Revendedor
V000380,2025-08-10,C051,P016,2,2100,1352.34,1200,4200,3904.68,295.32,Norte,Mayorista
V000381,2025-04-06,C036,P009,29,1100,537.15,3200,31900,18777.35,13122.65,Oeste,Gastronomía
V000382,2025-09-13,C053,P018,31,850,425.9,2500,26350,15702.9,10647.1,Oeste,Lavandería
V000383,2025-04-13,C068,P008,35,850,609.84,4500,29750,25844.4,3905.6,Norte,Lavandería
V000384,2025-10-06,C063,P012,33,1700,974.46,1200,56100,33357.18,22742.82,CABA,Gastronomía
V000385,2025-11-02,C029,P001,18,850,572.97,2500,15300,12813.46,2486.54,Norte,Revendedor
V000386,2025-04-30,C021,P004,16,1250,679.96,4500,20000,15379.36,4620.64,CABA,Mayorista
V000387,2025-10-22,C050,P012,12,1100,590.45,1800,13200,8885.4,4314.6,Norte,Revendedor
V000388,2025-01-15,C046,P019,10,3900,2759.67,2500,39000,30096.7,8903.3,Norte,Mayorista
V000389,2025-09-09,C005,P003,4,1250,780.5,0,5000,3122.0,1878.0,Sur,Minorista
V000390,2025-06-19,C079,P007,9,1700,1108.51,1800,15300,11776.59,3523.41,CABA,Minorista
V000391,2025-03-17,C076,P005,8,3200,2196.99,0,25600,17575.92,8024.08,Norte,Lavandería
V000392,2025-10-28,C013,P011,20,1700,871.67,1200,34000,18633.4,15366.6,Sur,Lavandería
V000393,2025-11-29,C041,P006,23,1250,799.66,1200,28750,19592.18,9157.82,Sur,Gastronomía
V000394,2025-12-19,C038,P005,12,850,601.55,3200,10200,10418.6,-218.6,Sur,Revendedor
V000395,2025-01-17,C024,P020,21,3900,2078.76,3200,81900,46853.96,35046.04,CABA,Lavandería
V000396,2025-03-14,C043,P003,16,1700,1216.81,1200,27200,20668.96,6531.04,CABA,Gastronomía
V000397,2025-08-17,C002,P009,14,1250,807.95,1800,17500,13111.3,4388.7,Norte,Minorista
V000398,2025-01-01,C007,P013,29,2100,1496.43,2500,60900,45896.47,15003.53,Sur,Lavandería
V000399,2025-06-29,C070,P013,7,2600,1740.17,3200,18200,15381.19,2818.81,Oeste,Mayorista
V000400,2025-08-20,C010,P002,19,850,473.02,0,16150,8987.38,7162.62,CABA,Gastronomía
V000401,2025-03-29,C049,P006,5,3200,2259.33,0,16000,11296.65,4703.35,Norte,Revendedor
V000402,2025-11-11,C062,P001,28,1100,688.33,2500,30800,21773.24,9026.76,Oeste,Minorista
V000403,2025-02-21,C043,P007,13,2100,1359.39,4500,27300,22172.07,5127.93,Norte,Gastronomía
V000404,2025-06-02,C031,P004,4,2100,1296.17,2500,8400,7684.68,715.32,Oeste,Minorista
V000405,2025-07-04,C001,P014,6,1450,982.72,4500,8700,10396.32,-1696.32,Sur,Mayorista
V000406,2025-02-19,C004,P007,11,1450,1036.02,2500,15950,13896.22,2053.78,CABA,Gastronomía
V000407,2025-07-23,C061,P016,17,950,602.35,2500,16150,12739.95,3410.05,Oeste,Gastronomía
V000408,2025-07-15,C048,P006,29,850,461.71,2500,24650,15889.59,8760.41,Norte,Mayorista
V000409,2025-05-18,C073,P002,10,950,475.54,1800,9500,6555.4,2944.6,Sur,Revendedor
V000410,2025-04-27,C071,P002,25,3200,1857.51,3200,80000,49637.75,30362.25,Sur,Revendedor
V000411,2025-05-01,C061,P010,6,2100,1463.0,4500,12600,13278.0,-678.0,CABA,Revendedor
V000412,2025-10-20,C067,P019,10,950,672.43,2500,9500,9224.3,275.7,Oeste,Mayorista
V000413,2025-04-19,C025,P005,3,2100,1047.5,4500,6300,7642.5,-1342.5,Sur,Mayorista
V000414,2025-11-18,C019,P020,17,1700,1187.61,0,28900,20189.37,8710.63,CABA,Lavandería
V000415,2025-10-12,C051,P018,21,1450,876.85,0,30450,18413.85,12036.15,Sur,Minorista
V000416,2025-08-01,C020,P005,7,950,584.29,0,6650,4090.03,2559.97,Norte,Revendedor
V000417,2025-06-26,C053,P009,25,2600,1604.94,2500,65000,42623.5,22376.5,CABA,Mayorista
V000418,2025-05-22,C052,P005,26,850,488.74,1800,22100,14507.24,7592.76,Oeste,Minorista
V000419,2025-09-01,C035,P012,2,1700,1149.49,1800,3400,4098.98,-698.98,Norte,Gastronomía
V000420,2025-09-09,C013,P008,9,1450,1035.03,2500,13050,11815.27,1234.73,Norte,Gastronomía
V000421,2025-08-02,C078,P003,13,2600,1379.91,2500,33800,20438.83,13361.17,Sur,Revendedor
V000422,2025-07-11,C008,P017,11,950,526.94,3200,10450,8996.34,1453.66,Sur,Mayorista
V000423,2025-09-26,C073,P001,12,1250,862.55,1200,15000,11550.6,3449.4,CABA,Mayorista
V000424,2025-01-17,C059,P002,24,1250,682.19,2500,30000,18872.56,11127.44,Sur,Minorista
V000425,2025-12-15,C004,P008,24,2600,1618.68,1200,62400,40048.32,22351.68,Sur,Revendedor
V000426,2025-10-10,C045,P012,11,1450,956.64,4500,15950,15023.04,926.96,CABA,Gastronomía
V000427,2025-01-15,C050,P002,11,3900,2601.92,1200,42900,29821.12,13078.88,Oeste,Mayorista
V000428,2025-12-13,C027,P009,27,3200,1551.4,4500,86400,46387.8,40012.2,CABA,Lavandería
V000429,2025-03-09,C023,P020,1,1250,675.72,1800,1250,2475.72,-1225.72,Norte,Lavandería
V000430,2025-07-12,C045,P015,17,1250,740.01,4500,21250,17080.17,4169.83,Sur,Revendedor
V000431,2025-02-22,C001,P017,24,3200,2033.16,3200,76800,51995.84,24804.16,Norte,Gastronomía
V000432,2025-12-17,C014,P016,5,1700,1219.25,4500,8500,10596.25,-2096.25,Norte,Gastronomía
V000433,2025-05-14,C039,P007,10,3200,2123.88,0,32000,21238.8,10761.2,Sur,Gastronomía
V000434,2025-12-15,C018,P001,32,1450,786.28,2500,46400,27660.96,18739.04,Sur,Lavandería
V000435,2025-01-19,C075,P019,13,1700,1112.43,1200,22100,15661.59,6438.41,Sur,Gastronomía
V000436,2025-09-17,C039,P006,12,1450,729.97,1200,17400,9959.64,7440.36,Norte,Revendedor
V000437,2025-04-04,C043,P003,15,1700,907.12,1800,25500,15406.8,10093.2,Sur,Gastronomía
V000438,2025-07-10,C034,P019,19,2600,1779.16,2500,49400,36304.04,13095.96,CABA,Revendedor
V000439,2025-10-25,C080,P003,31,1250,750.14,4500,38750,27754.34,10995.66,Sur,Revendedor
V000440,2025-06-02,C053,P002,10,1100,789.98,1800,11000,9699.8,1300.2,Sur,Revendedor
V000441,2025-08-23,C019,P011,12,950,567.17,4500,11400,11306.04,93.96,Oeste,Gastronomía
V000442,2025-11-21,C008,P001,29,1450,768.87,1200,42050,23497.23,18552.77,Oeste,Lavandería
V000443,2025-02-15,C017,P020,28,2100,1211.31,2500,58800,36416.68,22383.32,Sur,Minorista
V000444,2025-01-20,C069,P007,24,850,589.97,3200,20400,17359.28,3040.72,Oeste,Minorista
V000445,2025-12-13,C001,P008,15,1700,943.33,0,25500,14149.95,11350.05,Sur,Revendedor
V000446,2025-10-29,C040,P006,5,850,468.83,1800,4250,4144.15,105.85,Sur,Revendedor
V000447,2025-11-02,C068,P011,28,1100,618.48,2500,30800,19817.44,10982.56,Norte,Mayorista
V000448,2025-03-26,C052,P001,15,1250,818.15,1200,18750,13472.25,5277.75,Oeste,Minorista
V000449,2025-10-29,C065,P006,8,1700,1106.13,0,13600,8849.04,4750.96,Sur,Gastronomía
V000450,2025-10-01,C080,P002,4,950,605.01,0,3800,2420.04,1379.96,CABA,Minorista
V000451,2025-08-02,C057,P013,8,3200,1730.1,4500,25600,18340.8,7259.2,Oeste,Mayorista
V000452,2025-12-22,C002,P010,27,950,607.05,1800,25650,18190.35,7459.65,Oeste,Lavandería
V000453,2025-02-23,C066,P020,8,1450,735.68,0,11600,5885.44,5714.56,Sur,Mayorista
V000454,2025-11-08,C026,P009,34,1250,707.38,2500,42500,26550.92,15949.08,Norte,Mayorista
V000455,2025-01-21,C071,P016,14,2600,1454.3,0,36400,20360.2,16039.8,CABA,Minorista
V000456,2025-02-26,C074,P016,10,950,633.73,0,9500,6337.3,3162.7,CABA,Gastronomía
V000457,2025-11-26,C030,P015,19,1450,857.57,0,27550,16293.83,11256.17,Oeste,Minorista
V000458,2025-05-29,C047,P011,28,950,477.66,0,26600,13374.48,13225.52,CABA,Mayorista
V000459,2025-12-06,C022,P011,23,2600,1843.98,1800,59800,44211.54,15588.46,CABA,Gastronomía
V000460,2025-06-25,C024,P004,26,2100,1493.0,1800,54600,40618.0,13982.0,Sur,Lavandería
V000461,2025-08-04,C022,P004,9,850,608.24,1200,7650,6674.16,975.84,CABA,Lavandería
V000462,2025-10-30,C062,P019,29,1100,689.39,1800,31900,21792.31,10107.69,CABA,Mayorista
V000463,2025-09-05,C063,P004,27,2600,1276.69,1800,70200,36270.63,33929.37,Norte,Minorista
V000464,2025-12-27,C068,P019,15,1700,1027.79,4500,25500,19916.85,5583.15,CABA,Lavandería
V000465,2025-12-05,C032,P016,23,2100,1082.92,3200,48300,28107.16,20192.84,CABA,Minorista
V000466,2025-11-26,C021,P017,31,2600,1790.52,0,80600,55506.12,25093.88,Sur,Gastronomía
V000467,2025-05-04,C043,P009,4,3200,1707.04,4500,12800,11328.16,1471.84,Sur,Lavandería
V000468,2025-05-01,C011,P015,29,3900,2291.42,2500,113100,68951.18,44148.82,Sur,Gastronomía
V000469,2025-03-02,C064,P001,7,2100,1215.82,3200,14700,11710.74,2989.26,CABA,Minorista
V000470,2025-11-06,C080,P010,33,3200,1694.86,4500,105600,60430.38,45169.62,Sur,Gastronomía
V000471,2025-07-06,C007,P008,30,1700,1044.54,3200,51000,34536.2,16463.8,Sur,Gastronomía
V000472,2025-08-20,C015,P004,15,850,477.64,4500,12750,11664.6,1085.4,Norte,Revendedor
V000473,2025-09-25,C048,P004,3,1100,658.0,4500,3300,6474.0,-3174.0,Sur,Minorista
V000474,2025-05-11,C079,P007,13,950,668.09,2500,12350,11185.17,1164.83,Oeste,Lavandería
V000475,2025-04-08,C044,P004,27,850,597.03,4500,22950,20619.81,2330.19,CABA,Lavandería
V000476,2025-08-23,C076,P017,9,2600,1250.71,4500,23400,15756.39,7643.61,CABA,Revendedor
V000477,2025-08-10,C075,P016,33,1100,710.64,1200,36300,24651.12,11648.88,Oeste,Minorista
V000478,2025-07-18,C077,P020,21,3200,2212.91,2500,67200,48971.11,18228.89,Oeste,Gastronomía
V000479,2025-07-23,C044,P010,29,1100,564.48,3200,31900,19569.92,12330.08,Norte,Revendedor
V000480,2025-06-10,C071,P007,13,1250,787.25,1800,16250,12034.25,4215.75,Norte,Mayorista
V000481,2025-12-30,C023,P017,35,1700,1105.82,1800,59500,40503.7,18996.3,Sur,Revendedor
V000482,2025-10-20,C054,P018,19,2100,1415.39,3200,39900,30092.41,9807.59,CABA,Minorista
V000483,2025-07-15,C019,P002,4,1250,680.09,1200,5000,3920.36,1079.64,Norte,Gastronomía
V000484,2025-03-16,C008,P010,14,3200,1560.81,2500,44800,24351.34,20448.66,CABA,Revendedor
V000485,2025-12-12,C072,P008,25,1250,753.28,4500,31250,23332.0,7918.0,Norte,Minorista
V000486,2025-07-15,C050,P014,21,3200,1577.32,4500,67200,37623.72,29576.28,Norte,Mayorista
V000487,2025-11-14,C057,P008,24,3900,2383.63,3200,93600,60407.12,33192.88,Oeste,Mayorista
V000488,2025-05-31,C058,P006,5,1100,782.09,4500,5500,8410.45,-2910.45,CABA,Lavandería
V000489,2025-01-21,C055,P009,17,1100,570.49,1800,18700,11498.33,7201.67,CABA,Gastronomía
V000490,2025-08-27,C020,P002,10,1700,1059.53,4500,17000,15095.3,1904.7,Norte,Lavandería
V000491,2025-10-21,C071,P012,5,1700,1030.36,1200,8500,6351.8,2148.2,CABA,Revendedor
V000492,2025-03-23,C054,P018,35,2100,1054.34,1200,73500,38101.9,35398.1,Oeste,Gastronomía
V000493,2025-06-19,C047,P010,14,3900,2368.55,3200,54600,36359.7,18240.3,CABA,Minorista
V000494,2025-12-09,C045,P015,16,3900,2731.82,1200,62400,44909.12,17490.88,CABA,Gastronomía
V000495,2025-07-15,C015,P013,17,3200,2092.01,0,54400,35564.17,18835.83,Norte,Revendedor
V000496,2025-09-18,C058,P016,3,1450,1008.6,1200,4350,4225.8,124.2,Norte,Revendedor
V000497,2025-02-12,C013,P006,35,3200,1541.63,0,112000,53957.05,58042.95,Oeste,Mayorista
V000498,2025-12-17,C055,P004,14,3200,2172.48,4500,44800,34914.72,9885.28,Sur,Minorista
V000499,2025-12-18,C020,P001,30,1700,831.46,0,51000,24943.8,26056.2,CABA,Mayorista
V000500,2025-05-09,C072,P003,15,1450,837.86,2500,21750,15067.9,6682.1,Sur,Lavandería
V000501,2025-06-11,C003,P013,8,3200,1540.53,4500,25600,16824.24,8775.76,CABA,Revendedor
V000502,2025-01-24,C010,P012,33,950,522.08,4500,31350,21728.64,9621.36,Norte,Revendedor
V000503,2025-02-14,C037,P015,25,2100,1422.35,0,52500,35558.75,16941.25,Sur,Mayorista
V000504,2025-10-01,C029,P005,26,3200,1762.54,4500,83200,50326.04,32873.96,Oeste,Gastronomía
V000505,2025-12-13,C048,P001,10,950,465.52,3200,9500,7855.2,1644.8,Sur,Revendedor
V000506,2025-10-08,C011,P010,14,1700,902.39,4500,23800,17133.46,6666.54,Oeste,Mayorista
V000507,2025-04-05,C029,P020,17,1250,634.39,4500,21250,15284.63,5965.37,CABA,Revendedor
V000508,2025-08-25,C071,P003,19,950,513.16,1200,18050,10950.04,7099.96,Sur,Gastronomía
V000509,2025-07-02,C017,P008,7,1450,911.59,1200,10150,7581.13,2568.87,Norte,Lavandería
V000510,2025-08-19,C043,P020,20,3900,2014.64,3200,78000,43492.8,34507.2,Norte,Gastronomía
V000511,2025-08-08,C022,P001,21,1250,835.7,4500,26250,22049.7,4200.3,Sur,Gastronomía
V000512,2025-07-04,C018,P011,31,2600,1525.9,1800,80600,49102.9,31497.1,Sur,Revendedor
V000513,2025-02-25,C023,P020,6,1450,994.83,1200,8700,7168.98,1531.02,Oeste,Gastronomía
V000514,2025-11-17,C010,P003,2,3200,2021.09,3200,6400,7242.18,-842.18,Sur,Revendedor
V000515,2025-04-19,C005,P018,17,3200,2222.58,3200,54400,40983.86,13416.14,Sur,Mayorista
V000516,2025-07-07,C051,P008,19,1100,650.68,3200,20900,15562.92,5337.08,CABA,Lavandería
V000517,2025-07-06,C065,P001,16,3900,2512.38,3200,62400,43398.08,19001.92,Oeste,Lavandería
V000518,2025-03-23,C023,P019,10,2600,1834.05,0,26000,18340.5,7659.5,Oeste,Lavandería
V000519,2025-04-29,C009,P009,24,1250,612.84,1200,30000,15908.16,14091.84,Norte,Lavandería
V000520,2025-08-29,C059,P002,3,1700,858.12,3200,5100,5774.36,-674.36,Norte,Gastronomía
V000521,2025-10-24,C070,P019,12,2100,1337.45,1800,25200,17849.4,7350.6,CABA,REVENDEDOR
V000522,2025-05-09,C049,P008,34,2100,1185.86,1800,71400,42119.24,29280.76,Sur,Lavandería
V000523,2025-11-06,C001,P017,9,2600,1351.34,0,23400,12162.06,11237.94,Norte,Mayorista
V000524,2025-03-18,C024,P006,24,3900,2543.4,0,93600,61041.6,32558.4,Oeste,Lavandería
V000525,2025-06-19,C015,P016,31,2600,1379.48,1200,80600,43963.88,36636.12,Sur,Minorista
V000526,2025-05-05,C006,P005,11,1100,694.2,0,12100,7636.2,4463.8,Oeste,Minorista
V000527,2025-03-27,C034,P006,34,2100,1310.08,3200,71400,47742.72,23657.28,CABA,Gastronomía
V000528,2025-02-13,C028,P015,31,2600,1354.43,2500,80600,44487.33,36112.67,Oeste,Revendedor
V000529,2025-04-04,C080,P017,17,1100,719.19,1800,18700,14026.23,4673.77,Sur,Revendedor
V000530,2025-10-30,C009,P008,25,2100,1074.64,0,52500,26866.0,25634.0,Oeste,Revendedor
V000531,2025-09-16,C054,P005,7,1100,653.63,3200,7700,7775.41,-75.41,CABA,Revendedor
V000532,2025-09-15,C016,P003,31,1100,766.12,3200,34100,26949.72,7150.28,CABA,Lavandería
V000533,2025-09-25,C054,P012,3,3200,1865.44,2500,9600,8096.32,1503.68,Sur,Gastronomía
V000534,2025-10-29,C074,P004,28,1100,595.19,1200,30800,17865.32,12934.68,CABA,Gastronomía
V000535,2025-11-03,C070,P014,17,1250,601.64,4500,21250,14727.88,6522.12,CABA,Revendedor
V000536,2025-09-25,C016,P017,1,2100,1337.89,4500,2100,5837.89,-3737.89,Norte,Lavandería
V000537,2025-07-05,C014,P005,28,3900,2109.4,3200,109200,62263.2,46936.8,Sur,Revendedor
V000538,2025-07-07,C079,P009,26,1250,723.97,3200,32500,22023.22,10476.78,Sur,Mayorista
V000539,2025-07-09,C072,P018,31,1450,1040.0,3200,44950,35440.0,9510.0,Norte,Lavandería
V000540,2025-03-12,C016,P008,29,1100,554.47,3200,31900,19279.63,12620.37,Sur,Gastronomía
V000541,2025-10-09,C079,P002,11,2100,1494.14,0,23100,16435.54,6664.46,CABA,Mayorista
V000542,2025-08-30,C077,P014,6,950,515.98,1800,5700,4895.88,804.12,CABA,Revendedor
V000543,2025-01-20,C050,P013,34,1450,943.64,3200,49300,35283.76,14016.24,CABA,Mayorista
V000544,2025-11-24,C064,P015,1,1250,855.17,3200,1250,4055.17,-2805.17,Norte,Mayorista
V000545,2025-01-18,C077,P017,34,1250,784.56,4500,42500,31175.04,11324.96,CABA,Gastronomía
V000546,2025-05-03,C001,P006,6,1450,967.33,1800,8700,7603.98,1096.02,Sur,Lavandería
V000547,2025-10-28,C026,P017,1,950,665.57,3200,950,3865.57,-2915.57,Norte,Revendedor
V000548,2025-10-26,C045,P012,18,1250,781.91,1200,22500,15274.38,7225.62,Sur,Lavandería
V000549,2025-10-22,C001,P009,12,2100,1263.14,3200,25200,18357.68,6842.32,CABA,Revendedor
V000550,2025-05-31,C044,P004,33,1450,1000.89,3200,47850,36229.37,11620.63,Norte,Lavandería
V000551,2025-07-13,C073,P016,16,1700,1208.19,2500,27200,21831.04,5368.96,Sur,Revendedor
V000552,2025-01-15,C062,P004,17,950,543.25,1200,16150,10435.25,5714.75,Oeste,Gastronomía
V000553,2025-07-31,C046,P017,35,850,550.97,1800,29750,21083.95,8666.05,Oeste,Gastronomía
V000554,2025-02-17,C052,P011,5,3200,2251.31,2500,16000,13756.55,2243.45,Norte,Gastronomía
V000555,2025-04-22,C074,P009,12,1250,749.7,1200,15000,10196.4,4803.6,Oeste,Mayorista
V000556,2025-05-16,C027,P008,13,1250,850.9,1800,16250,12861.7,3388.3,Oeste,Minorista
V000557,2025-03-03,C011,P016,1,3200,2271.74,2500,3200,4771.74,-1571.74,Norte,Revendedor
V000558,2025-06-11,C064,P019,18,2600,1362.11,3200,46800,27717.98,19082.02,Norte,Lavandería
V000559,2025-04-24,C074,P005,4,3200,2149.84,2500,12800,11099.36,1700.64,CABA,Revendedor
V000560,2025-06-27,C051,P006,30,950,615.2,2500,28500,20956.0,7544.0,Norte,Minorista
V000561,2025-01-07,C027,P013,7,1700,963.53,1800,11900,8544.71,3355.29,Oeste,Revendedor
V000562,2025-05-15,C031,P009,31,3900,2193.14,1200,120900,69187.34,51712.66,Sur,Lavandería
V000563,2025-04-18,C054,P012,24,2100,1148.93,1200,50400,28774.32,21625.68,Oeste,Revendedor
V000564,2025-12-18,C030,P004,18,1250,766.6,2500,22500,16298.8,6201.2,Oeste,Mayorista
V000565,2025-03-18,C061,P001,12,2100,1259.8,4500,25200,19617.6,5582.4,Norte,Lavandería
V000566,2025-06-03,C033,P018,4,2100,1057.88,1200,8400,5431.52,2968.48,CABA,Mayorista
V000567,2025-05-11,C061,P004,29,1700,921.99,1800,49300,28537.71,20762.29,Norte,Gastronomía
V000568,2025-01-11,C053,P004,23,3900,2058.22,3200,89700,50539.06,39160.94,Oeste,Gastronomía
V000569,2025-07-01,C042,P017,32,2600,1803.13,2500,83200,60200.16,22999.84,Norte,Lavandería
V000570,2025-11-20,C019,P006,22,2100,1326.16,3200,46200,32375.52,13824.48,Sur,Minorista
V000571,2025-02-10,C021,P011,15,1700,945.29,1800,25500,15979.35,9520.65,Norte,Revendedor
V000572,2025-11-27,C051,P009,29,1700,1121.14,3200,49300,35713.06,13586.94,Sur,Lavandería
V000573,2025-03-27,C024,P001,9,1250,798.61,4500,11250,11687.49,-437.49,CABA,Mayorista
V000574,2025-03-27,C051,P004,7,950,669.59,2500,6650,7187.13,-537.13,CABA,Minorista
V000575,2025-07-23,C068,P003,7,1450,911.1,0,10150,6377.7,3772.3,Sur,Gastronomía
V000576,2025-04-28,C032,P010,29,1100,562.66,1200,31900,17517.14,14382.86,CABA,Minorista
V000577,2025-12-06,C046,P011,31,2600,1856.39,3200,80600,60748.09,19851.91,Norte,Revendedor
V000578,2025-08-16,C018,P018,12,3900,2431.34,4500,46800,33676.08,13123.92,Sur,Revendedor
V000579,2025-11-24,C069,P010,23,2600,1584.75,0,59800,36449.25,23350.75,Sur,Gastronomía
V000580,2025-07-07,C053,P009,10,1450,699.67,3200,14500,10196.7,4303.3,Oeste,Gastronomía
V000581,2025-05-27,C061,P018,1,2600,1838.9,2500,2600,4338.9,-1738.9,Norte,Minorista
V000582,2025-08-09,C038,P020,15,850,519.84,1200,12750,8997.6,3752.4,Sur,Revendedor
V000583,2025-08-12,C051,P008,11,2100,1425.53,1200,23100,16880.83,6219.17,Norte,Minorista
V000584,2025-08-05,C031,P017,18,1450,921.66,3200,26100,19789.88,6310.12,Norte,Lavandería
V000585,2025-04-07,C009,P006,9,1450,734.4,2500,13050,9109.6,3940.4,Sur,Gastronomía
V000586,2025-12-25,C080,P016,13,1700,823.91,0,22100,10710.83,11389.17,CABA,Mayorista
V000587,2025-02-22,C037,P009,9,2600,1701.71,1200,23400,16515.39,6884.61,CABA,Mayorista
V000588,2025-01-08,C064,P007,22,2100,1165.03,2500,46200,28130.66,18069.34,Norte,Lavandería
V000589,2025-12-23,C005,P011,6,1100,542.79,2500,6600,5756.74,843.26,CABA,Revendedor
V000590,2025-08-29,C024,P007,17,2100,1425.44,0,35700,24232.48,11467.52,Oeste,Lavandería
V000591,2025-08-15,C032,P002,13,2600,1706.84,0,33800,22188.92,11611.08,Oeste,Lavandería
V000592,2025-07-19,C040,P011,11,850,559.92,3200,9350,9359.12,-9.12,CABA,Gastronomía
V000593,2025-09-04,C039,P007,24,850,584.19,1200,20400,15220.56,5179.44,CABA,Mayorista
V000594,2025-11-21,C056,P011,1,1100,737.72,3200,1100,3937.72,-2837.72,CABA,Lavandería
V000595,2025-05-05,C002,P002,31,3900,2017.07,0,120900,62529.17,58370.83,Oeste,Mayorista
V000596,2025-09-13,C012,P020,22,850,420.19,4500,18700,13744.18,4955.82,Oeste,Revendedor
V000597,2025-02-24,C017,P016,15,1700,1216.52,4500,25500,22747.8,2752.2,Norte,Lavandería
V000598,2025-04-09,C003,P013,23,1100,594.18,0,25300,13666.14,11633.86,Sur,Lavandería
V000599,2025-10-14,C038,P018,32,1250,770.01,3200,40000,27840.32,12159.68,Norte,Gastronomía
V000600,2025-08-28,C036,P020,11,950,577.1,2500,10450,8848.1,1601.9,Norte,Gastronomía
V000601,2025-10-05,C047,P015,1,3200,1827.11,1200,3200,3027.11,172.89,CABA,Revendedor
V000602,2025-07-06,C080,P008,21,950,606.09,3200,19950,15927.89,4022.11,Sur,Mayorista
V000603,2025-09-26,C064,P018,10,3900,2137.01,2500,39000,23870.1,15129.9,Norte,Minorista
V000604,2025-02-19,C067,P003,3,1100,575.16,0,3300,1725.48,1574.52,Oeste,Minorista
V000605,2025-09-06,C025,P004,3,3900,2472.68,2500,11700,9918.04,1781.96,Sur,Revendedor
V000606,2025-11-16,C076,P009,4,1700,906.05,4500,6800,8124.2,-1324.2,CABA,Minorista
V000607,2025-04-17,C063,P003,30,850,481.63,4500,25500,18948.9,6551.1,Sur,Gastronomía
V000608,2025-12-29,C008,P020,18,3200,1567.22,0,57600,28209.96,29390.04,Norte,Minorista
V000609,2025-04-21,C067,P004,7,1250,759.5,1200,8750,6516.5,2233.5,Oeste,Revendedor
V000610,2025-12-03,C032,P019,12,3200,2111.38,2500,38400,27836.56,10563.44,CABA,Revendedor
V000611,2025-07-03,C059,P014,7,1100,737.21,3200,7700,8360.47,-660.47,Sur,Revendedor
V000612,2025-06-22,C021,P018,29,1700,1184.21,3200,49300,37542.09,11757.91,Norte,Gastronomía
V000613,2025-07-31,C056,P011,16,3900,2382.71,2500,62400,40623.36,21776.64,Norte,Gastronomía
V000614,2025-08-20,C058,P013,1,850,608.52,3200,850,3808.52,-2958.52,CABA,Revendedor
V000615,2025-03-11,C039,P001,20,1250,664.45,1800,25000,15089.0,9911.0,CABA,Gastronomía
V000616,2025-10-11,C066,P018,10,950,464.6,1800,9500,6446.0,3054.0,Oeste,Mayorista
V000617,2025-05-16,C047,P019,16,1250,676.87,1800,20000,12629.92,7370.08,CABA,Revendedor
V000618,2025-07-24,C073,P007,5,1700,1139.5,1200,8500,6897.5,1602.5,Sur,Revendedor
V000619,2025-02-18,C077,P010,3,3900,2229.13,0,11700,6687.39,5012.61,Norte,Gastronomía
V000620,2025-08-11,C054,P004,15,3900,2741.22,4500,58500,45618.3,12881.7,Sur,Minorista
V000621,2025-06-06,C068,P002,21,3200,1969.85,1800,67200,43166.85,24033.15,Oeste,Mayorista
V000622,2025-01-26,C051,P015,33,950,506.64,1800,31350,18519.12,12830.88,Sur,Mayorista
V000623,2025-03-09,C044,P003,31,3900,2569.61,3200,120900,82857.91,38042.09,Sur,Gastronomía
V000624,2025-02-13,C052,P017,28,1100,729.18,2500,30800,22917.04,7882.96,Oeste,Lavandería
V000625,2025-07-22,C074,P007,34,1250,672.69,1800,42500,24671.46,17828.54,Sur,Gastronomía
V000626,2025-12-17,C074,P003,8,2100,1221.46,1800,16800,11571.68,5228.32,Oeste,Gastronomía
V000627,2025-06-26,C077,P001,20,1100,788.74,3200,22000,18974.8,3025.2,Sur,Revendedor
V000628,2025-03-16,C057,P002,15,1250,805.61,1200,18750,13284.15,5465.85,CABA,Minorista
V000629,2025-01-28,C032,P020,10,1450,700.78,4500,14500,11507.8,2992.2,CABA,Gastronomía
V000630,2025-08-19,C061,P001,22,1250,822.0,1200,27500,19284.0,8216.0,Oeste,Revendedor
V000631,2025-09-25,C034,P018,31,3900,2555.21,1200,120900,80411.51,40488.49,CABA,Lavandería
V000632,2025-10-26,C068,P002,17,1100,543.87,1200,18700,10445.79,8254.21,Norte,Minorista
V000633,2025-08-27,C002,P003,25,1450,926.72,4500,36250,27668.0,8582.0,Norte,Minorista
V000634,2025-01-10,C038,P013,15,2100,1264.3,4500,31500,23464.5,8035.5,CABA,Gastronomía
V000635,2025-09-06,C077,P018,6,1100,580.5,2500,6600,5983.0,617.0,CABA,Minorista
V000636,2025-05-07,C068,P010,22,2600,1493.48,1200,57200,34056.56,23143.44,CABA,Gastronomía
V000637,2025-12-17,C046,P012,20,1250,898.8,3200,25000,21176.0,3824.0,Norte,Minorista
V000638,2025-11-17,C033,P013,2,3200,2264.92,1200,6400,5729.84,670.16,Oeste,Gastronomía
V000639,2025-07-21,C018,P003,25,3200,2273.75,3200,80000,60043.75,19956.25,Oeste,Lavandería
V000640,2025-05-04,C074,P005,28,1450,1012.59,1800,40600,30152.52,10447.48,Sur,Revendedor
V000641,2025-03-09,C027,P005,35,1250,858.78,1800,43750,31857.3,11892.7,Oeste,Lavandería
V000642,2025-03-16,C073,P006,21,950,583.07,4500,19950,16744.47,3205.53,CABA,Mayorista
V000643,2025-06-12,C019,P001,21,2100,1492.44,1800,44100,33141.24,10958.76,Sur,Gastronomía
V000644,2025-03-19,C025,P004,9,1100,534.92,3200,9900,8014.28,1885.72,Norte,Revendedor
V000645,2025-10-18,C079,P008,15,1250,806.21,1800,18750,13893.15,4856.85,CABA,Lavandería
V000646,2025-03-10,C065,P020,31,1700,891.06,2500,52700,30122.86,22577.14,Sur,Lavandería
V000647,2025-03-12,C021,P007,15,850,491.35,0,12750,7370.25,5379.75,Norte,Lavandería
V000648,2025-04-24,C026,P007,5,1100,772.76,2500,5500,6363.8,-863.8,Sur,Gastronomía
V000649,2025-08-23,C032,P014,26,850,532.02,2500,22100,16332.52,5767.48,Norte,Lavandería
V000650,2025-11-10,C074,P020,35,3200,2028.59,4500,112000,75500.65,36499.35,CABA,Revendedor
V000651,2025-02-25,C058,P015,3,1250,755.61,2500,3750,4766.83,-1016.83,CABA,Revendedor
V000652,2025-07-18,C067,P002,13,1450,848.96,1800,18850,12836.48,6013.52,Norte,Lavandería
V000653,2025-03-27,C055,P010,4,3200,2230.02,2500,12800,11420.08,1379.92,Sur,Minorista
V000654,2025-09-14,C015,P006,35,1100,631.77,1800,38500,23911.95,14588.05,Sur,Minorista
V000655,2025-04-02,C059,P019,13,2600,1304.27,1800,33800,18755.51,15044.49,Oeste,Minorista
V000656,2025-02-16,C015,P015,24,950,575.43,2500,22800,16310.32,6489.68,Oeste,Lavandería
V000657,2025-10-09,C049,P002,11,1700,1046.72,4500,18700,16013.92,2686.08,Oeste,Mayorista
V000658,2025-03-16,C023,P002,27,1450,803.71,2500,39150,24200.17,14949.83,Norte,Mayorista
V000659,2025-03-02,C017,P007,1,3900,2588.41,0,3900,2588.41,1311.59,Sur,Lavandería
V000660,2025-09-13,C070,P001,32,1250,665.06,4500,40000,25781.92,14218.08,Sur,Lavandería
V000661,2025-07-29,C057,P003,1,1250,864.65,1800,1250,2664.65,-1414.65,Oeste,Minorista
V000662,2025-04-05,C019,P002,23,850,437.66,0,19550,10066.18,9483.82,Norte,Gastronomía
V000663,2025-02-14,C007,P004,27,1100,570.59,1800,29700,17205.93,12494.07,Oeste,Lavandería
V000664,2025-10-24,C047,P002,6,1450,808.34,2500,8700,7350.04,1349.96,CABA,Lavandería
V000665,2025-10-09,C009,P010,31,1100,560.21,1800,34100,19166.51,14933.49,Norte,Revendedor
V000666,2025-07-31,C068,P007,14,3900,1926.46,3200,54600,30170.44,24429.56,CABA,Lavandería
V000667,2025-12-19,C078,P010,28,3900,2665.54,1800,109200,76435.12,32764.88,Norte,Mayorista
V000668,2025-11-11,C073,P016,34,2600,1555.32,1200,88400,54080.88,34319.12,Oeste,Gastronomía
V000669,2025-04-10,C001,P004,2,2600,1638.29,0,5200,3276.58,1923.42,Oeste,Revendedor
V000670,2025-08-01,C053,P002,22,1700,1044.65,4500,37400,27482.3,9917.7,Oeste,Minorista
V000671,2025-11-24,C026,P010,17,950,526.17,3200,16150,12144.89,4005.11,Norte,Minorista
V000672,2025-02-28,C043,P011,26,3900,2448.57,0,101400,63662.82,37737.18,Oeste,Mayorista
V000673,2025-06-19,C044,P016,31,850,539.71,2500,26350,19231.01,7118.99,Oeste,Lavandería
V000674,2025-10-02,C043,P015,27,850,578.36,1800,22950,17415.72,5534.28,Norte,Revendedor
V000675,2025-10-02,C003,P007,22,1700,843.01,1200,37400,19746.22,17653.78,Norte,Minorista
V000676,2025-06-23,C049,P018,11,3900,2438.92,1200,42900,28028.12,14871.88,CABA,Gastronomía
V000677,2025-12-28,C041,P002,18,2100,1051.75,1200,37800,20131.5,17668.5,Norte,Lavandería
V000678,2025-06-04,C028,P017,20,1100,557.63,0,22000,11152.6,10847.4,Oeste,Minorista
V000679,2025-08-16,C065,P001,31,3200,1654.33,1800,99200,53084.23,46115.77,Sur,Revendedor
V000680,2025-06-08,C042,P005,7,3200,2055.72,1200,22400,15590.04,6809.96,Oeste,Minorista
V000681,2025-08-24,C050,P017,8,850,471.44,0,6800,3771.52,3028.48,CABA,Gastronomía
V000682,2025-08-28,C006,P004,34,1450,703.82,1800,49300,25729.88,23570.12,Oeste,Gastronomía
V000683,2025-04-13,C025,P010,18,3200,1781.11,2500,57600,34559.98,23040.02,CABA,Gastronomía
V000684,2025-03-18,C021,P009,8,850,603.49,3200,6800,8027.92,-1227.92,CABA,Mayorista
V000685,2025-10-05,C045,P018,21,1450,745.26,4500,30450,20150.46,10299.54,Norte,Revendedor
V000686,2025-05-06,C022,P003,20,3900,2707.14,3200,78000,57342.8,20657.2,Sur,Minorista
V000687,2025-03-08,C004,P016,4,950,543.46,0,3800,2173.84,1626.16,Sur,Lavandería
V000688,2025-04-02,C077,P019,29,3900,2204.86,1800,113100,65740.94,47359.06,Oeste,Revendedor
V000689,2025-02-10,C060,P019,9,950,641.33,4500,8550,10271.97,-1721.97,Sur,Minorista
V000690,2025-08-22,C040,P015,31,1250,884.23,1200,38750,28611.13,10138.87,Norte,Gastronomía
V000691,2025-07-20,C024,P011,21,2600,1552.2,0,54600,32596.2,22003.8,Sur,Minorista
V000692,2025-06-29,C062,P015,11,1450,963.24,3200,15950,13795.64,2154.36,Oeste,Revendedor
V000693,2025-02-22,C052,P004,21,3200,2034.78,1800,67200,44530.38,22669.62,Sur,Lavandería
V000694,2025-10-30,C053,P008,16,3200,1658.13,2500,51200,29030.08,22169.92, sur ,Minorista
V000695,2025-06-24,C027,P019,28,2100,1293.87,1800,58800,38028.36,20771.64,Oeste,Mayorista
V000696,2025-12-06,C010,P019,32,950,591.01,2500,30400,21412.32,8987.68,Norte,Revendedor
V000697,2025-02-19,C057,P006,20,2100,1043.08,0,42000,20861.6,21138.4,Sur,Gastronomía
V000698,2025-09-11,C008,P003,14,1100,762.24,4500,15400,15171.36,228.64,CABA,Mayorista
V000699,2025-12-05,C020,P015,35,1450,831.71,3200,50750,32309.85,18440.15,Sur,Mayorista
V000700,2025-04-16,C041,P010,20,2100,1369.77,1800,42000,29195.4,12804.6,CABA,Revendedor
V000701,2025-01-05,C079,P017,26,1100,753.06,0,28600,19579.56,9020.44,Norte,Revendedor
V000702,2025-01-28,C001,P018,23,950,652.36,0,21850,15004.28,6845.72,Oeste,Lavandería
V000703,2025-12-26,C076,P013,21,2100,1212.64,2500,44100,27965.44,16134.56,Oeste,Mayorista
V000704,2025-09-01,C018,P007,25,1700,1158.7,1200,42500,30167.5,12332.5,Norte,Mayorista
V000705,2025-03-10,C002,P003,2,1100,718.43,2500,2200,3936.86,-1736.86,Sur,Mayorista
V000706,2025-02-13,C018,P014,30,3900,2742.77,3200,117000,85483.1,31516.9,Oeste,Lavandería
V000707,2025-09-18,C055,P018,29,2100,1187.07,1200,60900,35625.03,25274.97,Sur,Revendedor
V000708,2025-01-04,C074,P016,16,3200,1742.78,3200,51200,31084.48,20115.52,Norte,Minorista
V000709,2025-01-20,C073,P016,24,950,588.3,4500,22800,18619.2,4180.8,CABA,Mayorista
V000710,2025-09-27,C036,P015,34,950,575.33,3200,32300,22761.22,9538.78,CABA,Mayorista
V000711,2025-08-30,C010,P018,20,3900,1921.4,1800,78000,40228.0,37772.0,CABA,Lavandería
V000712,2025-08-21,C066,P016,22,2100,1185.87,1800,46200,27889.14,18310.86,Norte,Mayorista
V000713,2025-01-19,C077,P010,17,850,536.38,3200,14450,12318.46,2131.54,Oeste,Revendedor
V000714,2025-01-27,C038,P020,2,1450,864.7,1200,2900,2929.4,-29.4,CABA,Gastronomía
V000715,2025-05-10,C017,P020,18,1450,994.53,0,26100,17901.54,8198.46,CABA,Revendedor
V000716,2025-03-31,C076,P005,29,1700,1145.6,1800,49300,35022.4,14277.6,Oeste,Lavandería
V000717,2025-04-03,C068,P002,22,950,676.55,3200,20900,18084.1,2815.9,Oeste,Lavandería
V000718,2025-07-31,C050,P008,29,1100,583.67,4500,31900,21426.43,10473.57,Norte,Minorista
V000719,2025-11-25,C034,P004,4,1100,650.5,2500,4400,5102.0,-702.0,Norte,Lavandería
V000720,2025-09-30,C030,P013,25,2600,1411.88,3200,65000,38497.0,26503.0,Sur,Minorista
V000721,2025-05-28,C058,P013,21,3200,2060.45,0,67200,43269.45,23930.55,CABA,Revendedor
V000722,2025-11-23,C046,P014,18,1700,926.29,0,30600,16673.22,13926.78,Norte,Revendedor
V000723,2025-07-20,C060,P008,13,3200,1795.13,4500,41600,27836.69,13763.31,Oeste,Gastronomía
V000724,2025-10-08,C002,P001,5,850,491.89,3200,4250,5659.45,-1409.45,CABA,Lavandería
V000725,2025-06-29,C029,P010,17,1250,610.21,3200,21250,13573.57,7676.43,CABA,Minorista
V000726,2025-11-01,C028,P020,8,950,475.7,3200,7600,7005.6,594.4,Oeste,Lavandería
V000727,2025-12-03,C073,P006,8,1100,594.88,2500,8800,7259.04,1540.96,CABA,Lavandería
V000728,2025-05-22,C055,P011,17,1100,734.11,1800,18700,14279.87,4420.13,CABA,Lavandería
V000729,2025-07-18,C043,P002,17,1450,757.92,0,24650,12884.64,11765.36,Sur,Mayorista
V000730,2025-11-09,C051,P006,32,950,488.8,2500,30400,18141.6,12258.4,Oeste,Revendedor
V000731,2025-11-26,C014,P015,17,950,463.95,0,16150,7887.15,8262.85,Norte,Lavandería
V000732,2025-01-10,C064,P005,1,850,543.58,1800,850,2343.58,-1493.58,Oeste,Gastronomía
V000733,2025-07-20,C074,P001,33,2600,1546.36,2500,85800,53529.88,32270.12,CABA,Revendedor
V000734,2025-04-26,C001,P013,31,950,585.33,1800,29450,19945.23,9504.77,Norte,Gastronomía
V000735,2025-07-25,C008,P003,24,3200,2191.37,1800,76800,54392.88,22407.12,CABA,Lavandería
V000736,2025-05-29,C026,P006,3,2100,1341.01,1800,6300,5823.03,476.97,Sur,Minorista
V000737,2025-11-19,C046,P016,6,2600,1706.84,1200,15600,11441.04,4158.96,CABA,Mayorista
V000738,2025-01-13,C076,P008,32,2100,1039.75,3200,67200,36472.0,30728.0,Norte,Lavandería
V000739,2025-10-01,C058,P001,3,1700,838.87,4500,5100,7016.61,-1916.61,CABA,Lavandería
V000740,2025-03-02,C028,P017,30,3200,1650.4,3200,96000,52712.0,43288.0,Oeste,Minorista
V000741,2025-01-19,C019,P016,2,2600,1814.08,3200,5200,6828.16,-1628.16,CABA,Mayorista
V000742,2025-12-26,C017,P001,12,850,592.55,0,10200,7110.6,3089.4,Sur,Revendedor
V000743,2025-03-29,C076,P003,7,950,569.35,3200,6650,7185.45,-535.45,Oeste,Minorista
V000744,2025-04-14,C055,P011,26,1700,865.29,4500,44200,26997.54,17202.46,Oeste,Gastronomía
V000745,2025-04-20,C006,P019,12,1700,841.79,1800,20400,11901.48,8498.52,Oeste,Lavandería
V000746,2025-03-28,C048,P018,11,2600,1400.03,3200,28600,18600.33,9999.67,CABA,Mayorista
V000747,2025-02-21,C079,P013,11,850,587.44,0,9350,6461.84,2888.16,CABA,Minorista
V000748,2025-04-02,C012,P019,19,2100,1357.53,2500,39900,28293.07,11606.93,Oeste,Mayorista
V000749,2025-03-15,C035,P017,29,2100,1128.58,1200,60900,33928.82,26971.18,CABA,Revendedor
V000750,2025-04-03,C064,P020,6,1450,817.05,0,8700,4902.3,3797.7,Oeste,Mayorista
V000751,2025-03-02,C068,P004,24,3200,1925.79,2500,76800,48718.96,28081.04,Oeste,Gastronomía
V000752,2025-01-28,C025,P004,10,2600,1558.45,1200,26000,16784.5,9215.5,CABA,Minorista
V000753,2025-11-27,C047,P010,14,2100,1134.7,3200,29400,19085.8,10314.2,Sur,Minorista
V000754,2025-02-23,C007,P018,12,1100,735.37,2500,13200,11324.44,1875.56,CABA,Minorista
V000755,2025-05-01,C057,P019,21,2100,1108.17,4500,44100,27771.57,16328.43,Norte,Mayorista
V000756,2025-02-26,C042,P008,7,1250,821.32,1200,8750,6949.24,1800.76,Sur,Mayorista
V000757,2025-02-07,C061,P019,32,850,589.66,1200,27200,20069.12,7130.88,Oeste,Revendedor
V000758,2025-08-21,C023,P013,24,1100,648.84,1200,26400,16772.16,9627.84,Norte,Gastronomía
V000759,2025-04-14,C043,P005,3,3900,1927.83,1200,11700,6983.49,4716.51,CABA,Lavandería
V000760,2025-08-23,C054,P006,22,1250,865.92,3200,27500,22250.24,5249.76,Oeste,Revendedor
V000761,2025-03-29,C074,P018,15,950,549.87,3200,14250,11448.05,2801.95,Sur,Mayorista
V000762,2025-10-30,C061,P015,18,850,556.92,4500,15300,14524.56,775.44,Oeste,Mayorista
V000763,2025-06-17,C056,P019,15,3900,2757.69,3200,58500,44565.35,13934.65,CABA,Lavandería
V000764,2025-01-23,C006,P016,33,850,494.84,2500,28050,18829.72,9220.28,Sur,Minorista
V000765,2025-08-20,C064,P008,6,3200,2114.36,4500,19200,17186.16,2013.84,Sur,Mayorista
V000766,2025-03-09,C046,P010,16,950,459.63,4500,15200,11854.08,3345.92,Norte,Mayorista
V000767,2025-12-27,C059,P019,2,2600,1537.39,1200,5200,4274.78,925.22,Sur,Mayorista
V000768,2025-07-09,C060,P001,5,2100,1458.29,1800,10500,9091.45,1408.55,CABA,Gastronomía
V000769,2025-08-07,C035,P020,35,3900,2615.63,4500,136500,96047.05,40452.95,CABA,Revendedor
V000770,2025-06-21,C008,P017,24,850,430.64,1800,20400,12135.36,8264.64,Sur,Revendedor
V000771,2025-01-21,C047,P012,12,3200,2077.34,3200,38400,28128.08,10271.92,Oeste,Mayorista
V000772,2025-06-21,C031,P018,8,2600,1708.13,3200,20800,16865.04,3934.96,Oeste,Mayorista
V000773,2025-06-14,C046,P009,33,2100,1147.68,0,69300,37873.44,31426.56,Norte,Gastronomía
V000774,2025-08-20,C063,P017,34,950,563.2,3200,32300,22348.8,9951.2,Norte,Lavandería
V000775,2025-11-14,C048,P003,13,2600,1302.48,2500,33800,19432.24,14367.76,Oeste,Gastronomía
V000776,2025-02-09,C014,P006,18,950,614.93,2500,17100,13568.74,3531.26,Oeste,Mayorista
V000777,2025-09-24,C003,P010,27,3200,2251.56,2500,86400,63292.12,23107.88,Norte,Lavandería
V000778,2025-08-16,C003,P010,13,950,461.02,1200,12350,7193.26,5156.74,Norte,Lavandería
V000779,2025-10-24,C044,P011,32,3900,2495.24,3200,124800,83047.68,41752.32,Sur,Lavandería
V000780,2025-06-05,C073,P005,20,1100,736.37,1200,22000,15927.4,6072.6,Sur,Gastronomía
V000781,2025-05-28,C007,P005,23,1450,854.66,1200,33350,20857.18,12492.82,Oeste,Revendedor
V000782,2025-05-27,C024,P006,10,1100,590.81,0,11000,5908.1,5091.9,Norte,Revendedor
V000783,2025-03-06,C057,P009,24,1100,582.16,4500,26400,18471.84,7928.16,CABA,Gastronomía
V000784,2025-06-26,C019,P012,29,3200,2285.16,3200,92800,69469.64,23330.36,Norte,Minorista
V000785,2025-01-13,C052,P016,10,2600,1826.95,1200,26000,19469.5,6530.5,CABA,Revendedor
V000786,2025-09-17,C043,P010,31,1450,1033.42,3200,44950,35236.02,9713.98,Oeste,Revendedor
V000787,2025-08-15,C044,P004,31,850,436.44,3200,26350,16729.64,9620.36,CABA,Gastronomía
V000788,2025-01-13,C052,P020,15,2600,1471.01,1800,39000,23865.15,15134.85,CABA,Revendedor
V000789,2025-11-25,C025,P019,34,1250,834.39,1800,42500,30169.26,12330.74,Oeste,Minorista
V000790,2025-02-12,C069,P015,6,3200,1838.92,2500,19200,13533.52,5666.48,Norte,Revendedor
V000791,2025-11-06,C066,P002,24,2100,1082.56,2500,50400,28481.44,21918.56,Norte,Lavandería
V000792,2025-07-10,C002,P010,23,1700,941.7,2500,39100,24159.1,14940.9,CABA,Mayorista
V000793,2025-08-16,C054,P015,19,1100,740.7,2500,20900,16573.3,4326.7,Sur,Mayorista
V000794,2025-10-28,C077,P003,10,1250,690.97,3200,12500,10109.7,2390.3,Norte,Minorista
V000795,2025-10-30,C049,P003,1,2100,1329.96,1800,2100,3129.96,-1029.96,Sur,Mayorista
V000796,2025-10-12,C060,P019,9,1250,655.8,2500,11250,8402.2,2847.8,Norte,Revendedor
V000797,2025-09-09,C006,P010,20,2600,1596.99,2500,52000,34439.8,17560.2,Oeste,Minorista
V000798,2025-01-02,C020,P009,20,2600,1325.49,4500,52000,31009.8,20990.2,Norte,Lavandería
V000799,2025-04-02,C063,P008,2,950,630.36,2500,1900,3760.72,-1860.72,CABA,Revendedor
V000800,2025-07-05,C075,P016,28,1450,914.54,2500,40600,28107.12,12492.88,CABA,Gastronomía
V000801,2025-09-20,C074,P001,17,1100,681.56,1200,18700,12786.52,5913.48,Norte,Lavandería
V000802,2025-12-21,C018,P012,11,850,463.62,2500,9350,7599.82,1750.18,Norte,Minorista
V000803,2025-05-29,C038,P017,5,3200,1684.85,4500,16000,12924.25,3075.75,Oeste,Minorista
V000804,2025-11-03,C022,P018,21,1700,1153.34,4500,35700,28720.14,6979.86,Norte,Gastronomía
V000805,2025-12-17,C047,P004,35,3900,2201.13,1200,136500,78239.55,58260.45,CABA,Mayorista
V000806,2025-09-23,C037,P012,32,2100,1179.52,1200,67200,38944.64,28255.36,CABA,Mayorista
V000807,2025-03-21,C065,P008,13,3200,2007.11,3200,41600,29292.43,12307.57,CABA,Lavandería
V000808,2025-08-24,C010,P004,9,850,505.82,1800,7650,6352.38,1297.62,Norte,Mayorista
V000809,2025-08-15,C077,P017,22,1100,715.41,0,24200,15739.02,8460.98,CABA,Mayorista
V000810,2025-03-07,C019,P008,20,1100,583.4,0,22000,11668.0,10332.0,Sur,Minorista
V000811,2025-02-09,C003,P016,28,850,448.06,0,23800,12545.68,11254.32,CABA,Lavandería
V000812,2025-03-02,C033,P002,5,1450,928.32,0,7250,4641.6,2608.4,CABA,Revendedor
V000813,2025-04-16,C076,P007,12,1700,827.94,1200,20400,11135.28,9264.72,Norte,Revendedor
V000814,2025-06-28,C046,P006,33,3900,2098.35,3200,128700,72445.55,56254.45,CABA,Minorista
V000815,2025-10-24,C002,P017,14,1250,889.28,1200,17500,13649.92,3850.08,CABA,Minorista
V000816,2025-04-20,C065,P016,24,3900,2045.28,4500,93600,53586.72,40013.28,CABA,Mayorista
V000817,2025-07-01,C049,P014,14,3200,1710.76,0,44800,23950.64,20849.36,Norte,Minorista
V000818,2025-08-27,C015,P017,9,2600,1723.66,4500,23400,20012.94,3387.06,Norte,Revendedor
V000819,2025-01-21,C011,P011,32,950,543.73,2500,30400,19899.36,10500.64,Norte,Lavandería
V000820,2025-04-26,C071,P014,19,2100,1103.15,0,39900,20959.85,18940.15,Sur,Gastronomía
V000821,2025-04-02,C002,P016,7,2100,1228.78,4500,14700,13101.46,1598.54,CABA,Minorista
V000822,2025-03-15,C051,P013,7,1100,545.08,1200,7700,5015.56,2684.44,Norte,Mayorista
V000823,2025-11-01,C052,P004,15,2100,1373.5,1800,31500,22402.5,9097.5,Norte,Lavandería
V000824,2025-07-02,C061,P020,26,2600,1567.12,1200,67600,41945.12,25654.88,Sur,Minorista
V000825,2025-03-04,C033,P016,32,1250,788.51,1200,40000,26432.32,13567.68,CABA,Minorista
V000826,2025-01-28,C009,P016,2,1100,629.02,4500,2200,5758.04,-3558.04,Norte,Mayorista
V000827,2025-06-05,C080,P020,7,950,606.73,3200,6650,7447.11,-797.11,Sur,Lavandería
V000828,2025-04-14,C038,P016,32,3200,1736.96,1800,102400,57382.72,45017.28,CABA,Minorista
V000829,2025-08-09,C016,P013,29,1700,1163.97,2500,49300,36255.13,13044.87,Sur,Minorista
V000830,2025-01-17,C023,P018,20,1100,657.75,1200,22000,14355.0,7645.0,Norte,Lavandería
V000831,2025-09-07,C015,P019,32,3200,2062.37,3200,102400,69195.84,33204.16,Sur,Lavandería
V000832,2025-10-15,C021,P017,4,2100,1140.75,3200,8400,7763.0,637.0,Sur,Revendedor
V000833,2025-12-13,C046,P010,21,850,413.74,0,17850,8688.54,9161.46,Oeste,Gastronomía
V000834,2025-06-28,C075,P001,22,2100,1057.06,1800,46200,25055.32,21144.68,Norte,Lavandería
V000835,2025-06-29,C008,P008,16,1250,794.42,3200,20000,15910.72,4089.28,CABA,Minorista
V000836,2025-06-06,C015,P011,11,850,517.84,0,9350,5696.24,3653.76,Sur,Lavandería
V000837,2025-10-18,C066,P014,18,850,549.98,3200,15300,13099.64,2200.36,CABA,Gastronomía
V000838,2025-07-13,C074,P013,21,3900,1963.47,2500,81900,43732.87,38167.13,CABA,Mayorista
V000839,2025-06-22,C064,P017,22,1100,690.31,1800,24200,16986.82,7213.18,Sur,Mayorista
V000840,2025-09-12,C010,P018,14,1450,788.27,1800,20300,12835.78,7464.22,Sur,Mayorista
V000841,2025-11-16,C012,P019,7,3900,2187.28,0,27300,15310.96,11989.04,Sur,Lavandería
V000842,2025-04-18,C045,P003,20,3200,2153.57,2500,64000,45571.4,18428.6,Norte,Mayorista
V000843,2025-08-01,C052,P009,33,2600,1667.05,3200,85800,58212.65,27587.35,Oeste,Minorista
V000844,2025-11-18,C067,P006,32,1250,798.24,4500,40000,30043.68,9956.32,Sur,Gastronomía
V000845,2025-11-23,C069,P020,28,3900,2552.11,0,109200,71459.08,37740.92,Oeste,Gastronomía
V000846,2025-08-25,C019,P008,10,1450,989.75,2500,14500,12397.5,2102.5,Norte,Minorista
V000847,2025-11-21,C027,P014,18,1450,920.82,1800,26100,18374.76,7725.24,Oeste,Lavandería
V000848,2025-05-03,C015,P005,13,850,458.1,1800,11050,7755.3,3294.7,Sur,Lavandería
V000849,2025-10-14,C056,P014,3,1250,647.81,1200,3750,3143.43,606.57,CABA,Gastronomía
V000850,2025-05-23,C071,P006,3,2600,1736.11,0,7800,5208.33,2591.67,CABA,Gastronomía
V000851,2025-11-05,C039,P003,27,1700,1090.04,0,45900,29431.08,16468.92,Sur,Mayorista
V000852,2025-05-01,C015,P019,33,950,575.01,3200,31350,22175.33,9174.67,Norte,Lavandería
V000853,2025-02-16,C031,P020,8,1700,950.35,3200,13600,10802.8,2797.2,Sur,Mayorista
V000854,2025-08-05,C028,P005,7,1100,584.52,1800,7700,5891.64,1808.36,Sur,Lavandería
V000855,2025-05-11,C076,P002,32,3200,1823.77,0,102400,58360.64,44039.36,Norte,Revendedor
V000856,2025-08-05,C061,P008,18,1100,623.83,4500,19800,15728.94,4071.06,Norte,Gastronomía
V000857,2025-01-11,C078,P002,4,1250,675.89,2500,5000,5203.56,-203.56,Norte,Gastronomía
V000858,2025-12-17,C016,P018,16,2600,1490.41,2500,41600,26346.56,15253.44,Norte,Gastronomía
V000859,2025-02-16,C031,P010,14,1100,769.8,4500,15400,15277.2,122.8,Norte,Lavandería
V000860,2025-01-18,C036,P003,32,2600,1707.85,1800,83200,56451.2,26748.8,Sur,Minorista
V000861,2025-03-24,C034,P017,5,1700,987.72,4500,8500,9438.6,-938.6,Norte,Lavandería
V000862,2025-12-22,C004,P002,12,2600,1741.6,1200,31200,22099.2,9100.8,CABA,Lavandería
V000863,2025-04-13,C040,P011,6,950,491.98,3200,5700,6151.88,-451.88,Oeste,Revendedor
V000864,2025-12-18,C053,P011,29,2600,1793.07,1200,75400,53199.03,22200.97,Norte,Mayorista
V000865,2025-12-18,C076,P011,19,1250,625.32,1800,23750,13681.08,10068.92,Oeste,Lavandería
V000866,2025-07-13,C074,P008,2,850,596.31,4500,1700,5692.62,-3992.62,Oeste,Minorista
V000867,2025-08-25,C026,P009,11,850,489.81,2500,9350,7887.91,1462.09,Norte,Mayorista
V000868,2025-02-15,C048,P006,8,850,554.59,2500,6800,6936.72,-136.72,Sur,Lavandería
V000869,2025-03-02,C029,P007,13,1450,796.21,2500,18850,12850.73,5999.27,Sur,Mayorista
V000870,2025-08-09,C027,P020,14,1450,948.89,1200,20300,14484.46,5815.54,Sur,Mayorista
V000871,2025-07-29,C019,P001,19,1450,777.95,2500,27550,17281.05,10268.95,Oeste,Gastronomía
V000872,2025-10-26,C059,P003,1,2600,1331.12,1800,2600,3131.12,-531.12,Sur,Mayorista
V000873,2025-07-16,C055,P020,17,950,477.72,0,16150,8121.24,8028.76,CABA,Gastronomía
V000874,2025-05-01,C061,P012,3,850,459.75,3200,2550,4579.25,-2029.25,Sur,Gastronomía
V000875,2025-07-22,C048,P005,3,3900,2039.89,1200,11700,7319.67,4380.33,Sur,Gastronomía
V000876,2025-08-28,C017,P003,21,3200,1868.49,1800,67200,41038.29,26161.71,CABA,Gastronomía
V000877,2025-01-23,C017,P016,18,1700,1193.9,1800,30600,23290.2,7309.8,Norte,Revendedor
V000878,2025-05-16,C067,P011,28,1100,611.3,2500,30800,19616.4,11183.6,Oeste,Revendedor
V000879,2025-12-03,C057,P002,13,1100,542.41,1200,14300,8251.33,6048.67,CABA,Lavandería
V000880,2025-05-14,C021,P015,28,950,682.91,2500,26600,21621.48,4978.52,CABA,Lavandería
V000881,2025-07-02,C072,P016,30,2600,1318.19,4500,78000,44045.7,33954.3,Oeste,Minorista
V000882,2025-06-28,C012,P007,19,1100,748.43,4500,20900,18720.17,2179.83,Norte,Revendedor
V000883,2025-12-06,C075,P007,1,3200,2124.94,1200,3200,3324.94,-124.94,Sur,Minorista
V000884,2025-05-07,C064,P004,22,850,465.99,4500,18700,14751.78,3948.22,CABA,Lavandería
V000885,2025-07-11,C076,P004,21,1100,535.62,2500,23100,13748.02,9351.98,Sur,Lavandería
V000886,2025-11-18,C035,P020,1,1700,1211.67,4500,1700,5711.67,-4011.67,Sur,Gastronomía
V000887,2025-10-19,C017,P007,4,1450,808.46,0,5800,3233.84,2566.16,CABA,Revendedor
V000888,2025-11-05,C049,P003,26,1450,757.95,2500,37700,22206.7,15493.3,CABA,Minorista
V000889,2025-04-17,C021,P013,26,1450,921.21,4500,37700,28451.46,9248.54,Oeste,Minorista
V000890,2025-06-02,C063,P014,20,3900,1994.88,4500,78000,44397.6,33602.4,CABA,Gastronomía
V000891,2025-09-20,C026,P016,29,2100,1248.13,3200,60900,39395.77,21504.23,Sur,Minorista
V000892,2025-08-05,C048,P020,12,2100,1325.87,0,25200,15910.44,9289.56,CABA,Revendedor
V000893,2025-06-24,C060,P008,10,2600,1577.02,4500,26000,20270.2,5729.8,CABA,Gastronomía
V000894,2025-08-28,C056,P003,31,1450,747.72,1200,44950,24379.32,20570.68,Norte,Mayorista
V000895,2025-09-25,C055,P010,4,3200,1594.78,0,12800,6379.12,6420.88,CABA,Revendedor
V000896,2025-08-06,C053,P004,30,3900,2632.8,1800,117000,80784.0,36216.0,Norte,Revendedor
V000897,2025-02-11,C065,P001,8,2600,1360.04,1200,20800,12080.32,8719.68,Sur,Minorista
V000898,2025-02-12,C054,P010,21,3900,2549.75,4500,81900,58044.75,23855.25,Sur,Revendedor
V000899,2025-05-16,C044,P006,14,1100,548.65,3200,15400,10881.1,4518.9,Norte,Minorista
V000900,2025-08-11,C069,P001,1,2100,1066.81,1200,2100,2266.81,-166.81,Sur,Lavandería
V000901,2025-12-21,C052,P020,32,1450,911.24,3200,46400,32359.68,14040.32,Norte,Lavandería
V000902,2025-06-04,C012,P005,9,850,446.92,0,7650,4022.28,3627.72,Oeste,Minorista
V000903,2025-04-18,C062,P005,16,2100,1432.41,3200,33600,26118.56,7481.44,Oeste,Minorista
V000904,2025-06-04,C060,P005,31,2100,1019.0,1200,65100,32789.0,32311.0,Oeste,Lavandería
V000905,2025-09-06,C061,P001,29,3900,2099.1,1800,113100,62673.9,50426.1,Sur,Minorista
V000906,2025-06-20,C002,P004,28,2100,1435.7,4500,58800,44699.6,14100.4,Norte,Minorista
V000907,2025-09-07,C052,P016,33,3900,2550.24,4500,128700,88657.92,40042.08,Sur,Mayorista
V000908,2025-02-01,C068,P001,28,3900,2167.64,0,109200,60693.92,48506.08,Norte,Lavandería
V000909,2025-08-31,C015,P016,23,2600,1683.25,0,59800,38714.75,21085.25,Oeste,Gastronomía
V000910,2025-04-09,C061,P012,29,1250,752.29,3200,36250,25016.41,11233.59,Norte,Revendedor
V000911,2025-12-03,C060,P005,19,2100,1491.74,4500,39900,32843.06,7056.94,Norte,Lavandería
V000912,2025-03-24,C080,P007,19,950,608.09,1200,18050,12753.71,5296.29,Oeste,Mayorista
V000913,2025-03-22,C078,P016,7,2100,1483.3,2500,14700,12883.1,1816.9,Norte,Mayorista
V000914,2025-04-18,C072,P002,2,1700,1175.41,1800,3400,4150.82,-750.82,Oeste,Mayorista
V000915,2025-09-15,C005,P003,22,2100,1065.44,1200,46200,24639.68,21560.32,CABA,Revendedor
V000916,2025-04-25,C063,P009,22,1700,1129.9,3200,37400,28057.8,9342.2,Norte,Mayorista
V000917,2025-12-20,C066,P020,7,850,597.03,2500,5950,6679.21,-729.21,Sur,Minorista
V000918,2025-02-24,C079,P020,7,3200,1568.23,0,22400,10977.61,11422.39,Oeste,Minorista
V000919,2025-04-16,C047,P006,19,2600,1723.47,2500,49400,35245.93,14154.07,CABA,Mayorista
V000920,2025-11-28,C047,P011,9,950,649.48,2500,8550,8345.32,204.68,Sur,Minorista
V000921,2025-05-06,C061,P011,19,3200,1667.53,1800,60800,33483.07,27316.93,Norte,Lavandería
V000922,2025-07-04,C032,P005,34,2100,1404.76,1200,71400,48961.84,22438.16,Sur,Lavandería
V000923,2025-07-29,C059,P017,24,850,498.29,0,20400,11958.96,8441.04,CABA,Minorista
V000924,2025-06-23,C041,P013,11,2100,1038.98,0,23100,11428.78,11671.22,Oeste,Revendedor
V000925,2025-01-30,C067,P010,27,2100,1454.43,4500,56700,43769.61,12930.39,Norte,Gastronomía
V000926,2025-06-26,C002,P009,34,3900,2733.54,4500,132600,97440.36,35159.64,Sur,Lavandería
V000927,2025-11-26,C027,P018,29,1700,1178.17,4500,49300,38666.93,10633.07,Sur,Mayorista
V000928,2025-06-04,C011,P002,35,1700,975.12,4500,59500,38629.2,20870.8,Oeste,Revendedor
V000929,2025-10-04,C037,P007,6,3200,1959.77,3200,19200,14958.62,4241.38,Norte,Mayorista
V000930,2025-01-12,C004,P018,17,1250,849.67,1800,21250,16244.39,5005.61,Sur,Revendedor
V000931,2025-02-26,C008,P012,17,3200,1808.24,0,54400,30740.08,23659.92,CABA,Lavandería
V000932,2025-06-02,C074,P001,30,1700,1217.04,4500,51000,41011.2,9988.8,Oeste,Gastronomía
V000933,2025-06-03,C037,P019,9,2100,1269.91,1200,18900,12629.19,6270.81,CABA,Gastronomía
V000934,2025-09-22,C075,P007,24,2600,1309.14,4500,62400,35919.36,26480.64,Sur,Lavandería
V000935,2025-02-11,C012,P002,28,1100,653.73,2500,30800,20804.44,9995.56,CABA,Gastronomía
V000936,2025-12-13,C068,P013,34,2100,1447.5,3200,71400,52415.0,18985.0,Sur,Lavandería
V000937,2025-08-14,C063,P014,11,1100,661.53,2500,12100,9776.83,2323.17,Sur,Mayorista
V000938,2025-12-27,C066,P017,8,1250,736.63,0,10000,5893.04,4106.96,Oeste,Revendedor
V000939,2025-07-09,C016,P020,27,950,483.56,3200,25650,16256.12,9393.88,Norte,Minorista
V000940,2025-09-25,C020,P004,24,1450,1040.87,1800,34800,26780.88,8019.12,Norte,Lavandería
V000941,2025-01-15,C019,P005,27,850,599.11,1800,22950,17975.97,4974.03,Norte,Mayorista
V000942,2025-04-04,C063,P001,8,3200,1803.76,0,25600,14430.08,11169.92,Sur,Lavandería
V000943,2025-10-21,C040,P019,29,1700,1134.79,2500,49300,35408.91,13891.09,Oeste,Mayorista
V000944,2025-09-16,C059,P015,29,1100,756.72,1800,31900,23744.88,8155.12,CABA,Revendedor
V000945,2025-12-07,C080,P014,25,1250,870.07,1800,31250,23551.75,7698.25,CABA,Lavandería
V000946,2025-05-23,C012,P006,2,3900,2461.78,4500,7800,9423.56,-1623.56,Norte,Revendedor
V000947,2025-11-27,C016,P018,6,1250,886.55,3200,7500,8519.3,-1019.3,CABA,Revendedor
V000948,2025-09-25,C025,P016,33,850,432.54,3200,28050,17473.82,10576.18,Oeste,Minorista
V000949,2025-05-21,C027,P008,29,950,639.98,3200,27550,21759.42,5790.58,Norte,Lavandería
V000950,2025-10-29,C006,P016,2,1700,994.3,2500,3400,4488.6,-1088.6,CABA,Revendedor
V000951,2025-06-12,C049,P009,6,950,679.39,3200,5700,7276.34,-1576.34,Oeste,Gastronomía
V000952,2025-03-15,C024,P009,6,1100,608.99,2500,6600,6153.94,446.06,Oeste,Minorista
V000953,2025-11-11,C042,P006,2,850,468.8,0,1700,937.6,762.4,Norte,Mayorista
V000954,2025-07-31,C042,P009,25,950,467.83,1200,23750,12895.75,10854.25,Oeste,Lavandería
V000955,2025-09-18,C065,P013,8,1450,717.1,2500,11600,8236.8,3363.2,Sur,Minorista
V000956,2025-09-05,C004,P014,15,850,462.91,3200,12750,10143.65,2606.35,CABA,Mayorista
V000957,2025-10-12,C017,P010,27,2600,1300.36,4500,70200,39609.72,30590.28,Oeste,Mayorista
V000958,2025-07-11,C070,P006,16,3200,2267.61,3200,51200,39481.76,11718.24,Sur,Minorista
V000959,2025-01-01,C060,P020,19,1100,528.14,2500,20900,12534.66,8365.34,Norte,Revendedor
V000960,2025-05-09,C049,P012,14,3900,2658.88,1800,54600,39024.32,15575.68,CABA,Mayorista
V000961,2025-10-01,C073,P003,20,950,546.13,0,19000,10922.6,8077.4,Oeste,Revendedor
V000962,2025-05-24,C056,P007,33,1700,1176.64,1800,56100,40629.12,15470.88,Norte,Lavandería
V000963,2025-05-20,C032,P011,22,1250,737.94,3200,27500,19434.68,8065.32,Norte,Minorista
V000964,2025-12-21,C018,P001,31,850,591.89,4500,26350,22848.59,3501.41,Oeste,Lavandería
V000965,2025-10-12,C063,P013,35,950,635.51,4500,33250,26742.85,6507.15,CABA,Revendedor
V000966,2025-01-16,C057,P004,23,2100,1425.04,1800,48300,34575.92,13724.08,Sur,Mayorista
V000967,2025-12-23,C002,P004,30,1700,1197.99,2500,51000,38439.7,12560.3,CABA,Mayorista
V000968,2025-01-11,C036,P012,13,950,642.11,4500,12350,12847.43,-497.43,Norte,Mayorista
V000969,2025-04-30,C064,P012,3,1450,867.51,4500,4350,7102.53,-2752.53,Oeste,Minorista
V000970,2025-04-11,C051,P004,18,3900,2340.3,1200,70200,43325.4,26874.6,Oeste,Revendedor
V000971,2025-12-11,C078,P019,12,950,590.1,4500,11400,11581.2,-181.2,CABA,Mayorista
V000972,2025-05-13,C073,P008,34,1450,762.76,4500,49300,30433.84,18866.16,CABA,Revendedor
V000973,2025-11-11,C033,P018,30,850,599.33,4500,25500,22479.9,3020.1,CABA,Gastronomía
V000974,2025-08-10,C053,P009,8,3200,1894.34,1800,25600,16954.72,8645.28,CABA,Mayorista
V000975,2025-01-25,C036,P014,35,2600,1445.33,2500,91000,53086.55,37913.45,Oeste,Gastronomía
V000976,2025-02-11,C074,P001,15,2100,1490.72,1200,31500,23560.8,7939.2,Oeste,Mayorista
V000977,2025-06-18,C040,P003,7,850,505.91,0,5950,3541.37,2408.63,Norte,Gastronomía
V000978,2025-05-07,C014,P016,16,1700,1155.67,1800,27200,20290.72,6909.28,Oeste,Minorista
V000979,2025-11-04,C080,P015,7,2600,1609.26,0,18200,11264.82,6935.18,CABA,Minorista
V000980,2025-07-13,C041,P003,9,850,595.5,2500,7650,7859.5,-209.5,CABA,Gastronomía
V000981,2025-11-09,C056,P003,7,850,522.09,1800,5950,5454.63,495.37,Sur,Lavandería
V000982,2025-02-19,C080,P014,15,3900,2609.08,3200,58500,42336.2,16163.8,CABA,Lavandería
V000983,2025-07-16,C060,P014,7,1700,1081.58,4500,11900,12071.06,-171.06,CABA,Lavandería
V000984,2025-09-22,C043,P019,13,950,479.41,3200,12350,9432.33,2917.67,CABA,Revendedor
V000985,2025-04-10,C074,P005,33,1450,819.68,2500,47850,29549.44,18300.56,Sur,Mayorista
V000986,2025-05-05,C018,P002,4,1100,610.28,2500,4400,4941.12,-541.12,Norte,Gastronomía
V000987,2025-10-26,C070,P005,10,2600,1440.61,1800,26000,16206.1,9793.9,Norte,Gastronomía
V000988,2025-01-05,C067,P019,10,850,456.43,3200,8500,7764.3,735.7,CABA,Lavandería
V000989,2025-06-26,C026,P007,13,950,533.87,4500,12350,11440.31,909.69,Sur,Lavandería
V000990,2025-11-04,C043,P019,22,3900,2152.46,1800,85800,49154.12,36645.88,Oeste,Minorista
V000991,2025-08-21,C006,P016,15,850,538.31,4500,12750,12574.65,175.35,Oeste,Lavandería
V000992,2025-11-16,C028,P008,31,1700,1145.37,2500,52700,38006.47,14693.53,Oeste,Lavandería
V000993,2025-04-05,C001,P012,1,950,537.6,3200,950,3737.6,-2787.6,CABA,Mayorista
V000994,2025-05-29,C057,P007,24,850,606.96,1200,20400,15767.04,4632.96,Oeste,Gastronomía
V000995,2025-03-31,C029,P009,12,1700,1161.79,1200,20400,15141.48,5258.52,Oeste,Mayorista
V000996,2025-01-12,C023,P009,7,850,577.61,1200,5950,5243.27,706.73,Sur,Minorista
V000997,2025-06-23,,P010,30,1250,710.89,1800,37500,23126.7,14373.3,Oeste,Revendedor
V000998,2025-11-16,C056,P003,8,1100,761.04,1200,8800,7288.32,1511.68,Oeste,Mayorista
V000999,2025-09-30,C049,P012,21,3900,2274.05,4500,81900,52255.05,29644.95,Oeste,Minorista
V001000,2025-11-12,C076,P007,35,1450,970.78,1800,50750,35777.3,14972.7,Oeste,Minorista
V001001,2025-11-19,C036,P005,33,3900,2701.14,1200,128700,90337.62,38362.38,CABA,Lavandería
V001002,2025-12-06,C079,P003,11,3200,1834.07,4500,35200,24674.77,10525.23,Norte,Lavandería
V001003,2025-09-23,C060,P006,21,1700,1030.39,2500,35700,24138.19,11561.81,Sur,Lavandería
V001004,2025-05-18,C075,P013,3,1250,665.86,1200,3750,3197.58,552.42,Sur,Mayorista
V001005,2025-07-22,C028,P010,28,2100,1295.97,1800,58800,38087.16,20712.84,Norte,Revendedor
V001006,2025-02-13,C018,P003,19,2600,1571.74,1200,49400,31063.06,18336.94,CABA,Lavandería
V001007,2025-09-20,C080,P011,28,2600,1539.75,2500,72800,45613.0,27187.0,Norte,Lavandería
V001008,2025-06-12,C035,P013,2,1100,644.61,1800,2200,3089.22,-889.22,CABA,Gastronomía
V001009,2025-02-12,C038,P017,33,3200,2030.33,1800,105600,68800.89,36799.11,Oeste,Minorista
V001010,2025-03-02,C010,P012,3,3200,1689.84,1200,9600,6269.52,3330.48,Norte,Gastronomía
V001011,2025-06-04,C036,P007,9,3200,2236.71,0,28800,20130.39,8669.61,Norte,Gastronomía
V001012,2025-06-27,C052,P013,1,2600,1656.15,1200,2600,2856.15,-256.15,Sur,Mayorista
V001013,2025-04-27,C027,P016,15,3200,1986.82,3200,48000,33002.3,14997.7,Sur,Lavandería
V001014,2025-06-24,C011,P011,13,2100,1396.15,4500,27300,22649.95,4650.05,Sur,Mayorista
V001015,2025-08-13,C058,P018,2,1700,872.69,1200,3400,2945.38,454.62,Norte,Minorista
V001016,2025-09-13,C046,P011,15,2100,1222.56,2500,31500,20838.4,10661.6,Norte,Gastronomía
V001017,2025-10-28,C003,P019,3,1100,568.57,1800,3300,3505.71,-205.71,Sur,Lavandería
V001018,2025-04-15,C051,P003,35,2100,1102.92,0,73500,38602.2,34897.8,Norte,Revendedor
V001019,2025-08-20,C039,P003,11,950,609.87,1200,10450,7908.57,2541.43,CABA,Revendedor
V001020,2025-09-08,C004,P006,13,950,663.79,2500,12350,11129.27,1220.73,Norte,Mayorista
V001021,2025-04-30,C038,P017,5,2600,1283.85,3200,13000,9619.25,3380.75,CABA,Mayorista
V001022,2025-06-17,C053,P013,11,950,485.44,2500,10450,7839.84,2610.16,Sur,Minorista
V001023,2025-07-19,C027,P005,14,1450,846.41,4500,20300,16349.74,3950.26,Sur,Mayorista
V001024,2025-11-06,C074,P010,13,3200,2086.48,2500,41600,29624.24,11975.76,Norte,Mayorista
V001025,2025-01-04,C019,P015,5,2100,1312.84,1200,10500,7764.2,2735.8,Norte,Revendedor
V001026,2025-09-09,C059,P015,3,950,521.64,2500,2850,4064.92,-1214.92,Norte,Gastronomía
V001027,2025-07-20,C079,P006,27,1250,653.87,3200,33750,20854.49,12895.51,Sur,Lavandería
V001028,2025-07-16,C024,P019,7,2100,1360.12,0,14700,9520.84,5179.16,Oeste,Mayorista
V001029,2025-05-21,C069,P010,5,1250,872.62,2500,6250,6863.1,-613.1,CABA,Gastronomía
V001030,2025-02-09,C014,P017,21,2100,1235.27,1800,44100,27740.67,16359.33,Oeste,Revendedor
V001031,2025-01-23,C060,P001,5,2600,1485.84,4500,13000,11929.2,1070.8,Sur,Mayorista
V001032,2025-07-23,C005,P001,17,950,617.67,1200,16150,11700.39,4449.61,Norte,Lavandería
V001033,2025-09-06,C060,P003,6,3200,2040.59,4500,19200,16743.54,2456.46,Sur,Mayorista
V001034,2025-08-30,C036,P006,11,850,531.83,1200,9350,7050.13,2299.87,Norte,Minorista
V001035,2025-10-01,C051,P006,5,850,546.19,1200,4250,3930.95,319.05,Sur,Gastronomía
V001036,2025-04-02,C028,P002,35,1250,732.62,0,43750,25641.7,18108.3,CABA,Lavandería
V001037,2025-12-20,C040,P015,4,3900,1876.37,2500,15600,10005.48,5594.52,Oeste,Mayorista
V001038,2025-07-11,C031,P007,6,850,494.02,0,5100,2964.12,2135.88,Norte,Mayorista
V001039,2025-12-15,C009,P008,7,1100,719.14,0,7700,5033.98,2666.02,Sur,Revendedor
V001040,2025-02-25,C042,P011,13,3900,2065.86,3200,50700,30056.18,20643.82,Sur,Lavandería
V001041,2025-03-03,C030,P007,7,1700,947.93,0,11900,6635.51,5264.49, sur ,Gastronomía
V001042,2025-01-07,C050,P007,30,1250,619.8,1800,37500,20394.0,17106.0,Norte,MINORISTA
V001043,2025-02-04,C028,P014,20,3900,2339.6,0,78000,46792.0,31208.0,Oeste,Gastronomía
V001044,2025-02-18,C077,P011,25,1100,615.66,4500,27500,19891.5,7608.5,Norte,Lavandería
V001045,2025-02-04,C043,P001,29,2100,1265.56,4500,60900,41201.24,19698.76,Oeste,Revendedor
V001046,2025-10-28,C002,P008,2,3900,2582.37,0,7800,5164.74,2635.26,Norte,Mayorista
V001047,2025-08-08,C032,P020,6,850,436.06,2500,5100,5116.36,-16.36,Norte,Mayorista
V001048,2025-03-19,C049,P007,3,1250,877.02,3200,3750,5831.06,-2081.06,Sur,Gastronomía
V001049,2025-03-10,C036,P011,3,3200,2144.09,2500,9600,8932.27,667.73,Norte,Minorista
V001050,2025-04-28,C043,P011,16,1250,761.79,4500,20000,16688.64,3311.36,Oeste,Mayorista
V001051,2025-11-08,C049,P017,21,1100,644.78,0,23100,13540.38,9559.62,CABA,Lavandería
V001052,2025-02-05,C025,P002,10,1250,637.67,1200,12500,7576.7,4923.3,Oeste,Mayorista
V001053,2025-09-17,C011,P014,30,1450,753.13,1200,43500,23793.9,19706.1,Oeste,Lavandería
V001054,2025-04-01,C078,P008,20,1450,896.59,4500,29000,22431.8,6568.2,Oeste,Gastronomía
V001055,2025-09-04,C011,P012,26,2100,1092.55,2500,54600,30906.3,23693.7,Sur,Revendedor
V001056,2025-11-09,C056,P005,31,850,563.43,2500,26350,19966.33,6383.67,CABA,Gastronomía
V001057,2025-11-01,C069,P005,12,1450,828.4,1800,17400,11740.8,5659.2,Sur,Gastronomía
V001058,2025-07-12,C072,P020,31,950,531.98,4500,29450,20991.38,8458.62,Sur,Mayorista
V001059,2025-03-21,C025,P001,1,3200,2096.92,1800,3200,3896.92,-696.92,Sur,Lavandería
V001060,2025-08-01,C051,P012,25,2600,1440.07,3200,65000,39201.75,25798.25,CABA,Lavandería
V001061,2025-01-20,C016,P013,11,1250,828.89,1800,13750,10917.79,2832.21,Norte,Revendedor
V001062,2025-12-30,C063,P012,4,2100,1474.97,4500,8400,10399.88,-1999.88,Oeste,Mayorista
V001063,2025-09-02,C005,P012,2,1100,596.99,2500,2200,3693.98,-1493.98,Oeste,Gastronomía
V001064,2025-05-07,C078,P019,11,850,431.81,0,9350,4749.91,4600.09,Sur,Lavandería
V001065,2025-12-28,C076,P003,34,1250,862.8,1200,42500,30535.2,11964.8,Sur,Gastronomía
V001066,2025-12-21,C039,P017,35,2100,1303.38,4500,73500,50118.3,23381.7,Sur,Minorista
V001067,2025-02-25,C074,P012,10,1450,956.56,4500,14500,14065.6,434.4,Sur,Gastronomía
V001068,2025-01-04,C022,P016,1,950,471.92,4500,950,4971.92,-4021.92,Sur,Revendedor
V001069,2025-08-02,C037,P014,11,1100,626.91,4500,12100,11396.01,703.99,Oeste,Mayorista
V001070,2025-09-07,C024,P017,8,2600,1601.87,1200,20800,14014.96,6785.04,Oeste,Mayorista
V001071,2025-01-31,C024,P007,17,2100,1230.13,3200,35700,24112.21,11587.79,CABA,Mayorista
V001072,2025-02-10,C038,P003,25,950,519.1,1800,23750,14777.5,8972.5,CABA,Revendedor
V001073,2025-05-01,C062,P016,7,850,420.46,0,5950,2943.22,3006.78,CABA,Minorista
V001074,2025-04-19,C067,P001,25,3900,2358.79,1800,97500,60769.75,36730.25,Sur,Lavandería
V001075,2025-06-22,C078,P014,22,1700,1094.2,1800,37400,25872.4,11527.6,Norte,Mayorista
V001076,2025-07-04,C052,P013,4,1700,1172.22,0,6800,4688.88,2111.12,CABA,Lavandería
V001077,2025-12-24,C052,P005,2,3900,1987.03,3200,7800,7174.06,625.94,Norte,Mayorista
V001078,2025-07-08,C058,P020,31,3200,1853.28,1200,99200,58651.68,40548.32,CABA,Gastronomía
V001079,2025-01-09,C047,P002,21,2600,1393.74,2500,54600,31768.54,22831.46,Sur,Revendedor
V001080,2025-02-11,C045,P014,31,950,623.42,1800,29450,21126.02,8323.98,Oeste,Mayorista
V001081,2025-09-24,C074,P017,3,1100,659.45,0,3300,1978.35,1321.65,Norte,Revendedor
V001082,2025-08-28,C022,P015,8,2600,1661.49,1200,20800,14491.92,6308.08,Oeste,Mayorista
V001083,2025-03-29,C012,P004,28,850,440.69,1800,23800,14139.32,9660.68,Sur,Gastronomía
V001084,2025-04-23,C033,P016,8,1100,771.6,4500,8800,10672.8,-1872.8,Sur,Minorista
V001085,2025-12-21,C043,P008,5,1700,969.82,4500,8500,9349.1,-849.1,Sur,Revendedor
V001086,2025-08-12,C030,P008,17,950,522.34,0,16150,8879.78,7270.22,CABA,Gastronomía
V001087,2025-10-31,C025,P004,24,1100,753.28,2500,26400,20578.72,5821.28,CABA,Gastronomía
V001088,2025-02-01,C076,P018,13,2100,1501.84,1800,27300,21323.92,5976.08,Norte,Mayorista
V001089,2025-09-24,C078,P019,15,950,546.13,3200,14250,11391.95,2858.05,Sur,Gastronomía
V001090,2025-03-16,C038,P008,32,2600,1339.99,1800,83200,44679.68,38520.32,Oeste,Minorista
V001091,2025-11-03,C041,P010,33,950,518.35,4500,31350,21605.55,9744.45,Sur,Mayorista
V001092,2025-09-11,C038,P013,4,1700,878.3,4500,6800,8013.2,-1213.2,Oeste,Mayorista
V001093,2025-12-25,C007,P006,32,2100,1158.75,4500,67200,41580.0,25620.0,Oeste,Minorista
V001094,2025-10-08,C051,P011,28,2600,1865.96,2500,72800,54746.88,18053.12,Sur,Minorista
V001095,2025-09-28,C037,P010,13,3200,1838.42,1200,41600,25099.46,16500.54,Norte,Revendedor
V001096,2025-01-28,C039,P015,11,3900,2000.76,4500,42900,26508.36,16391.64,Sur,Gastronomía
V001097,2025-03-16,C027,P007,13,850,481.89,3200,11050,9464.57,1585.43,CABA,Mayorista
V001098,2025-07-12,C055,P006,4,950,537.07,2500,3800,4648.28,-848.28,Oeste,Minorista
V001099,2025-03-02,C066,P011,28,1100,693.52,2500,30800,21918.56,8881.44,Oeste,Minorista
V001100,2025-03-02,C031,P013,32,1450,935.42,1200,46400,31133.44,15266.56,Sur,Minorista
V001101,2025-08-26,C049,P009,29,1700,820.73,0,49300,23801.17,25498.83,CABA,Minorista
V001102,2025-09-08,C066,P008,2,3900,2408.31,3200,7800,8016.62,-216.62,Sur,Gastronomía
V001103,2025-12-22,C013,P019,12,2100,1252.03,4500,25200,19524.36,5675.64,Sur,Gastronomía
V001104,2025-10-20,C017,P004,21,950,618.74,3200,19950,16193.54,3756.46,Oeste,Lavandería
V001105,2025-12-25,C003,P013,35,3200,1911.22,3200,112000,70092.7,41907.3,CABA,Mayorista
V001106,2025-12-04,C016,P006,12,850,521.16,1800,10200,8053.92,2146.08,CABA,Minorista
V001107,2025-03-07,C074,P007,11,950,584.25,0,10450,6426.75,4023.25,CABA,Minorista
V001108,2025-09-17,C039,P012,35,1100,639.69,4500,38500,26889.15,11610.85,CABA,Mayorista
V001109,2025-06-03,C006,P017,19,3200,1877.7,3200,60800,38876.3,21923.7,Sur,Gastronomía
V001110,2025-09-25,C046,P020,35,3200,1697.16,0,112000,59400.6,52599.4,CABA,Mayorista
V001111,2025-01-19,C025,P005,20,1250,887.23,3200,25000,20944.6,4055.4,Oeste,Revendedor
V001112,2025-07-03,C036,P005,28,950,581.37,1800,26600,18078.36,8521.64,Sur,Mayorista
V001113,2025-07-24,C059,P003,17,2100,1481.86,1200,35700,26391.62,9308.38,Oeste,Minorista
V001114,2025-11-19,C035,P007,24,3900,2487.25,3200,93600,62894.0,30706.0,Oeste,Lavandería
V001115,2025-03-20,C041,P014,25,850,604.66,1200,21250,16316.5,4933.5,CABA,Gastronomía
V001116,2025-03-05,C069,P004,27,950,531.09,0,25650,14339.43,11310.57,Norte,Gastronomía
V001117,2025-05-20,C019,P008,18,850,427.98,1200,15300,8903.64,6396.36,Sur,Minorista
V001118,2025-03-05,C023,P017,20,3900,2640.78,2500,78000,55315.6,22684.4,CABA,Revendedor
V001119,2025-06-28,C074,P010,18,3900,1964.73,0,70200,35365.14,34834.86,Oeste,Gastronomía
V001120,2025-07-19,C024,P012,35,3200,1992.67,2500,112000,72243.45,39756.55,Sur,Revendedor
V001121,2025-03-07,C034,P001,33,1100,701.6,1200,36300,24352.8,11947.2,Sur,Revendedor
V001122,2025-05-17,C007,P012,16,3900,2263.48,2500,62400,38715.68,23684.32,Oeste,Lavandería
V001123,2025-07-01,C060,P017,19,1450,1027.51,3200,27550,22722.69,4827.31,Oeste,Gastronomía
V001124,2025-11-22,C012,P010,27,1700,1160.86,4500,45900,35843.22,10056.78,CABA,Minorista
V001125,2025-05-03,C012,P006,4,950,625.5,3200,3800,5702.0,-1902.0,Sur,Minorista
V001126,2025-08-06,C066,P005,31,2600,1569.37,4500,80600,53150.47,27449.53,CABA,Lavandería
V001127,2025-01-08,C079,P007,1,2100,1362.11,4500,2100,5862.11,-3762.11,Norte,Mayorista
V001128,2025-12-05,C068,P020,3,3900,2291.94,1200,11700,8075.82,3624.18,Oeste,Mayorista
V001129,2025-02-08,C047,P005,33,1700,1204.61,2500,56100,42252.13,13847.87,Sur,Lavandería
V001130,2025-03-29,C048,P004,22,1250,849.52,0,27500,18689.44,8810.56,Norte,Gastronomía
V001131,2025-09-05,C038,P009,14,850,558.56,3200,11900,11019.84,880.16,Sur,Mayorista
V001132,2025-06-06,C066,P002,30,3900,2666.06,0,117000,79981.8,37018.2,Norte,Minorista
V001133,2025-11-12,C059,P011,20,1700,859.72,1800,34000,18994.4,15005.6,Oeste,Lavandería
V001134,2025-07-01,C002,P004,28,2600,1371.27,3200,72800,41595.56,31204.44,Oeste,Lavandería
V001135,2025-03-05,C063,P001,10,1450,774.68,2500,14500,10246.8,4253.2,Norte,Gastronomía
V001136,2025-07-06,C055,P006,35,1450,733.83,2500,50750,28184.05,22565.95,Sur,Mayorista
V001137,2025-03-13,C046,P014,1,1700,1176.5,4500,1700,5676.5,-3976.5,Oeste,Minorista
V001138,2025-04-08,C037,P002,9,2100,1220.21,1800,18900,12781.89,6118.11,CABA,Mayorista
V001139,2025-12-08,C026,P016,18,950,552.01,3200,17100,13136.18,3963.82,Sur,Mayorista
V001140,2025-06-16,C052,P017,25,1100,556.97,0,27500,13924.25,13575.75,CABA,Mayorista
V001141,2025-03-21,C045,P017,1,1250,615.61,1800,1250,2415.61,-1165.61,Sur,Revendedor
V001142,2025-01-05,C056,P016,19,1450,865.1,2500,27550,18936.9,8613.1,Oeste,Revendedor
V001143,2025-03-20,C066,P006,16,1450,962.82,1800,23200,17205.12,5994.88,Oeste,Lavandería
V001144,2025-04-12,C061,P004,33,3900,2041.59,3200,128700,70572.47,58127.53,Oeste,Mayorista
V001145,2025-03-03,C017,P013,3,1450,1040.66,1200,4350,4321.98,28.02,Sur,Minorista
V001146,2025-11-12,C026,P003,4,2100,1213.28,1800,8400,6653.12,1746.88,Oeste,Mayorista
V001147,2025-06-22,C055,P016,4,3200,1863.99,0,12800,7455.96,5344.04,Norte,Minorista
V001148,2025-05-18,C047,P009,23,2100,1132.47,0,48300,26046.81,22253.19,Oeste,Minorista
V001149,2025-01-01,C007,P011,14,1450,860.28,3200,20300,15243.92,5056.08,CABA,Lavandería
V001150,2025-04-05,C033,P016,24,1700,940.18,0,40800,22564.32,18235.68,CABA,Revendedor
V001151,2025-03-08,C043,P012,24,3900,2367.01,1800,93600,58608.24,34991.76,Oeste,Gastronomía
V001152,2025-04-18,C075,P013,6,950,485.75,4500,5700,7414.5,-1714.5,CABA,Minorista
V001153,2025-10-28,C025,P007,29,950,473.07,3200,27550,16919.03,10630.97,Norte,Gastronomía
V001154,2025-08-31,C026,P018,10,850,434.08,2500,8500,6840.8,1659.2,Norte,Revendedor
V001155,2025-06-27,C047,P015,8,2100,1042.13,2500,16800,10837.04,5962.96,CABA,Mayorista
V001156,2025-11-03,C036,P005,19,850,602.98,0,16150,11456.62,4693.38,Oeste,Lavandería
V001157,2025-09-11,C069,P017,5,1100,643.56,3200,5500,6417.8,-917.8,Sur,Revendedor
V001158,2025-07-19,C052,P020,18,1250,655.22,1200,22500,12993.96,9506.04,Oeste,Revendedor
V001159,2025-12-23,C002,P017,30,3200,2079.56,3200,96000,65586.8,30413.2,Norte,Gastronomía
V001160,2025-04-23,C038,P009,8,1100,587.12,3200,8800,7896.96,903.04,Oeste,Gastronomía
V001161,2025-01-21,C019,P009,9,1450,999.94,0,13050,8999.46,4050.54,Oeste,Mayorista
V001162,2025-10-01,C015,P001,23,3900,2782.0,1800,89700,65786.0,23914.0,CABA,Revendedor
V001163,2025-05-16,C018,P014,19,1700,1217.99,4500,32300,27641.81,4658.19,CABA,Gastronomía
V001164,2025-04-23,C036,P006,17,850,517.63,3200,14450,11999.71,2450.29,CABA,Lavandería
V001165,2025-12-01,C033,P020,14,2600,1385.68,1800,36400,21199.52,15200.48,Oeste,Revendedor
V001166,2025-11-19,C051,P005,29,1250,818.94,2500,36250,26249.26,10000.74,Norte,Mayorista
V001167,2025-09-03,C012,P016,12,2600,1363.46,1200,31200,17561.52,13638.48,Oeste,Revendedor
V001168,2025-09-09,C024,P010,2,1450,752.7,1200,2900,2705.4,194.6,Sur,Revendedor
V001169,2025-04-07,C009,P005,5,2100,1131.61,4500,10500,10158.05,341.95,Sur,Minorista
V001170,2025-09-27,C018,P001,7,2100,1201.53,0,14700,8410.71,6289.29,CABA,Minorista
V001171,2025-03-09,C032,P003,18,1100,775.79,3200,19800,17164.22,2635.78,CABA,Minorista
V001172,2025-02-24,C070,P011,6,1250,641.77,3200,7500,7050.62,449.38,Sur,Mayorista
V001173,2025-06-07,C043,P016,10,1250,616.76,4500,12500,10667.6,1832.4,Norte,Revendedor
V001174,2025-03-05,C003,P002,7,3200,1763.9,3200,22400,15547.3,6852.7,Sur,Mayorista
V001175,2025-01-01,C029,P001,15,2100,1202.23,1800,31500,19833.45,11666.55,Norte,Mayorista
V001176,2025-12-17,C050,P004,32,1100,789.56,1200,35200,26465.92,8734.08,CABA,Gastronomía
V001177,2025-07-02,C010,P020,22,950,538.19,0,20900,11840.18,9059.82,CABA,Revendedor
V001178,2025-03-19,C023,P014,34,1700,1060.64,4500,57800,40561.76,17238.24,Sur,Mayorista
V001179,2025-12-08,C039,P020,19,1700,1173.16,1800,32300,24090.04,8209.96,Sur,Gastronomía
V001180,2025-05-16,C010,P001,10,1100,612.55,2500,11000,8625.5,2374.5,Sur,Lavandería
V001181,2025-02-04,C015,P019,28,1450,746.34,1800,40600,22697.52,17902.48,Oeste,Mayorista
V001182,2025-07-17,C046,P011,32,2100,1250.57,2500,67200,42518.24,24681.76,Norte,Mayorista
V001183,2025-12-01,C032,P013,27,3200,1917.77,3200,86400,54979.79,31420.21,Sur,Revendedor
V001184,2025-10-02,C030,P013,6,3900,2541.17,3200,23400,18447.02,4952.98,Oeste,Minorista
V001185,2025-05-01,C047,P001,14,850,481.93,2500,11900,9247.02,2652.98,Oeste,Minorista
V001186,2025-01-31,C045,P012,9,1450,856.22,3200,13050,10905.98,2144.02,Sur,Mayorista
V001187,2025-04-18,C029,P002,9,950,675.35,4500,8550,10578.15,-2028.15,Oeste,Lavandería
V001188,2025-01-14,C055,P012,4,950,607.11,0,3800,2428.44,1371.56,Sur,Revendedor
V001189,2025-03-22,C004,P005,24,1100,548.85,0,26400,13172.4,13227.6,CABA,Revendedor
V001190,2025-08-02,C020,P006,31,1100,725.5,4500,34100,26990.5,7109.5,Norte,Lavandería
V001191,2025-07-30,C044,P015,1,1450,734.72,0,1450,734.72,715.28,CABA,Revendedor
V001192,2025-03-30,C065,P006,1,2100,1427.67,4500,2100,5927.67,-3827.67,Sur,Revendedor
V001193,2025-12-31,C034,P019,33,1450,942.85,2500,47850,33614.05,14235.95,Oeste,Gastronomía
V001194,2025-02-17,C067,P013,9,1250,720.12,0,11250,6481.08,4768.92,Oeste,Lavandería
V001195,2025-04-05,C072,P020,5,2600,1545.91,4500,13000,12229.55,770.45,Sur,Lavandería
V001196,2025-03-26,C007,P012,28,1250,680.98,0,35000,19067.44,15932.56,CABA,Gastronomía
V001197,2025-11-05,C043,P001,16,1450,752.64,0,23200,12042.24,11157.76,CABA,Mayorista
V001198,2025-11-02,C002,P010,13,3200,1690.93,0,41600,21982.09,19617.91,Oeste,Gastronomía
V001199,2025-02-13,C073,P019,3,3900,2795.36,2500,11700,10886.08,813.92,CABA,Minorista
V001200,2025-06-11,C012,P010,1,1700,1122.69,2500,1700,3622.69,-1922.69,Oeste,Gastronomía
V001201,2025-07-20,C046,P005,7,1700,982.17,4500,11900,11375.19,524.81,CABA,Revendedor
V001202,2025-03-18,C004,P019,25,2600,1613.89,0,65000,40347.25,24652.75,Norte,Mayorista
V001203,2025-03-19,C060,P003,6,1250,865.32,4500,7500,9691.92,-2191.92,Oeste,Mayorista
V001204,2025-09-14,C067,P020,34,1700,998.57,1200,57800,35151.38,22648.62,Norte,Gastronomía
V001205,2025-07-04,C080,P014,3,2100,1128.51,3200,6300,6585.53,-285.53,CABA,Mayorista
V001206,2025-10-18,C064,P004,1,1100,730.31,1800,1100,2530.31,-1430.31,CABA,Lavandería
V001207,2025-02-18,C059,P011,11,1450,752.19,1800,15950,10074.09,5875.91,Norte,Gastronomía
V001208,2025-02-15,C010,P006,30,1450,1039.18,1800,43500,32975.4,10524.6,Sur,Mayorista
V001209,2025-03-05,C073,P016,3,1700,1166.47,2500,5100,5999.41,-899.41,Sur,Revendedor
V001210,2025-12-15,C017,P015,24,3200,2184.83,1800,76800,54235.92,22564.08,Norte,Minorista
V001211,2025-12-16,C053,P017,29,1450,1001.34,4500,42050,33538.86,8511.14,CABA,Revendedor
V001212,2025-11-26,C008,P008,1,1100,753.21,1800,1100,2553.21,-1453.21,Sur,Mayorista
V001213,2025-10-19,C052,P003,15,2100,1448.58,4500,31500,26228.7,5271.3,CABA,Gastronomía
V001214,2025-08-27,C060,P018,30,950,475.57,4500,28500,18767.1,9732.9,CABA,Lavandería
V001215,2025-08-10,C026,P013,22,950,528.34,3200,20900,14823.48,6076.52,Sur,Mayorista
V001216,2025-12-26,C061,P004,18,2600,1271.89,1200,46800,24094.02,22705.98,Sur,Mayorista
V001217,2025-11-24,C028,P011,3,3900,2596.66,0,11700,7789.98,3910.02,Norte,Lavandería
V001218,2025-08-31,C028,P002,14,850,602.34,4500,11900,12932.76,-1032.76,Sur,Gastronomía
V001219,2025-05-10,C023,P003,10,950,518.45,0,9500,5184.5,4315.5,Norte,Lavandería
V001220,2025-08-03,C068,P007,17,1100,747.26,0,18700,12703.42,5996.58,Sur,Gastronomía
V001221,2025-06-02,C022,P007,23,2100,1250.74,3200,48300,31967.02,16332.98,Oeste,Lavandería
V001222,2025-07-01,C074,P013,1,3200,2137.4,3200,3200,5337.4,-2137.4,Oeste,Minorista
V001223,2025-12-08,C075,P020,10,1700,1086.94,4500,17000,15369.4,1630.6,Norte,Minorista
V001224,2025-03-19,C059,P005,32,1700,862.35,4500,54400,32095.2,22304.8,Sur,Gastronomía
V001225,2025-09-24,C001,P015,9,2600,1646.68,3200,23400,18020.12,5379.88,CABA,Minorista
V001226,2025-04-22,C025,P014,35,1100,686.65,1200,38500,25232.75,13267.25,Norte,Mayorista
V001227,2025-04-08,C074,P001,24,1700,822.61,1800,40800,21542.64,19257.36,CABA,Lavandería
V001228,2025-11-29,C059,P014,27,1700,959.7,3200,45900,29111.9,16788.1,Sur,Revendedor
V001229,2025-06-21,C015,P006,30,2100,1196.05,3200,63000,39081.5,23918.5,Oeste,Revendedor
V001230,2025-08-12,C049,P010,28,1450,940.33,0,40600,26329.24,14270.76,CABA,Minorista
V001231,2025-02-15,C003,P020,27,950,569.18,3200,25650,18567.86,7082.14,CABA,Lavandería
V001232,2025-09-15,C075,P002,19,2100,1114.78,2500,39900,23680.82,16219.18,Sur,Minorista
V001233,2025-04-11,C061,P004,23,2600,1505.67,4500,59800,39130.41,20669.59,Sur,Minorista
V001234,2025-07-11,C029,P017,19,1450,1002.1,1800,27550,20839.9,6710.1,Norte,Lavandería
V001235,2025-12-11,C031,P001,27,850,411.17,1200,22950,12301.59,10648.41,Norte,Revendedor
V001236,2025-11-04,C041,P011,11,3900,2801.29,1200,42900,32014.19,10885.81,Sur,Mayorista
V001237,2025-11-12,C051,P002,28,1100,776.0,2500,30800,24228.0,6572.0,Oeste,Lavandería
V001238,2025-06-12,C067,P006,28,1250,629.87,1200,35000,18836.36,16163.64,CABA,Revendedor
V001239,2025-07-20,C034,P018,11,1700,899.14,0,18700,9890.54,8809.46,CABA,Lavandería
V001240,2025-01-06,C076,P005,2,3900,2534.29,0,7800,5068.58,2731.42,Sur,Minorista
V001241,2025-03-08,C059,P012,12,1250,795.76,1200,15000,10749.12,4250.88,Norte,Mayorista
V001242,2025-10-02,C032,P013,17,850,464.09,1200,14450,9089.53,5360.47,CABA,Revendedor
V001243,2025-02-22,C015,P015,8,950,488.34,1800,7600,5706.72,1893.28,Oeste,Minorista
V001244,2025-02-09,C064,P012,14,2100,1058.74,0,29400,14822.36,14577.64,Sur,Minorista
V001245,2025-09-07,C010,P007,27,2100,1456.42,4500,56700,43823.34,12876.66,Sur,Mayorista
V001246,2025-04-03,C039,P001,12,3900,2462.82,0,46800,29553.84,17246.16,CABA,Gastronomía
V001247,2025-06-27,C062,P020,35,850,440.31,4500,29750,19910.85,9839.15,Norte,Minorista
V001248,2025-04-09,C078,P001,35,850,513.67,1200,29750,19178.45,10571.55,Oeste,Gastronomía
V001249,2025-02-28,C028,P001,21,1100,586.02,4500,23100,16806.42,6293.58,Oeste,Gastronomía
V001250,2025-05-21,C062,P007,6,1700,1104.9,4500,10200,11129.4,-929.4,Norte,Lavandería
V001251,2025-09-11,C056,P017,26,1250,675.03,1200,32500,18750.78,13749.22,Norte,Lavandería
V001252,2025-02-22,C075,P019,20,1100,737.64,4500,22000,19252.8,2747.2,Sur,Lavandería
V001253,2025-08-17,C055,P020,18,1700,1070.15,3200,30600,22462.7,8137.3,Sur,Lavandería
V001254,2025-04-13,C073,P012,24,950,558.46,0,22800,13403.04,9396.96,Norte,Revendedor
V001255,2025-07-29,C038,P020,34,1700,978.51,0,57800,33269.34,24530.66,Oeste,Gastronomía
V001256,2025-08-08,C024,P012,16,950,505.06,1800,15200,9880.96,5319.04,Norte,Mayorista
V001257,2025-06-10,C016,P001,21,850,554.23,1200,17850,12838.83,5011.17,Sur,Revendedor
V001258,2025-06-14,C030,P018,5,2100,1150.94,1200,10500,6954.7,3545.3,Oeste,Minorista
V001259,2025-10-15,C036,P020,5,3900,2707.53,2500,19500,16037.65,3462.35,Sur,Gastronomía
V001260,2025-06-13,C026,P007,4,2600,1559.16,1800,10400,8036.64,2363.36,Sur,Minorista
V001261,2025-03-05,C058,P006,21,3900,2230.35,3200,81900,50037.35,31862.65,CABA,Gastronomía
V001262,2025-01-10,C074,P001,30,1450,741.61,2500,43500,24748.3,18751.7,CABA,Revendedor
V001263,2025-09-28,C006,P011,2,950,563.14,2500,1900,3626.28,-1726.28,Norte,Gastronomía
V001264,2025-06-12,C045,P013,6,3200,2130.9,2500,19200,15285.4,3914.6,CABA,Lavandería
V001265,2025-06-02,C059,P016,8,1700,1198.58,0,13600,9588.64,4011.36,CABA,Mayorista
V001266,2025-01-25,C002,P005,7,1700,1167.45,4500,11900,12672.15,-772.15,Sur,Mayorista
V001267,2025-03-29,C012,P007,24,3200,2295.99,4500,76800,59603.76,17196.24,CABA,Gastronomía
V001268,2025-01-23,C015,P002,20,950,516.13,4500,19000,14822.6,4177.4,Sur,Gastronomía
V001269,2025-12-24,C022,P005,30,950,484.79,1200,28500,15743.7,12756.3,Sur,Lavandería
V001270,2025-12-09,C016,P017,34,1250,773.37,4500,42500,30794.58,11705.42,Sur,Gastronomía
V001271,2025-06-14,C062,P008,6,1450,962.64,4500,8700,10275.84,-1575.84,CABA,Gastronomía
V001272,2025-10-13,C032,P007,5,950,677.56,0,4750,3387.8,1362.2,Oeste,Minorista
V001273,2025-12-10,C028,P015,25,1250,746.29,1800,31250,20457.25,10792.75,Oeste,Revendedor
V001274,2025-09-28,C066,P011,20,2600,1656.9,3200,52000,36338.0,15662.0,CABA,Mayorista
V001275,2025-04-23,C047,P013,29,3900,2352.6,2500,113100,70725.4,42374.6,Oeste,Minorista
V001276,2025-05-23,C055,P006,20,3900,2478.89,1200,78000,50777.8,27222.2,Sur,Minorista
V001277,2025-02-26,C031,P001,30,1100,598.42,2500,33000,20452.6,12547.4,Sur,Gastronomía
V001278,2025-05-16,C016,P018,6,1700,992.04,1200,10200,7152.24,3047.76,Sur,Revendedor
V001279,2025-08-09,C066,P011,4,2600,1418.1,0,10400,5672.4,4727.6,CABA,Lavandería
V001280,2025-08-05,C025,P010,13,2100,1097.03,1800,27300,16061.39,11238.61,Sur,Revendedor
V001281,2025-08-10,C014,P002,16,950,506.06,0,15200,8096.96,7103.04,CABA,Revendedor
V001282,2025-05-17,C031,P003,35,950,518.8,3200,33250,21358.0,11892.0,Sur,Lavandería
V001283,2025-07-21,C013,P008,18,2600,1376.36,1200,46800,25974.48,20825.52,Norte,Gastronomía
V001284,2025-12-28,C077,P010,1,950,498.2,4500,950,4998.2,-4048.2,Sur,Gastronomía
V001285,2025-12-19,C031,P006,21,950,494.0,1800,19950,12174.0,7776.0,Sur,Mayorista
V001286,2025-01-07,C061,P014,22,850,444.21,1800,18700,11572.62,7127.38,CABA,Mayorista
V001287,2025-12-14,C002,P020,23,2600,1611.89,2500,59800,39573.47,20226.53,Oeste,Lavandería
V001288,2025-02-26,C006,P001,19,1250,757.58,1200,23750,15594.02,8155.98,Oeste,Minorista
V001289,2025-02-21,C039,P011,29,2600,1706.52,3200,75400,52689.08,22710.92,Norte,Lavandería
V001290,2025-05-10,C047,P015,1,1700,938.86,1800,1700,2738.86,-1038.86,Sur,Minorista
V001291,2025-05-19,C067,P001,10,2100,1439.56,4500,21000,18895.6,2104.4,Oeste,Gastronomía
V001292,2025-09-12,C004,P008,28,1700,900.17,0,47600,25204.76,22395.24,Oeste,Lavandería
V001293,2025-11-24,C014,P009,35,2600,1864.09,3200,91000,68443.15,22556.85,Oeste,Gastronomía
V001294,2025-12-14,C045,P011,26,3900,2262.59,1800,101400,60627.34,40772.66,Norte,Mayorista
V001295,2025-01-22,C075,P017,22,3900,1987.09,2500,85800,46215.98,39584.02,Norte,Gastronomía
V001296,2025-02-26,C002,P016,10,2600,1672.9,3200,26000,19929.0,6071.0,Norte,Revendedor
V001297,2025-10-13,C021,P010,32,1450,718.49,1800,46400,24791.68,21608.32,CABA,Lavandería
V001298,2025-01-21,C028,P010,8,850,507.63,0,6800,4061.04,2738.96,Sur,Gastronomía
V001299,2025-12-05,C001,P002,17,1100,620.46,1800,18700,12347.82,6352.18,Oeste,Minorista
V001300,2025-05-19,C019,P007,28,3900,2731.49,1800,109200,78281.72,30918.28,Oeste,Minorista
V001301,2025-08-31,C046,P008,25,2100,1209.15,0,52500,30228.75,22271.25,Norte,Gastronomía
V001302,2025-11-02,C040,P006,28,1700,1144.19,1200,47600,33237.32,14362.68,Oeste,Gastronomía
V001303,2025-03-11,C054,P018,13,1450,802.14,1800,18850,12227.82,6622.18,Sur,Revendedor
V001304,2025-04-04,C049,P014,7,1100,667.01,4500,7700,9169.07,-1469.07,Norte,Revendedor
V001305,2025-12-17,C046,P015,23,2100,1243.14,2500,48300,31092.22,17207.78,Sur,Minorista
V001306,2025-10-14,C004,P014,6,1100,690.42,1800,6600,5942.52,657.48,Oeste,Revendedor
V001307,2025-09-20,C048,P005,35,3900,2693.63,0,136500,94277.05,42222.95,Sur,Mayorista
V001308,2025-07-26,C001,P015,34,2600,1771.66,0,88400,60236.44,28163.56,CABA,Gastronomía
V001309,2025-11-29,C014,P011,7,1450,892.77,4500,10150,10749.39,-599.39,Norte,Minorista
V001310,2025-03-04,C075,P017,4,1250,754.88,3200,5000,6219.52,-1219.52,Sur,Mayorista
V001311,2025-04-25,C020,P010,20,850,572.35,3200,17000,14647.0,2353.0,Oeste,Minorista
V001312,2025-02-04,C001,P005,8,3200,1610.39,1200,25600,14083.12,11516.88,CABA,Lavandería
V001313,2025-01-13,C065,P015,26,850,596.91,1800,22100,17319.66,4780.34,Sur,Lavandería
V001314,2025-04-05,C031,P018,17,3900,2509.72,4500,66300,47165.24,19134.76,CABA,Lavandería
V001315,2025-03-16,C003,P006,10,1250,651.23,4500,12500,11012.3,1487.7,Oeste,Lavandería
V001316,2025-09-03,C038,P010,7,3900,2333.41,4500,27300,20833.87,6466.13,Norte,Lavandería
V001317,2025-07-17,C014,P015,27,2100,1082.68,1800,56700,31032.36,25667.64,Sur,Minorista
V001318,2025-10-16,C050,P001,20,850,539.6,4500,17000,15292.0,1708.0,Sur,Minorista
V001319,2025-07-01,C018,P015,30,1450,699.17,1200,43500,22175.1,21324.9,Norte,Revendedor
V001320,2025-09-15,C027,P012,34,2100,1266.57,1200,71400,44263.38,27136.62,Oeste,Gastronomía
V001321,2025-12-02,C073,P011,30,1100,601.48,4500,33000,22544.4,10455.6,Norte,Lavandería
V001322,2025-02-04,C062,P013,31,3900,2488.8,3200,120900,80352.8,40547.2,Norte,Mayorista
V001323,2025-12-24,C042,P019,23,3900,2449.96,2500,89700,58849.08,30850.92,CABA,Minorista
V001324,2025-01-16,C021,P008,7,950,569.87,4500,6650,8489.09,-1839.09,Sur,Gastronomía
V001325,2025-04-29,C031,P004,12,2100,1388.93,2500,25200,19167.16,6032.84,CABA,Minorista
V001326,2025-11-10,C033,P004,3,950,556.67,1800,2850,3470.01,-620.01,CABA,Mayorista
V001327,2025-06-14,C014,P015,25,1100,789.06,3200,27500,22926.5,4573.5,Oeste,Mayorista
V001328,2025-05-10,C063,P015,19,1250,660.36,1200,23750,13746.84,10003.16,Sur,Revendedor
V001329,2025-04-09,C012,P019,2,950,502.41,1200,1900,2204.82,-304.82,CABA,Gastronomía
V001330,2025-07-28,C073,P018,5,1700,891.6,4500,8500,8958.0,-458.0,Sur,Mayorista
V001331,2025-04-17,C074,P016,33,1700,961.45,3200,56100,34927.85,21172.15,Oeste,Minorista
V001332,2025-08-13,C055,P013,5,3900,1945.14,3200,19500,12925.7,6574.3,Norte,Minorista
V001333,2025-03-02,C064,P008,4,3900,2377.94,0,15600,9511.76,6088.24,Oeste,Gastronomía
V001334,2025-05-09,C050,P012,5,1100,783.58,0,5500,3917.9,1582.1,Oeste,Revendedor
V001335,2025-11-09,C065,P010,26,3900,1925.02,4500,101400,54550.52,46849.48,CABA,Revendedor
V001336,2025-08-30,C034,P001,3,1700,987.93,1200,5100,4163.79,936.21,Norte,Minorista
V001337,2025-03-13,C027,P018,22,850,456.07,0,18700,10033.54,8666.46,CABA,Gastronomía
V001338,2025-02-06,C054,P020,6,3200,1903.7,1200,19200,12622.2,6577.8,Norte,Minorista
V001339,2025-02-23,C005,P016,33,1250,795.1,2500,41250,28738.3,12511.7,Sur,Gastronomía
V001340,2025-04-27,C003,P002,2,1250,760.26,2500,2500,4020.52,-1520.52,CABA,Revendedor
V001341,2025-09-04,C007,P013,25,1100,641.45,2500,27500,18536.25,8963.75,Oeste,Minorista
V001342,2025-08-13,C016,P020,24,1700,895.01,2500,40800,23980.24,16819.76,CABA,Mayorista
V001343,2025-04-29,C012,P019,1,1250,723.92,3200,1250,3923.92,-2673.92,CABA,Minorista
V001344,2025-05-08,C008,P003,4,1100,643.78,1800,4400,4375.12,24.88,CABA,Gastronomía
V001345,2025-06-29,C078,P008,19,1100,688.02,2500,20900,15572.38,5327.62,CABA,Minorista
V001346,2025-02-09,C033,P018,14,2600,1688.08,1800,36400,25433.12,10966.88,Oeste,Lavandería
V001347,2025-06-04,C047,P018,19,1250,758.05,1800,23750,16202.95,7547.05,Norte,Revendedor
V001348,2025-09-15,C014,P002,23,2100,1363.57,3200,48300,34562.11,13737.89,Sur,Gastronomía
V001349,2025-02-10,C027,P005,34,1250,691.48,3200,42500,26710.32,15789.68,Oeste,Minorista
V001350,2025-07-10,C019,P002,16,2600,1653.54,2500,41600,28956.64,12643.36,CABA,Minorista
V001351,2025-09-13,C005,P009,18,3900,2231.59,0,70200,40168.62,30031.38,CABA,Gastronomía
V001352,2025-11-09,C050,P016,2,2100,1201.87,0,4200,2403.74,1796.26,Oeste,Mayorista
V001353,2025-07-14,C024,P014,35,850,542.72,0,29750,18995.2,10754.8,Norte,Minorista
V001354,2025-11-08,C044,P009,14,850,477.55,3200,11900,9885.7,2014.3,Sur,Lavandería
V001355,2025-01-30,C014,P018,25,1450,994.76,3200,36250,28069.0,8181.0,Sur,Lavandería
V001356,2025-10-21,C073,P017,17,1100,781.52,2500,18700,15785.84,2914.16,Oeste,Mayorista
V001357,2025-01-08,C036,P009,6,1250,831.4,1800,7500,6788.4,711.6,Norte,Revendedor
V001358,2025-07-22,C005,P020,18,1700,925.65,1800,30600,18461.7,12138.3,CABA,Minorista
V001359,2025-06-07,C073,P011,17,1100,645.17,0,18700,10967.89,7732.11,Sur,Minorista
V001360,2025-08-27,C005,P012,31,3200,1703.3,0,99200,52802.3,46397.7,CABA,Gastronomía
V001361,2025-11-09,C071,P011,5,2600,1360.2,1800,13000,8601.0,4399.0,Norte,Lavandería
V001362,2025-03-07,C030,P006,10,3900,2486.0,1200,39000,26060.0,12940.0,CABA,Minorista
V001363,2025-04-05,C065,P015,21,850,520.9,1200,17850,12138.9,5711.1,CABA,Gastronomía
V001364,2025-05-12,C003,P012,35,850,530.52,1800,29750,20368.2,9381.8,CABA,Minorista
V001365,2025-09-17,C057,P004,33,950,510.03,1800,31350,18630.99,12719.01,Norte,Lavandería
V001366,2025-02-06,C055,P010,10,850,474.61,1800,8500,6546.1,1953.9,Norte,Lavandería
V001367,2025-11-30,C048,P016,19,3900,1901.16,1800,74100,37922.04,36177.96,CABA,Gastronomía
V001368,2025-03-18,C076,P001,7,3900,2069.94,1800,27300,16289.58,11010.42,Norte,Mayorista
V001369,2025-07-13,C075,P002,10,2100,1392.36,4500,21000,18423.6,2576.4,CABA,Minorista
V001370,2025-04-25,C073,P017,27,3200,2098.98,3200,86400,59872.46,26527.54,CABA,Revendedor
V001371,2025-08-30,C068,P017,29,1700,925.83,3200,49300,30049.07,19250.93,Norte,Mayorista
V001372,2025-06-18,C032,P012,15,2600,1444.45,0,39000,21666.75,17333.25,Oeste,Lavandería
V001373,2025-07-29,C047,P003,23,3200,1924.33,1800,73600,46059.59,27540.41,Sur,Revendedor
V001374,2025-04-28,C058,P014,15,3900,2646.84,1200,58500,40902.6,17597.4,Oeste,Lavandería
V001375,2025-12-12,C075,P005,17,1450,814.87,0,24650,13852.79,10797.21,CABA,Lavandería
V001376,2025-08-04,C065,P005,32,1250,869.96,2500,40000,30338.72,9661.28,CABA,Mayorista
V001377,2025-03-03,C054,P009,31,950,484.82,0,29450,15029.42,14420.58,Sur,Minorista
V001378,2025-12-20,C022,P003,9,3200,2201.76,2500,28800,22315.84,6484.16,Sur,Gastronomía
V001379,2025-03-07,C052,P018,16,1450,737.42,1800,23200,13598.72,9601.28,CABA,Minorista
V001380,2025-02-07,C046,P015,27,2600,1710.2,2500,70200,48675.4,21524.6,Norte,Lavandería
V001381,2025-12-25,C018,P006,33,950,490.71,0,31350,16193.43,15156.57,Norte,Lavandería
V001382,2025-07-14,C042,P015,12,3200,2090.91,1800,38400,26890.92,11509.08,CABA,Mayorista
V001383,2025-06-02,C064,P011,4,3900,2356.55,3200,15600,12626.2,2973.8,Sur,Gastronomía
V001384,2025-06-15,C050,P011,12,1100,539.07,4500,13200,10968.84,2231.16,Oeste,Lavandería
V001385,2025-09-23,C036,P019,21,950,535.19,1200,19950,12438.99,7511.01,CABA,Gastronomía
V001386,2025-05-21,C063,P015,15,1100,604.16,1800,16500,10862.4,5637.6,CABA,Mayorista
V001387,2025-12-08,C036,P005,7,1250,765.65,3200,8750,8559.55,190.45,Oeste,Minorista
V001388,2025-11-03,C006,P018,35,1250,602.0,0,43750,21070.0,22680.0, norte ,Mayorista
V001389,2025-05-25,C074,P014,29,3200,1632.91,2500,92800,49854.39,42945.61,Norte,Minorista
V001390,2025-12-28,C016,P015,28,2600,1412.15,1200,72800,40740.2,32059.8,Norte,Minorista
V001391,2025-07-01,C011,P008,5,1700,879.94,1800,8500,6199.7,2300.3,Norte,Lavandería
V001392,2025-11-19,C066,P003,21,850,496.41,4500,17850,14924.61,2925.39,Norte,Mayorista
V001393,2025-10-13,C005,P001,16,1100,682.79,1200,17600,12124.64,5475.36,Oeste,Gastronomía
V001394,2025-08-29,C020,P016,12,2600,1424.34,1200,31200,18292.08,12907.92,CABA,Revendedor
V001395,2025-04-20,C001,P014,5,2600,1596.03,1200,13000,9180.15,3819.85,Oeste,Minorista
V001396,2025-08-03,C034,P020,25,3900,2091.69,1800,97500,54092.25,43407.75,Sur,Revendedor
V001397,2025-12-03,C024,P010,15,1450,928.46,2500,21750,16426.9,5323.1,Sur,Revendedor
V001398,2025-07-02,C070,P016,19,950,505.92,1800,18050,11412.48,6637.52,Sur,Lavandería
V001399,2025-06-16,C032,P014,8,1100,650.69,1800,8800,7005.52,1794.48,CABA,Gastronomía
V001400,2025-12-23,C051,P005,31,2600,1623.06,4500,80600,54814.86,25785.14,Oeste,Minorista
V001401,2025-05-29,C035,P017,14,2100,1038.64,1800,29400,16340.96,13059.04,Norte,Gastronomía
V001402,2025-07-30,C051,P015,28,2100,1139.39,0,58800,31902.92,26897.08,Norte,Lavandería
V001403,2025-04-23,C044,P002,20,2600,1503.72,3200,52000,33274.4,18725.6,Oeste,Revendedor
V001404,2025-04-16,C015,P020,22,1100,687.71,0,24200,15129.62,9070.38,CABA,Lavandería
V001405,2025-02-16,C043,P012,5,850,513.8,1800,4250,4369.0,-119.0,Oeste,Mayorista
V001406,2025-10-02,C051,P008,19,1100,768.41,1800,20900,16399.79,4500.21,Sur,Mayorista
V001407,2025-10-11,C032,P001,3,850,562.04,3200,2550,4886.12,-2336.12,CABA,Revendedor
V001408,2025-07-23,C063,P002,11,1450,800.91,1200,15950,10010.01,5939.99,Oeste,Minorista
V001409,2025-05-20,C016,P013,26,1100,744.03,1800,28600,21144.78,7455.22,CABA,Minorista
V001410,2025-02-07,C065,P014,2,850,559.5,3200,1700,4319.0,-2619.0,Oeste,Minorista
V001411,2025-10-29,C051,P007,20,1700,989.46,4500,34000,24289.2,9710.8,CABA,Gastronomía
V001412,2025-05-21,C059,P007,7,1450,1033.3,3200,10150,10433.1,-283.1,Sur,Lavandería
V001413,2025-05-30,C055,P003,15,2100,1290.74,2500,31500,21861.1,9638.9,Norte,Revendedor
V001414,2025-09-17,C032,P013,2,2600,1702.0,1800,5200,5204.0,-4.0,CABA,Lavandería
V001415,2025-04-25,C074,P001,26,1250,734.13,2500,32500,21587.38,10912.62,CABA,Gastronomía
V001416,2025-06-20,C019,P003,7,3200,1665.99,2500,22400,14161.93,8238.07,Oeste,Minorista
V001417,2025-03-14,C052,P020,31,3200,2091.29,3200,99200,68029.99,31170.01,Oeste,Minorista
V001418,2025-09-10,C033,P014,20,1700,1156.4,0,34000,23128.0,10872.0,Norte,Revendedor
V001419,2025-11-03,C053,P001,18,1250,826.51,2500,22500,17377.18,5122.82,Sur,Gastronomía
V001420,2025-11-30,C031,P011,30,2600,1569.01,4500,78000,51570.3,26429.7,CABA,Minorista
V001421,2025-08-06,C010,P013,9,850,441.07,4500,7650,8469.63,-819.63,CABA,Mayorista
V001422,2025-04-12,C057,P004,3,2100,1257.57,4500,6300,8272.71,-1972.71,Sur,Mayorista
V001423,2025-10-08,C054,P013,1,1450,736.92,1800,1450,2536.92,-1086.92,Norte,Revendedor
V001424,2025-06-15,C079,P012,11,1100,604.61,4500,12100,11150.71,949.29,Oeste,Revendedor
V001425,2025-07-10,C067,P020,17,2600,1536.84,1800,44200,27926.28,16273.72,Oeste,Mayorista
V001426,2025-09-26,C061,P001,21,2100,1098.33,2500,44100,25564.93,18535.07,CABA,Minorista
V001427,2025-06-09,C025,P007,7,3200,1888.2,0,22400,13217.4,9182.6,CABA,Revendedor
V001428,2025-08-28,C077,P006,5,1700,1075.63,1200,8500,6578.15,1921.85,Norte,Minorista
V001429,2025-04-09,C036,P010,28,3900,2554.65,1800,109200,73330.2,35869.8,Sur,Gastronomía
V001430,2025-10-15,C070,P007,5,3900,2014.67,4500,19500,14573.35,4926.65,Oeste,Gastronomía
V001431,2025-04-02,C034,P019,7,1100,738.38,3200,7700,8368.66,-668.66,Sur,Gastronomía
V001432,2025-10-22,C076,P020,18,3900,2497.71,2500,70200,47458.78,22741.22,Oeste,Mayorista
V001433,2025-01-02,C030,P007,6,3900,2009.12,1200,23400,13254.72,10145.28,Sur,Minorista
V001434,2025-06-15,C010,P002,9,3200,2155.96,2500,28800,21903.64,6896.36,Sur,Gastronomía
V001435,2025-06-04,C065,P004,16,3200,1838.01,2500,51200,31908.16,19291.84,Sur,Gastronomía
V001436,2025-06-09,C067,P011,34,950,657.39,1200,32300,23551.26,8748.74,Oeste,Gastronomía
V001437,2025-12-31,C019,P014,29,2600,1681.74,1800,75400,50570.46,24829.54,CABA,Revendedor
V001438,2025-08-11,C045,P006,2,1700,1164.99,4500,3400,6829.98,-3429.98,Norte,Lavandería
V001439,2025-04-20,C079,P018,13,2100,1196.6,4500,27300,20055.8,7244.2,CABA,Mayorista
V001440,2025-08-15,C047,P017,13,850,527.58,1800,11050,8658.54,2391.46,CABA,Gastronomía
V001441,2025-05-10,C065,P001,18,850,540.03,4500,15300,14220.54,1079.46,Sur,Lavandería
V001442,2025-01-23,C033,P009,4,3900,2642.63,4500,15600,15070.52,529.48,Sur,Revendedor
V001443,2025-11-20,C059,P016,12,2600,1715.96,4500,31200,25091.52,6108.48,CABA,Minorista
V001444,2025-07-09,C004,P020,10,1100,757.92,1200,11000,8779.2,2220.8,CABA,Lavandería
V001445,2025-03-03,C008,P015,4,1700,855.77,3200,6800,6623.08,176.92,Norte,Mayorista
V001446,2025-12-02,C079,P001,22,1700,1182.28,1200,37400,27210.16,10189.84,Norte,Revendedor
V001447,2025-01-08,C052,P014,4,950,499.99,3200,3800,5199.96,-1399.96,Oeste,Gastronomía
V001448,2025-02-12,C023,P015,3,1450,907.77,4500,4350,7223.31,-2873.31,Sur,Mayorista
V001449,2025-11-22,C001,P010,18,3200,1805.33,1800,57600,34295.94,23304.06,Sur,Revendedor
V001450,2025-12-23,C012,P019,30,950,482.51,0,28500,14475.3,14024.7,Oeste,Minorista
V001451,2025-04-06,C041,P019,2,1100,736.23,1200,2200,2672.46,-472.46,Norte,Lavandería
V001452,2025-02-11,C032,P010,13,1100,609.97,2500,14300,10429.61,3870.39,Norte,Mayorista
V001453,2025-05-23,C018,P019,21,2100,1121.88,1200,44100,24759.48,19340.52,Norte,Mayorista
V001454,2025-04-01,C038,P009,29,1450,728.16,1800,42050,22916.64,19133.36,Norte,Gastronomía
V001455,2025-11-25,C067,P015,11,850,601.73,3200,9350,9819.03,-469.03,Sur,Mayorista
V001456,2025-10-03,C073,P007,28,1700,1079.57,4500,47600,34727.96,12872.04,Norte,Mayorista
V001457,2025-06-25,C065,P018,18,950,573.03,1200,17100,11514.54,5585.46,Norte,Mayorista
V001458,2025-08-28,C034,P002,8,3200,2041.6,1200,25600,17532.8,8067.2,Sur,Mayorista
V001459,2025-08-28,C076,P011,24,3900,2225.72,3200,93600,56617.28,36982.72,CABA,Gastronomía
V001460,2025-12-26,C014,P012,1,1100,639.25,1800,1100,2439.25,-1339.25,Norte,Minorista
V001461,2025-04-06,C046,P010,11,2600,1589.19,0,28600,17481.09,11118.91,Sur,Revendedor
V001462,2025-08-22,C076,P019,28,2100,1246.68,1200,58800,36107.04,22692.96,Norte,Gastronomía
V001463,2025-11-04,C044,P016,26,1450,709.96,1200,37700,19658.96,18041.04,CABA,Lavandería
V001464,2025-08-07,C035,P019,26,3900,1898.73,3200,101400,52566.98,48833.02,Oeste,Gastronomía
V001465,2025-11-02,C068,P007,9,1100,703.14,0,9900,6328.26,3571.74,CABA,Gastronomía
V001466,2025-03-14,C045,P015,26,1100,649.6,4500,28600,21389.6,7210.4,Oeste,Mayorista
V001467,2025-03-30,C039,P010,6,1100,590.35,1200,6600,4742.1,1857.9,Sur,Minorista
V001468,2025-05-06,C020,P018,24,850,505.38,1800,20400,13929.12,6470.88,CABA,Lavandería
V001469,2025-10-09,C051,P007,31,2100,1427.0,4500,65100,48737.0,16363.0,Oeste,Minorista
V001470,2025-07-18,C017,P011,9,2100,1397.72,1800,18900,14379.48,4520.52,Sur,Revendedor
V001471,2025-07-21,C069,P003,23,2600,1666.0,3200,59800,41518.0,18282.0,CABA,Mayorista
V001472,2025-11-08,C023,P008,24,1700,954.66,0,40800,22911.84,17888.16,Sur,Minorista
V001473,2025-11-27,C030,P005,32,1250,613.27,1800,40000,21424.64,18575.36,Sur,Minorista
V001474,2025-06-23,C050,P006,28,1100,603.23,2500,30800,19390.44,11409.56,Sur,Minorista
V001475,2025-05-14,C054,P006,11,2100,1351.9,0,23100,14870.9,8229.1,Sur,Minorista
V001476,2025-06-27,C013,P013,1,1100,612.22,3200,1100,3812.22,-2712.22,Sur,Lavandería
V001477,2025-01-06,C063,P013,28,850,469.8,1800,23800,14954.4,8845.6,CABA,Revendedor
V001478,2025-08-19,C065,P012,31,1700,1160.42,1800,52700,37773.02,14926.98,CABA,Mayorista
V001479,2025-08-06,C069,P013,6,1100,529.84,4500,6600,7679.04,-1079.04,Norte,Mayorista
V001480,2025-09-21,C079,P015,28,850,502.81,0,23800,14078.68,9721.32,CABA,Lavandería
V001481,2025-08-24,C047,P002,24,1450,844.14,4500,34800,24759.36,10040.64,Norte,Minorista
V001482,2025-10-05,C035,P006,19,1700,986.16,2500,32300,21237.04,11062.96,Norte,Gastronomía
V001483,2025-11-22,C005,P020,8,1700,1114.62,3200,13600,12116.96,1483.04,Sur,Mayorista
V001484,2025-03-31,C011,P018,7,1100,719.87,4500,7700,9539.09,-1839.09,Sur,Lavandería
V001485,2025-05-21,C045,P015,16,3200,1973.04,0,51200,31568.64,19631.36,CABA,Gastronomía
V001486,2025-07-10,C005,P005,7,2100,1266.37,4500,14700,13364.59,1335.41,CABA,Gastronomía
V001487,2025-11-23,C039,P014,26,850,445.52,4500,22100,16083.52,6016.48,Norte,Minorista
V001488,2025-08-10,C015,P007,17,1450,910.22,3200,24650,18673.74,5976.26,Oeste,Minorista
V001489,2025-07-11,C074,P016,14,2100,1146.49,4500,29400,20550.86,8849.14,Oeste,Gastronomía
V001490,2025-09-14,C006,P020,26,1100,707.05,1800,28600,20183.3,8416.7,CABA,Lavandería
V001491,2025-04-17,C003,P014,9,1450,788.93,3200,13050,10300.37,2749.63,Norte,Minorista
V001492,2025-04-24,C029,P001,21,1250,619.12,1800,26250,14801.52,11448.48,Sur,Revendedor
V001493,2025-08-04,C077,P011,35,2100,1247.7,3200,73500,46869.5,26630.5,CABA,Gastronomía
V001494,2025-06-24,C041,P012,29,1100,649.95,4500,31900,23348.55,8551.45,Sur,Mayorista
V001495,2025-09-30,C022,P013,17,2100,1024.26,3200,35700,20612.42,15087.58,CABA,Lavandería
V001496,2025-10-15,C045,P003,14,3200,1819.54,1800,44800,27273.56,17526.44,Norte,Lavandería
V001497,2025-12-12,C060,P001,10,3900,2419.5,3200,39000,27395.0,11605.0,Norte,Revendedor
V001498,2025-08-09,C054,P001,19,3200,2107.43,1200,60800,41241.17,19558.83,Sur,Revendedor
V001499,2025-03-09,C049,P020,8,950,546.23,1200,7600,5569.84,2030.16,CABA,Revendedor
V001500,2025-05-29,C023,P006,26,3200,1849.74,1200,83200,49293.24,33906.76,Sur,Revendedor
V001501,2025-05-23,C041,P012,7,1700,1020.94,3200,11900,10346.58,1553.42,Sur,Mayorista
V001502,2025-07-26,C064,P015,19,2600,1345.95,1200,49400,26773.05,22626.95,Sur,Gastronomía
V001503,2025-01-02,C069,P011,30,1100,708.4,0,33000,21252.0,11748.0,Sur,Revendedor
V001504,2025-12-01,C054,P014,27,1250,790.93,3200,33750,24555.11,9194.89,Oeste,Mayorista
V001505,2025-11-09,C080,P017,6,3900,2406.07,2500,23400,16936.42,6463.58,CABA,Gastronomía
V001506,2025-11-09,C032,P006,31,950,673.02,0,29450,20863.62,8586.38,Sur,Revendedor
V001507,2025-09-19,C025,P006,30,1700,1111.01,1200,51000,34530.3,16469.7,Oeste,Lavandería
V001508,2025-12-31,C026,P011,9,1450,718.55,0,13050,6466.95,6583.05,Oeste,Revendedor
V001509,2025-08-25,C059,P008,29,1250,839.03,2500,36250,26831.87,9418.13,CABA,Revendedor
V001510,2025-06-19,C021,P008,30,950,457.57,0,28500,13727.1,14772.9,Sur,Revendedor
V001511,2025-08-29,C050,P003,27,1450,1003.41,3200,39150,30292.07,8857.93,CABA,Revendedor
V001512,2025-11-28,C069,P001,29,2600,1764.52,0,75400,51171.08,24228.92,Norte,Lavandería
V001513,2025-01-21,C047,P013,33,2600,1515.44,0,85800,50009.52,35790.48,CABA,Mayorista
V001514,2025-05-15,C075,P004,11,1700,984.46,1800,18700,12629.06,6070.94,Oeste,Mayorista
V001515,2025-09-05,C027,P009,7,1700,1077.95,0,11900,7545.65,4354.35,Sur,Lavandería
V001516,2025-05-06,C034,P011,19,2600,1454.33,2500,49400,30132.27,19267.73,Norte,Revendedor
V001517,2025-05-21,C077,P002,9,1100,665.75,0,9900,5991.75,3908.25,Oeste,Gastronomía
V001518,2025-10-16,C047,P010,20,1100,677.86,1800,22000,15357.2,6642.8,Sur,Lavandería
V001519,2025-12-11,C038,P005,9,1100,688.37,2500,9900,8695.33,1204.67,Norte,Mayorista
V001520,2025-01-15,C028,P019,20,1100,682.24,1800,22000,15444.8,6555.2,Norte,Revendedor
V001521,2025-09-22,C052,P016,11,1700,1078.69,3200,18700,15065.59,3634.41,Norte,Revendedor
V001522,2025-07-11,C049,P016,11,3200,1906.22,2500,35200,23468.42,11731.58,Sur,Minorista
V001523,2025-12-09,C009,P011,15,1450,767.84,1200,21750,12717.6,9032.4,Norte,Revendedor
V001524,2025-03-03,C026,P012,32,2600,1603.31,4500,83200,55805.92,27394.08,CABA,Revendedor
V001525,2025-04-27,C026,P012,3,2100,1323.71,1800,6300,5771.13,528.87,CABA,Gastronomía
V001526,2025-10-11,C069,P018,6,850,499.11,3200,5100,6194.66,-1094.66,Oeste,Mayorista
V001527,2025-05-12,C024,P008,15,2600,1358.72,3200,39000,23580.8,15419.2,Norte,Revendedor
V001528,2025-05-23,C012,P007,5,1100,665.96,0,5500,3329.8,2170.2,Oeste,Mayorista
V001529,2025-05-05,C075,P019,31,2600,1309.32,0,80600,40588.92,40011.08,Norte,Minorista
V001530,2025-04-11,C062,P004,29,950,564.54,0,27550,16371.66,11178.34,Oeste,Revendedor
V001531,2025-09-07,C039,P019,1,3900,2274.25,0,3900,2274.25,1625.75,Sur,Mayorista
V001532,2025-10-29,C079,P015,1,1450,958.59,3200,1450,4158.59,-2708.59,Norte,Lavandería
V001533,2025-11-20,C023,P011,33,2600,1568.86,4500,85800,56272.38,29527.62,Norte,Gastronomía
V001534,2025-09-30,C032,P011,18,3200,1922.35,4500,57600,39102.3,18497.7,Sur,Minorista
V001535,2025-04-04,C063,P001,21,3200,1897.35,1200,67200,41044.35,26155.65,Oeste,Minorista
V001536,2025-08-10,C039,P004,29,1700,1076.26,3200,49300,34411.54,14888.46,Oeste,Mayorista
V001537,2025-02-25,C030,P007,20,3200,1770.53,3200,64000,38610.6,25389.4,Sur,Minorista
V001538,2025-12-17,C039,P020,14,3900,2500.89,1800,54600,36812.46,17787.54,Oeste,Mayorista
V001539,2025-07-22,C022,P006,11,1700,1206.34,2500,18700,15769.74,2930.26,Sur,Gastronomía
V001540,2025-04-28,C034,P016,20,1700,875.15,1800,34000,19303.0,14697.0,Norte,Gastronomía
V001541,2025-08-19,C040,P014,26,2100,1010.86,2500,54600,28782.36,25817.64,CABA,Lavandería
V001542,2025-07-01,C018,P015,18,850,574.98,1200,15300,11549.64,3750.36,Oeste,Gastronomía
V001543,2025-05-31,C048,P001,21,2100,1406.62,1800,44100,31339.02,12760.98,Oeste,Mayorista
V001544,2025-11-13,C065,P015,18,950,472.97,1200,17100,9713.46,7386.54,Norte,Lavandería
V001545,2025-10-31,C061,P002,25,2600,1403.9,3200,65000,38297.5,26702.5,Sur,Minorista
V001546,2025-02-21,C008,P011,18,3200,1819.74,1800,57600,34555.32,23044.68,CABA,Lavandería
V001547,2025-03-10,C010,P011,27,1100,758.72,3200,29700,23685.44,6014.56,Norte,Revendedor
V001548,2025-04-13,C072,P003,29,1250,698.35,3200,36250,23452.15,12797.85,Norte,Revendedor
V001549,2025-09-29,C038,P001,9,950,654.53,4500,8550,10390.77,-1840.77,Norte,Gastronomía
V001550,2025-08-17,C028,P006,21,2600,1390.07,1800,54600,30991.47,23608.53,Norte,Mayorista
V001551,2025-12-13,C034,P009,2,1100,559.47,2500,2200,3618.94,-1418.94,Sur,Lavandería
V001552,2025-09-07,C007,P017,4,3200,1822.83,3200,12800,10491.32,2308.68,Sur,Minorista
V001553,2025-09-16,C042,P018,32,1450,896.04,4500,46400,33173.28,13226.72,CABA,Minorista
V001554,2025-10-17,C012,P018,8,3200,1657.52,3200,25600,16460.16,9139.84,CABA,Revendedor
V001555,2025-08-28,C079,P007,5,2100,1420.15,2500,10500,9600.75,899.25,Sur,Mayorista
V001556,2025-11-30,C043,P003,12,3900,2190.06,3200,46800,29480.72,17319.28,Sur,Minorista
V001557,2025-07-25,C074,P010,1,3900,2647.22,0,3900,2647.22,1252.78,CABA,Mayorista
V001558,2025-06-15,C055,P005,17,1250,775.31,1800,21250,14980.27,6269.73,Sur,Mayorista
V001559,2025-10-22,C046,P019,10,1250,831.9,1200,12500,9519.0,2981.0,Norte,Mayorista
V001560,2025-02-21,C004,P018,3,1100,670.58,0,3300,2011.74,1288.26,Norte,Gastronomía
V001561,2025-04-28,C027,P007,20,1100,640.01,1800,22000,14600.2,7399.8,Oeste,Mayorista
V001562,2025-07-01,C004,P005,29,950,646.19,2500,27550,21239.51,6310.49,CABA,Lavandería
V001563,2025-04-17,C049,P002,29,2600,1497.09,1200,75400,44615.61,30784.39,Sur,REVENDEDOR
V001564,2025-03-05,C012,P006,33,3900,2550.15,0,128700,84154.95,44545.05,Oeste,Mayorista
V001565,2025-03-03,C063,P020,23,1700,985.37,1200,39100,23863.51,15236.49,CABA,Revendedor
V001566,2025-07-04,C062,P009,33,950,671.44,0,31350,22157.52,9192.48,CABA,Lavandería
V001567,2025-08-04,C052,P004,23,1700,1201.86,0,39100,27642.78,11457.22,Sur,Gastronomía
V001568,2025-04-28,C011,P013,31,850,602.07,1800,26350,20464.17,5885.83,Norte,Minorista
V001569,2025-03-14,C032,P006,1,1100,664.92,1200,1100,1864.92,-764.92,Sur,Minorista
V001570,2025-02-01,C077,P007,19,1700,1067.96,1200,32300,21491.24,10808.76,Sur,Mayorista
V001571,2025-03-31,C067,P005,12,1700,1174.66,0,20400,14095.92,6304.08,Oeste,Minorista
V001572,2025-09-12,C027,P010,26,1700,1186.86,1800,44200,32658.36,11541.64,Norte,Minorista
V001573,2025-01-14,C043,P001,31,850,557.93,1200,26350,18495.83,7854.17,Sur,Minorista
V001574,2025-10-04,C049,P020,34,1100,569.76,0,37400,19371.84,18028.16,Norte,Mayorista
V001575,2025-02-17,C054,P003,8,2600,1537.81,2500,20800,14802.48,5997.52,Sur,Mayorista
V001576,2025-11-05,C001,P010,31,2600,1809.32,1800,80600,57888.92,22711.08,Oeste,Gastronomía
V001577,2025-12-03,C070,P012,7,2600,1555.51,3200,18200,14088.57,4111.43,Oeste,Mayorista
V001578,2025-04-23,C066,P005,10,1250,797.76,4500,12500,12477.6,22.4,CABA,Lavandería
V001579,2025-05-25,C079,P004,16,1250,675.2,4500,20000,15303.2,4696.8,Norte,Gastronomía
V001580,2025-12-30,C060,P019,34,3200,1979.26,1800,108800,69094.84,39705.16,Oeste,Gastronomía
V001581,2025-08-05,C048,P005,3,2100,1326.47,1200,6300,5179.41,1120.59,Oeste,Minorista
V001582,2025-03-15,C005,P008,11,2100,1170.56,3200,23100,16076.16,7023.84,Sur,Lavandería
V001583,2025-06-26,C025,P019,26,2600,1867.44,2500,67600,51053.44,16546.56,Norte,Revendedor
V001584,2025-08-14,C016,P009,33,1700,953.6,1200,56100,32668.8,23431.2,Norte,Gastronomía
V001585,2025-09-07,C071,P015,7,1700,1127.41,1800,11900,9691.87,2208.13,CABA,Gastronomía
V001586,2025-08-07,C004,P018,9,950,507.78,2500,8550,7070.02,1479.98,CABA,Minorista
V001587,2025-10-09,C038,P005,23,1450,853.49,3200,33350,22830.27,10519.73,CABA,Revendedor
V001588,2025-04-04,C051,P017,13,1100,749.76,1200,14300,10946.88,3353.12,CABA,Mayorista
V001589,2025-07-01,C068,P020,10,3900,2676.89,3200,39000,29968.9,9031.1,CABA,Revendedor
V001590,2025-07-05,C070,P008,34,1100,626.86,0,37400,21313.24,16086.76,Oeste,Revendedor
V001591,2025-04-26,C020,P018,28,1250,683.53,2500,35000,21638.84,13361.16,Norte,Lavandería
V001592,2025-09-25,C054,P016,30,1700,871.54,1800,51000,27946.2,23053.8,CABA,Minorista
V001593,2025-05-09,C072,P010,14,3900,2427.97,0,54600,33991.58,20608.42,CABA,Lavandería
V001594,2025-03-13,C019,P016,11,1250,717.37,1200,13750,9091.07,4658.93,Sur,Lavandería
V001595,2025-10-30,C025,P008,23,950,507.6,1800,21850,13474.8,8375.2,Oeste,Lavandería
V001596,2025-03-05,C075,P005,14,2600,1336.86,1800,36400,20516.04,15883.96,Norte,Minorista
V001597,2025-11-23,C016,P017,20,3200,1614.81,4500,64000,36796.2,27203.8,Sur,Mayorista
V001598,2025-12-05,C057,P010,8,3200,2106.56,2500,25600,19352.48,6247.52,Oeste,Minorista
V001599,2025-06-24,C035,P002,25,1450,735.27,2500,36250,20881.75,15368.25,Sur,Revendedor
V001600,2025-03-28,C063,P010,15,3200,1615.14,4500,48000,28727.1,19272.9,Norte,Mayorista
V001601,2025-12-07,C064,P014,27,850,538.16,1800,22950,16330.32,6619.68,Norte,Gastronomía
V001602,2025-11-24,C066,P011,27,1450,1038.11,0,39150,28028.97,11121.03,CABA,Minorista
V001603,2025-09-06,C032,P019,32,1250,777.33,4500,40000,29374.56,10625.44,Norte,Minorista
V001604,2025-12-29,C063,P018,25,3900,2357.75,4500,97500,63443.75,34056.25,Sur,Minorista
V001605,2025-11-05,C014,P019,7,3900,1960.84,1200,27300,14925.88,12374.12,Norte,Revendedor
V001606,2025-12-11,C078,P014,26,850,478.85,2500,22100,14950.1,7149.9,Sur,Revendedor
V001607,2025-09-25,C005,P013,28,850,452.07,1200,23800,13857.96,9942.04,CABA,Gastronomía
V001608,2025-02-20,C038,P014,2,2600,1778.04,1800,5200,5356.08,-156.08,Norte,Gastronomía
V001609,2025-06-30,C032,P009,29,850,474.2,4500,24650,18251.8,6398.2,Norte,Mayorista
V001610,2025-04-18,C072,P018,21,2100,1387.67,1200,44100,30341.07,13758.93,Sur,Minorista
V001611,2025-06-20,C046,P020,35,1250,694.96,1800,43750,26123.6,17626.4,CABA,Minorista
V001612,2025-11-24,C052,P011,32,1100,727.73,1200,35200,24487.36,10712.64,Norte,Lavandería
V001613,2025-06-29,C044,P015,24,1100,781.26,1800,26400,20550.24,5849.76,CABA,Minorista
V001614,2025-04-08,C075,P010,33,3200,1763.48,3200,105600,61394.84,44205.16,Oeste,Lavandería
V001615,2025-11-13,C010,P007,6,950,618.26,4500,5700,8209.56,-2509.56,Sur,Gastronomía
V001616,2025-03-16,C044,P018,23,2100,1075.05,2500,48300,27226.15,21073.85,CABA,Gastronomía
V001617,2025-11-11,C073,P003,21,1250,732.76,0,26250,15387.96,10862.04,Oeste,Revendedor
V001618,2025-03-21,C036,P001,32,1250,849.97,1200,40000,28399.04,11600.96,Oeste,Mayorista
V001619,2025-08-14,C028,P005,1,1450,780.8,0,1450,780.8,669.2,Sur,Lavandería
V001620,2025-08-01,C072,P018,13,2100,1101.77,3200,27300,17523.01,9776.99,Sur,Revendedor
V001621,2025-07-18,C034,P012,17,2100,1194.6,1200,35700,21508.2,14191.8,Norte,Revendedor
V001622,2025-07-02,C010,P005,21,1250,838.67,3200,26250,20812.07,5437.93,Oeste,Minorista
V001623,2025-09-17,C061,P018,21,950,640.05,3200,19950,16641.05,3308.95,Oeste,Gastronomía
V001624,2025-12-26,C071,P008,30,1450,895.84,0,43500,26875.2,16624.8,Sur,Revendedor
V001625,2025-08-13,C064,P019,28,950,673.32,1200,26600,20052.96,6547.04,CABA,Revendedor
V001626,2025-08-18,C072,P002,23,2600,1789.37,1200,59800,42355.51,17444.49,CABA,Gastronomía
V001627,2025-02-03,C036,P019,17,850,553.58,2500,14450,11910.86,2539.14,Sur,Mayorista
V001628,2025-07-22,C028,P015,20,3200,2071.45,1800,64000,43229.0,20771.0,Norte,Mayorista
V001629,2025-10-19,C066,P014,10,3200,2288.78,3200,32000,26087.8,5912.2,Norte,Minorista
V001630,2025-11-09,C007,P012,8,950,595.96,3200,7600,7967.68,-367.68,Sur,Mayorista
V001631,2025-04-10,C032,P020,12,1100,535.78,2500,13200,8929.36,4270.64,CABA,Gastronomía
V001632,2025-02-15,C013,P013,25,2100,1200.17,2500,52500,32504.25,19995.75,Oeste,Gastronomía
V001633,2025-04-04,C013,P010,23,1100,714.72,1800,25300,18238.56,7061.44,Sur,Minorista
V001634,2025-04-05,C034,P013,13,1250,705.36,4500,16250,13669.68,2580.32,CABA,Gastronomía
V001635,2025-08-20,C013,P017,17,850,587.38,0,14450,9985.46,4464.54,CABA,Gastronomía
V001636,2025-02-18,C022,P001,34,850,408.95,2500,28900,16404.3,12495.7,Norte,Minorista
V001637,2025-10-18,C073,P012,5,1100,577.76,3200,5500,6088.8,-588.8,Sur,Mayorista
V001638,2025-10-02,C028,P012,7,1100,686.33,3200,7700,8004.31,-304.31,Oeste,Lavandería
V001639,2025-12-28,C023,P017,10,2600,1266.93,0,26000,12669.3,13330.7,CABA,Gastronomía
V001640,2025-05-30,C014,P012,12,3900,2357.31,0,46800,28287.72,18512.28,Sur,Mayorista
V001641,2025-11-05,C020,P020,22,2600,1827.45,3200,57200,43403.9,13796.1,Sur,Lavandería
V001642,2025-03-01,C071,P003,22,1250,709.71,1200,27500,16813.62,10686.38,Sur,Mayorista
V001643,2025-07-26,C006,P012,4,2600,1754.01,4500,10400,11516.04,-1116.04,CABA,Revendedor
V001644,2025-02-16,C042,P017,35,3200,1838.73,3200,112000,67555.55,44444.45,Oeste,Gastronomía
V001645,2025-06-14,C018,P015,13,1450,1024.6,2500,18850,15819.8,3030.2,Sur,Lavandería
V001646,2025-07-13,C011,P016,2,2600,1313.09,3200,5200,5826.18,-626.18,Sur,Revendedor
V001647,2025-07-19,C040,P016,19,850,515.62,0,16150,9796.78,6353.22,Oeste,Minorista
V001648,2025-06-07,C076,P019,35,1100,697.21,4500,38500,28902.35,9597.65,CABA,Revendedor
V001649,2025-01-15,C007,P010,25,1250,705.53,3200,31250,20838.25,10411.75,CABA,Lavandería
V001650,2025-09-18,C068,P006,33,1700,1093.9,0,56100,36098.7,20001.3,Oeste,Minorista
V001651,2025-08-23,C024,P008,21,950,618.8,2500,19950,15494.8,4455.2,Oeste,Revendedor
V001652,2025-11-24,C079,P001,3,2100,1111.84,4500,6300,7835.52,-1535.52,CABA,Gastronomía
V001653,2025-01-03,C031,P011,12,2100,1424.59,1800,25200,18895.08,6304.92,Sur,Minorista
V001654,2025-03-21,C019,P020,16,3900,2497.75,2500,62400,42464.0,19936.0,Norte,Mayorista
V001655,2025-12-01,C035,P014,1,2100,1423.07,2500,2100,3923.07,-1823.07,Norte,Mayorista
V001656,2025-09-07,C033,P020,1,2100,1029.07,2500,2100,3529.07,-1429.07,Oeste,Mayorista
V001657,2025-02-06,C015,P004,11,2600,1289.5,3200,28600,17384.5,11215.5,Norte,Mayorista
V001658,2025-05-12,C051,P010,35,1450,795.08,3200,50750,31027.8,19722.2,Norte,Minorista
V001659,2025-03-03,C051,P007,6,3200,2186.08,1200,19200,14316.48,4883.52,Oeste,Revendedor
V001660,2025-01-19,C061,P016,7,950,508.13,2500,6650,6056.91,593.09,Oeste,Minorista
V001661,2025-12-22,C009,P008,28,3900,2219.16,4500,109200,66636.48,42563.52,Oeste,Lavandería
V001662,2025-11-02,C006,P017,13,1250,817.47,0,16250,10627.11,5622.89,CABA,Mayorista
V001663,2025-06-24,C033,P006,23,2600,1373.21,4500,59800,36083.83,23716.17,CABA,Lavandería
V001664,2025-07-14,C020,P010,33,950,507.35,4500,31350,21242.55,10107.45,Oeste,Gastronomía
V001665,2025-12-03,C057,P001,29,950,648.3,3200,27550,22000.7,5549.3,Norte,Revendedor
V001666,2025-03-24,C019,P018,21,850,430.72,0,17850,9045.12,8804.88,Sur,Revendedor
V001667,2025-10-01,C003,P020,11,1700,967.11,1200,18700,11838.21,6861.79,CABA,Mayorista
V001668,2025-01-04,C049,P001,4,2100,1395.42,0,8400,5581.68,2818.32,Oeste,Minorista
V001669,2025-10-16,C070,P003,2,2600,1832.82,4500,5200,8165.64,-2965.64,Sur,Gastronomía
V001670,2025-12-18,C079,P013,29,1250,804.86,3200,36250,26540.94,9709.06,Norte,Gastronomía
V001671,2025-11-22,C059,P016,10,2600,1582.75,1800,26000,17627.5,8372.5,Oeste,Mayorista
V001672,2025-05-27,C023,P013,17,1100,625.17,0,18700,10627.89,8072.11,Sur,Gastronomía
V001673,2025-03-15,C006,P015,27,3200,2190.09,2500,86400,61632.43,24767.57,Oeste,Gastronomía
V001674,2025-04-17,C052,P014,27,2600,1705.67,2500,70200,48553.09,21646.91,Sur,Lavandería
V001675,2025-07-06,C044,P011,26,1100,718.95,1200,28600,19892.7,8707.3,Oeste,Mayorista
V001676,2025-12-31,C025,P019,13,3900,2212.16,2500,50700,31258.08,19441.92,Sur,Gastronomía
V001677,2025-11-26,C040,P007,26,1100,652.14,3200,28600,20155.64,8444.36,Sur,Gastronomía
V001678,2025-11-16,C053,P002,13,1250,701.3,1200,16250,10316.9,5933.1,Sur,Revendedor
V001679,2025-08-10,C024,P015,2,1250,715.79,4500,2500,5931.58,-3431.58,Oeste,Gastronomía
V001680,2025-12-15,C073,P005,26,3900,2603.82,1200,101400,68899.32,32500.68,Oeste,Lavandería
V001681,2025-06-12,C060,P008,9,2600,1445.32,3200,23400,16207.88,7192.12,CABA,Minorista
V001682,2025-02-03,C011,P001,1,850,475.63,0,850,475.63,374.37,Norte,Gastronomía
V001683,2025-04-14,C020,P007,20,950,538.75,1800,19000,12575.0,6425.0,Sur,Lavandería
V001684,2025-06-23,C023,P010,20,950,638.93,1200,19000,13978.6,5021.4,Oeste,Mayorista
V001685,2025-08-01,C016,P018,27,1100,676.28,4500,29700,22759.56,6940.44,Sur,Gastronomía
V001686,2025-12-20,C032,P004,10,2600,1308.57,0,26000,13085.7,12914.3,Oeste,Lavandería
V001687,2025-08-31,C049,P016,11,850,527.58,1800,9350,7603.38,1746.62,Sur,Revendedor
V001688,2025-10-20,C024,P015,2,2600,1838.68,3200,5200,6877.36,-1677.36,Norte,Gastronomía
V001689,2025-02-13,C048,P003,12,1100,692.74,4500,13200,12812.88,387.12,Sur,Mayorista
V001690,2025-02-26,C026,P011,19,950,536.87,2500,18050,12700.53,5349.47,CABA,Revendedor
V001691,2025-10-30,C054,P006,24,1450,762.82,1800,34800,20107.68,14692.32,CABA,Lavandería
V001692,2025-06-13,C022,P002,16,1450,787.56,2500,23200,15100.96,8099.04,Norte,Minorista
V001693,2025-05-20,C059,P003,22,3200,1560.1,3200,70400,37522.2,32877.8,CABA,Revendedor
V001694,2025-01-10,C039,P013,13,2600,1485.13,0,33800,19306.69,14493.31,Norte,Lavandería
V001695,2025-06-21,C047,P017,28,2100,1364.47,1200,58800,39405.16,19394.84,Norte,Gastronomía
V001696,2025-10-10,C025,P016,19,1450,724.99,2500,27550,16274.81,11275.19,CABA,Gastronomía
V001697,2025-09-18,C015,P001,9,950,511.4,1200,8550,5802.6,2747.4,Norte,Minorista
V001698,2025-03-20,C074,P008,6,950,458.2,0,5700,2749.2,2950.8,Norte,Revendedor
V001699,2025-02-06,C020,P019,30,1700,1136.74,0,51000,34102.2,16897.8,CABA,Minorista
V001700,2025-12-27,C018,P007,6,1100,552.21,0,6600,3313.26,3286.74,CABA,Lavandería
V001701,2025-12-18,C030,P007,4,950,544.21,4500,3800,6676.84,-2876.84,Oeste,Lavandería
V001702,2025-04-12,C064,P020,12,2600,1427.75,4500,31200,21633.0,9567.0,CABA,Lavandería
V001703,2025-04-05,C065,P001,6,1100,785.19,1800,6600,6511.14,88.86,Oeste,Revendedor
V001704,2025-10-22,C025,P004,5,1250,656.11,1800,6250,5080.55,1169.45,Oeste,Mayorista
V001705,2025-07-22,C076,P010,27,3200,2027.98,1200,86400,55955.46,30444.54,Sur,Gastronomía
V001706,2025-06-26,C031,P017,1,1450,793.94,1200,1450,1993.94,-543.94,CABA,Minorista
V001707,2025-02-02,C064,P012,4,3900,2579.29,2500,15600,12817.16,2782.84,CABA,Lavandería
V001708,2025-01-07,C012,P011,24,3900,2506.79,0,93600,60162.96,33437.04,Norte,Gastronomía
V001709,2025-08-19,C046,P016,24,2600,1435.35,2500,62400,36948.4,25451.6,Norte,Revendedor
V001710,2025-04-08,C030,P019,11,850,548.94,2500,9350,8538.34,811.66,Sur,Lavandería
V001711,2025-06-16,C052,P015,30,2600,1343.28,4500,78000,44798.4,33201.6,Sur,Lavandería
V001712,2025-01-13,C018,P011,25,1100,633.45,0,27500,15836.25,11663.75,Sur,Mayorista
V001713,2025-03-19,C076,P006,14,950,459.74,2500,13300,8936.36,4363.64,Oeste,Gastronomía
V001714,2025-06-22,C026,P001,32,2100,1087.79,3200,67200,38009.28,29190.72,Norte,Mayorista
V001715,2025-04-08,C063,P020,32,2100,1227.29,1200,67200,40473.28,26726.72,Sur,Minorista
V001716,2025-06-30,C014,P003,21,2600,1627.28,1200,54600,35372.88,19227.12,Oeste,Revendedor
V001717,2025-09-11,C028,P014,32,850,603.2,4500,27200,23802.4,3397.6,Oeste,Gastronomía
V001718,2025-11-19,C040,P020,28,3900,1986.05,1200,109200,56809.4,52390.6,Norte,Gastronomía
V001719,2025-07-11,C017,P012,31,950,460.04,1800,29450,16061.24,13388.76,Sur,Mayorista
V001720,2025-04-18,C042,P008,21,2600,1738.97,3200,54600,39718.37,14881.63,Norte,Revendedor
V001721,2025-06-19,C025,P005,21,3900,2780.98,1200,81900,59600.58,22299.42,Oeste,Mayorista
V001722,2025-09-08,C073,P016,2,1700,1024.47,0,3400,2048.94,1351.06,Sur,Mayorista
V001723,2025-11-16,C042,P003,34,2600,1536.72,4500,88400,56748.48,31651.52,Norte,Minorista
V001724,2025-08-19,C050,P007,18,1100,624.04,0,19800,11232.72,8567.28,Sur,Mayorista
V001725,2025-04-25,C001,P011,23,3900,2323.67,1200,89700,54644.41,35055.59,Norte,Gastronomía
V001726,2025-09-06,C041,P020,35,1250,847.24,4500,43750,34153.4,9596.6,Oeste,Revendedor
V001727,2025-11-06,C016,P010,4,1250,757.05,3200,5000,6228.2,-1228.2,Norte,Mayorista
V001728,2025-07-12,C055,P001,20,1450,767.08,1800,29000,17141.6,11858.4,CABA,Minorista
V001729,2025-11-30,C054,P003,24,2600,1732.1,1200,62400,42770.4,19629.6,Sur,Lavandería
V001730,2025-10-12,C021,P020,29,1700,859.96,1800,49300,26738.84,22561.16,Sur,Gastronomía
V001731,2025-04-12,C078,P015,19,1100,682.83,1800,20900,14773.77,6126.23,CABA,Minorista
V001732,2025-01-27,C042,P018,31,1700,873.84,4500,52700,31589.04,21110.96,Sur,Revendedor
V001733,2025-01-14,C056,P011,26,1100,614.23,0,28600,15969.98,12630.02,Norte,Gastronomía
V001734,2025-10-17,C073,P002,33,850,555.45,4500,28050,22829.85,5220.15,Oeste,Lavandería
V001735,2025-02-02,C009,P005,10,950,575.19,4500,9500,10251.9,-751.9, oeste ,Minorista
V001736,2025-07-04,C046,P011,6,2100,1181.16,0,12600,7086.96,5513.04,Sur,Lavandería
V001737,2025-10-07,C008,P017,27,2100,1358.07,3200,56700,39867.89,16832.11,CABA,Mayorista
V001738,2025-08-18,C021,P004,17,1250,671.78,4500,21250,15920.26,5329.74,CABA,Minorista
V001739,2025-11-26,C029,P016,3,850,452.68,1200,2550,2558.04,-8.04,Oeste,Mayorista
V001740,2025-09-14,C041,P011,25,2100,1017.7,1800,52500,27242.5,25257.5,Sur,Minorista
V001741,2025-12-09,C054,P018,5,850,448.83,0,4250,2244.15,2005.85,Oeste,Mayorista
V001742,2025-10-26,C063,P001,23,950,588.6,1800,21850,15337.8,6512.2,Oeste,Lavandería
V001743,2025-04-19,C020,P018,1,3900,2135.41,3200,3900,5335.41,-1435.41,Norte,Revendedor
V001744,2025-07-18,C021,P007,17,1700,895.88,1800,28900,17029.96,11870.04,Sur,Minorista
V001745,2025-11-30,C037,P015,2,2600,1624.5,4500,5200,7749.0,-2549.0,Sur,Mayorista
V001746,2025-04-05,C015,P002,25,950,625.36,1200,23750,16834.0,6916.0,Oeste,Revendedor
V001747,2025-06-02,C028,P019,20,1700,1005.22,4500,34000,24604.4,9395.6,Oeste,Revendedor
V001748,2025-05-10,C028,P017,2,1450,700.3,1200,2900,2600.6,299.4,Norte,Mayorista
V001749,2025-09-13,C050,P011,30,2100,1311.31,1200,63000,40539.3,22460.7,Sur,Lavandería
V001750,2025-10-15,C077,P010,16,950,596.53,0,15200,9544.48,5655.52,CABA,Revendedor
V001751,2025-01-26,C002,P009,1,1450,850.88,4500,1450,5350.88,-3900.88,Oeste,Minorista
V001752,2025-01-28,C048,P007,13,2100,1381.89,1800,27300,19764.57,7535.43,CABA,Gastronomía
V001753,2025-08-02,C003,P010,3,950,524.87,1800,2850,3374.61,-524.61,Sur,Mayorista
V001754,2025-03-03,C004,P016,12,850,430.97,4500,10200,9671.64,528.36,Oeste,Lavandería
V001755,2025-10-24,C072,P009,18,850,551.39,2500,15300,12425.02,2874.98,CABA,Mayorista
V001756,2025-04-21,C009,P013,25,850,415.58,2500,21250,12889.5,8360.5,Sur,Lavandería
V001757,2025-03-31,C002,P019,3,950,674.75,1800,2850,3824.25,-974.25,Norte,Lavandería
V001758,2025-04-14,C035,P001,18,1250,670.45,2500,22500,14568.1,7931.9,CABA,Minorista
V001759,2025-10-16,C056,P018,32,1250,814.67,4500,40000,30569.44,9430.56,CABA,Gastronomía
V001760,2025-07-06,C012,P020,24,2600,1760.13,3200,62400,45443.12,16956.88,Oeste,Gastronomía
V001761,2025-12-04,C048,P018,35,1100,612.67,4500,38500,25943.45,12556.55,Norte,Lavandería
V001762,2025-03-31,C075,P013,24,2600,1861.71,1800,62400,46481.04,15918.96,Oeste,Lavandería
V001763,2025-12-12,C070,P014,24,2100,1051.57,1800,50400,27037.68,23362.32,Oeste,Gastronomía
V001764,2025-07-03,C060,P015,35,1100,762.89,1800,38500,28501.15,9998.85,Oeste,Revendedor
V001765,2025-06-24,C070,P006,9,1250,847.41,2500,11250,10126.69,1123.31,CABA,Lavandería
V001766,2025-02-27,C065,P018,3,3200,1615.73,0,9600,4847.19,4752.81,Norte,Revendedor
V001767,2025-12-07,C022,P008,22,2600,1320.96,4500,57200,33561.12,23638.88,Norte,Revendedor
V001768,2025-07-22,C067,P013,15,3900,2200.66,2500,58500,35509.9,22990.1,CABA,Mayorista
V001769,2025-11-24,C059,P005,13,850,590.21,3200,11050,10872.73,177.27,CABA,Lavandería
V001770,2025-03-15,C010,P010,16,2100,1160.64,1200,33600,19770.24,13829.76,CABA,Mayorista
V001771,2025-01-13,C003,P001,19,950,503.22,4500,18050,14061.18,3988.82,CABA,Minorista
V001772,2025-05-10,C058,P004,28,1700,1085.93,0,47600,30406.04,17193.96,Norte,Gastronomía
V001773,2025-07-18,C048,P007,20,2100,1320.11,2500,42000,28902.2,13097.8,CABA,Lavandería
V001774,2025-01-17,C064,P011,23,850,460.18,2500,19550,13084.14,6465.86,Sur,Revendedor
V001775,2025-02-20,C055,P019,23,2600,1868.65,2500,59800,45478.95,14321.05,CABA,Lavandería
V001776,2025-02-14,C061,P009,35,950,474.92,4500,33250,21122.2,12127.8,CABA,Lavandería
V001777,2025-07-14,C044,P008,31,850,473.87,3200,26350,17889.97,8460.03,Sur,Mayorista
V001778,2025-11-11,C053,P004,1,1100,684.67,4500,1100,5184.67,-4084.67,CABA,Revendedor
V001779,2025-08-16,C009,P017,12,2600,1419.44,3200,31200,20233.28,10966.72,Sur,Revendedor
V001780,2025-12-01,C007,P009,8,3200,1913.16,2500,25600,17805.28,7794.72,Norte,Mayorista
V001781,2025-01-21,C038,P020,22,2100,1063.28,1200,46200,24592.16,21607.84,CABA,Mayorista
V001782,2025-09-04,C063,P008,1,2100,1398.97,4500,2100,5898.97,-3798.97,Oeste,Lavandería
V001783,2025-01-23,C039,P006,15,1700,1169.15,3200,25500,20737.25,4762.75,Sur,Mayorista
V001784,2025-08-16,C015,P004,11,1100,562.85,3200,12100,9391.35,2708.65,CABA,Lavandería
V001785,2025-09-12,C047,P014,2,3200,2225.43,1800,6400,6250.86,149.14,CABA,Lavandería
V001786,2025-08-31,C005,P009,28,3200,2075.17,0,89600,58104.76,31495.24,CABA,Minorista
V001787,2025-05-15,C046,P016,26,3200,2242.0,1200,83200,59492.0,23708.0,CABA,Minorista
V001788,2025-03-24,C012,P019,12,1250,733.83,3200,15000,12005.96,2994.04,Norte,Revendedor
V001789,2025-05-15,C062,P003,12,3900,2258.81,3200,46800,30305.72,16494.28,CABA,Mayorista
V001790,2025-04-14,C019,P010,9,2100,1013.64,0,18900,9122.76,9777.24,CABA,Minorista
V001791,2025-09-26,C035,P019,34,850,469.88,1200,28900,17175.92,11724.08,Norte,Mayorista
V001792,2025-09-03,C028,P007,31,2600,1546.73,0,80600,47948.63,32651.37,Oeste,Lavandería
V001793,2025-10-11,C070,P003,10,1100,754.47,1200,11000,8744.7,2255.3,CABA,Lavandería
V001794,2025-09-20,C010,P019,11,1250,788.08,2500,13750,11168.88,2581.12,Norte,Mayorista
V001795,2025-05-15,C053,P002,28,850,585.62,2500,23800,18897.36,4902.64,CABA,Mayorista
V001796,2025-12-10,C048,P013,29,3900,2654.84,1200,113100,78190.36,34909.64,Oeste,Lavandería
V001797,2025-11-11,C066,P014,11,1250,779.69,1800,13750,10376.59,3373.41,Sur,Minorista
V001798,2025-08-10,C077,P001,27,950,584.06,4500,25650,20269.62,5380.38,Oeste,Minorista
V001799,2025-07-09,C036,P013,18,2600,1653.7,1800,46800,31566.6,15233.4,Norte,Revendedor
V001800,2025-11-06,C042,P010,31,3200,1910.62,4500,99200,63729.22,35470.78,Oeste,Lavandería
V001801,2025-06-22,C012,P016,22,3200,1933.05,4500,70400,47027.1,23372.9,CABA,Gastronomía
V001802,2025-11-19,C035,P009,19,3900,2352.65,1800,74100,46500.35,27599.65,Norte,Mayorista
V001803,2025-10-17,C025,P012,20,1250,847.72,3200,25000,20154.4,4845.6,Sur,Gastronomía
V001804,2025-05-16,C077,P014,13,3900,2705.56,1200,50700,36372.28,14327.72,Norte,Mayorista
V001805,2025-12-18,C047,P018,21,1250,839.41,3200,26250,20827.61,5422.39,Oeste,Minorista
V001806,2025-05-30,C032,P007,22,1100,762.24,2500,24200,19269.28,4930.72,Norte,Mayorista
V001807,2025-07-20,C062,P009,30,3200,1798.19,1800,96000,55745.7,40254.3,CABA,Gastronomía
V001808,2025-03-05,C049,P018,26,850,421.58,1800,22100,12761.08,9338.92,Sur,Lavandería
V001809,2025-10-09,C075,P009,33,3900,2265.58,1800,128700,76564.14,52135.86,CABA,Lavandería
V001810,2025-11-18,C063,P020,7,2600,1520.8,1800,18200,12445.6,5754.4,CABA,Mayorista
V001811,2025-04-03,C016,P012,4,850,580.82,1800,3400,4123.28,-723.28,CABA,Revendedor
V001812,2025-10-02,C035,P005,7,2100,1111.27,4500,14700,12278.89,2421.11,CABA,Minorista
V001813,2025-02-27,C044,P020,18,1450,845.57,1200,26100,16420.26,9679.74,Oeste,Revendedor
V001814,2025-11-06,C074,P009,23,1250,645.51,3200,28750,18046.73,10703.27,Norte,Mayorista
V001815,2025-03-29,C050,P007,35,3900,1888.32,1200,136500,67291.2,69208.8,CABA,Revendedor
V001816,2025-11-11,C035,P016,8,950,512.13,2500,7600,6597.04,1002.96,Oeste,Mayorista
V001817,2025-08-24,C079,P006,12,1250,683.84,0,15000,8206.08,6793.92,Oeste,Gastronomía
V001818,2025-08-11,C075,P020,25,2600,1381.15,0,65000,34528.75,30471.25,CABA,Lavandería
V001819,2025-12-31,C057,P015,10,2100,1436.7,2500,21000,16867.0,4133.0,CABA,Revendedor
V001820,2025-05-20,C027,P016,28,3200,1798.88,0,89600,50368.64,39231.36,Sur,Revendedor
V001821,2025-11-12,C050,P015,14,1700,874.96,0,23800,12249.44,11550.56,Sur,Mayorista
V001822,2025-07-26,C027,P007,21,1700,981.28,1200,35700,21806.88,13893.12,Norte,Mayorista
V001823,2025-07-14,C077,P016,2,3900,2100.45,4500,7800,8700.9,-900.9,CABA,Lavandería
V001824,2025-01-12,C050,P019,23,1700,971.44,2500,39100,24843.12,14256.88,Sur,Lavandería
V001825,2025-08-06,C012,P014,17,1700,909.25,1800,28900,17257.25,11642.75,Norte,Lavandería
V001826,2025-03-22,C022,P008,34,3900,2368.96,1200,132600,81744.64,50855.36,CABA,Lavandería
V001827,2025-07-06,C007,P008,6,1100,552.39,4500,6600,7814.34,-1214.34,CABA,Gastronomía
V001828,2025-02-10,C068,P009,29,1100,605.39,2500,31900,20056.31,11843.69,Norte,Mayorista
V001829,2025-04-28,C053,P010,11,3200,1587.29,0,35200,17460.19,17739.81,CABA,Revendedor
V001830,2025-12-02,C023,P010,31,2100,1459.04,1200,65100,46430.24,18669.76,CABA,Mayorista
V001831,2025-11-05,C010,P003,7,1450,980.42,1200,10150,8062.94,2087.06,CABA,Lavandería
V001832,2025-10-11,C048,P006,10,3200,2251.89,1200,32000,23718.9,8281.1,CABA,Gastronomía
V001833,2025-03-29,C035,P017,2,3200,1923.46,0,6400,3846.92,2553.08,Sur,Mayorista
V001834,2025-03-27,C007,P016,10,1100,591.87,3200,11000,9118.7,1881.3,Norte,Revendedor
V001835,2025-05-23,C060,P008,30,1100,715.5,4500,33000,25965.0,7035.0,Oeste,Mayorista
V001836,2025-11-24,C078,P002,5,2100,1076.5,1800,10500,7182.5,3317.5,Sur,Revendedor
V001837,2025-09-08,C051,P018,35,2100,1455.95,2500,73500,53458.25,20041.75,Norte,Revendedor
V001838,2025-10-23,C052,P009,34,2100,1092.12,2500,71400,39632.08,31767.92,Oeste,Minorista
V001839,2025-04-16,C010,P020,24,1450,736.21,2500,34800,20169.04,14630.96,Sur,Lavandería
V001840,2025-06-03,C048,P001,21,2600,1371.99,0,54600,28811.79,25788.21,Oeste,Lavandería
V001841,2025-11-23,C019,P015,9,1450,833.93,1200,13050,8705.37,4344.63,CABA,Mayorista
V001842,2025-08-13,C033,P016,26,2600,1692.84,1800,67600,45813.84,21786.16,Oeste,Lavandería
V001843,2025-03-08,C054,P002,16,1100,764.82,0,17600,12237.12,5362.88,Norte,Gastronomía
V001844,2025-01-28,C045,P015,25,2100,1047.37,1800,52500,27984.25,24515.75,Norte,Revendedor
V001845,2025-10-10,C062,P002,31,950,536.37,1200,29450,17827.47,11622.53,Norte,Revendedor
V001846,2025-03-26,C002,P004,10,3200,1743.06,0,32000,17430.6,14569.4,Oeste,Revendedor
V001847,2025-07-10,C004,P015,26,1700,1141.79,2500,44200,32186.54,12013.46,Norte,Revendedor
V001848,2025-06-17,C037,P012,4,3200,1985.76,2500,12800,10443.04,2356.96,Sur,Lavandería
V001849,2025-09-21,C005,P018,33,950,683.69,1200,31350,23761.77,7588.23,Sur,Gastronomía
V001850,2025-12-05,C057,P009,10,1100,729.2,1200,11000,8492.0,2508.0,CABA,Revendedor
V001851,2025-07-16,C036,P013,15,850,416.98,0,12750,6254.7,6495.3,Oeste,Mayorista
V001852,2025-08-03,C073,P007,27,1100,640.7,3200,29700,20498.9,9201.1,Norte,Mayorista
V001853,2025-01-01,C009,P006,3,1450,949.08,0,4350,2847.24,1502.76,Oeste,Lavandería
V001854,2025-03-26,C064,P004,6,2600,1754.49,1800,15600,12326.94,3273.06,Norte,Lavandería
V001855,2025-05-13,C074,P018,22,1700,1030.9,4500,37400,27179.8,10220.2,Norte,Revendedor
V001856,2025-05-06,C029,P001,28,2600,1417.85,3200,72800,42899.8,29900.2,Norte,Lavandería
V001857,2025-07-27,C007,P019,20,1450,733.06,1200,29000,15861.2,13138.8,Oeste,Mayorista
V001858,2025-05-08,C060,P005,7,3200,1924.49,2500,22400,15971.43,6428.57,Sur,Lavandería
V001859,2025-10-18,C043,P010,6,1250,648.73,2500,7500,6392.38,1107.62,CABA,Gastronomía
V001860,2025-01-30,C056,P013,28,1100,637.35,0,30800,17845.8,12954.2,Norte,Gastronomía
V001861,2025-03-02,C040,P008,32,2600,1826.97,2500,83200,60963.04,22236.96,Oeste,Lavandería
V001862,2025-08-09,C031,P010,16,3900,2625.04,1800,62400,43800.64,18599.36,Oeste,Revendedor
V001863,2025-06-17,C076,P013,6,950,474.72,4500,5700,7348.32,-1648.32,CABA,Mayorista
V001864,2025-10-04,C055,P016,6,1100,789.85,0,6600,4739.1,1860.9,Sur,Mayorista
V001865,2025-01-17,C018,P010,24,1700,1087.75,0,40800,26106.0,14694.0,CABA,Mayorista
V001866,2025-06-08,C043,P004,3,3900,1949.08,0,11700,5847.24,5852.76,CABA,Mayorista
V001867,2025-03-29,C051,P016,7,1450,902.49,3200,10150,9517.43,632.57,CABA,Revendedor
V001868,2025-05-26,C018,P003,30,3900,2669.84,1200,117000,81295.2,35704.8,CABA,Lavandería
V001869,2025-11-07,C029,P010,3,2100,1437.49,4500,6300,8812.47,-2512.47,Oeste,Lavandería
V001870,2025-08-20,C046,P017,20,1450,923.41,2500,29000,20968.2,8031.8,Sur,Mayorista
V001871,2025-06-08,C042,P007,16,2600,1340.8,1200,41600,22652.8,18947.2,CABA,Minorista
V001872,2025-01-31,C076,P004,10,950,683.6,1200,9500,8036.0,1464.0,Oeste,Minorista
V001873,2025-05-25,C043,P011,16,2600,1519.65,0,41600,24314.4,17285.6,Norte,Mayorista
V001874,2025-08-31,C005,P012,11,2100,1104.51,0,23100,12149.61,10950.39,CABA,Minorista
V001875,2025-05-10,C050,P006,32,2600,1658.8,2500,83200,55581.6,27618.4,Norte,Lavandería
V001876,2025-03-10,C042,P014,21,3900,2684.57,1200,81900,57575.97,24324.03,CABA,Mayorista
V001877,2025-05-09,C054,P003,32,1700,876.45,1200,54400,29246.4,25153.6,Oeste,Revendedor
V001878,2025-11-06,C064,P009,13,1100,638.32,0,14300,8298.16,6001.84,Norte,Gastronomía
V001879,2025-11-11,C048,P011,1,950,566.08,3200,950,3766.08,-2816.08,Oeste,Mayorista
V001880,2025-03-17,C043,P017,18,3200,1836.05,3200,57600,36248.9,21351.1,Oeste,Lavandería
V001881,2025-01-21,C059,P019,19,3200,2301.53,2500,60800,46229.07,14570.93,CABA,Gastronomía
V001882,2025-06-20,C003,P014,5,2600,1765.64,2500,13000,11328.2,1671.8,Sur,Revendedor
V001883,2025-10-20,C030,P011,15,2600,1413.17,4500,39000,25697.55,13302.45,CABA,Mayorista
V001884,2025-12-09,C075,P009,26,1450,697.49,1200,37700,19334.74,18365.26,CABA,Mayorista
V001885,2025-08-19,C031,P013,1,2100,1032.07,0,2100,1032.07,1067.93,Norte,Revendedor
V001886,2025-10-07,C054,P001,33,1450,963.58,4500,47850,36298.14,11551.86,CABA,Lavandería
V001887,2025-10-25,C028,P018,19,950,650.99,2500,18050,14868.81,3181.19,Norte,Mayorista
V001888,2025-10-07,C026,P001,28,950,530.96,1200,26600,16066.88,10533.12,Sur,Minorista
V001889,2025-02-20,C017,P009,11,1450,929.79,2500,15950,12727.69,3222.31,Oeste,Lavandería
V001890,2025-04-15,C021,P012,7,1450,803.7,3200,10150,8825.9,1324.1,CABA,Minorista
V001891,2025-03-21,C016,P001,16,950,633.54,1800,15200,11936.64,3263.36,Oeste,Minorista
V001892,2025-08-20,C044,P004,33,3200,1893.35,0,105600,62480.55,43119.45,Sur,Revendedor
V001893,2025-05-23,C011,P012,6,1700,887.97,1200,10200,6527.82,3672.18,Norte,Minorista
V001894,2025-11-14,C012,P003,11,1100,618.31,3200,12100,10001.41,2098.59,Oeste,Lavandería
V001895,2025-11-20,C045,P001,22,2100,1407.5,2500,46200,33465.0,12735.0,CABA,Revendedor
V001896,2025-07-26,C028,P006,13,3900,2468.69,3200,50700,35292.97,15407.03,CABA,Mayorista
V001897,2025-12-03,C064,P018,30,2100,1170.4,1800,63000,36912.0,26088.0,Oeste,Minorista
V001898,2025-01-19,C058,P007,1,3900,2204.67,4500,3900,6704.67,-2804.67,Norte,Gastronomía
V001899,2025-08-01,C001,P011,30,950,486.57,0,28500,14597.1,13902.9,CABA,Revendedor
V001900,2025-03-11,C061,P016,22,950,598.49,0,20900,13166.78,7733.22,Norte,Mayorista
V001901,2025-06-09,C069,P014,19,850,583.17,0,16150,11080.23,5069.77,Norte,Mayorista
V001902,2025-12-23,C034,P013,10,1450,814.3,2500,14500,10643.0,3857.0,CABA,Revendedor
V001903,2025-07-06,C010,P016,20,1450,837.59,0,29000,16751.8,12248.2,Norte,Gastronomía
V001904,2025-04-05,C012,P005,34,3900,2433.17,0,132600,82727.78,49872.22,Norte,Minorista
V001905,2025-02-18,C034,P011,21,950,497.64,1200,19950,11650.44,8299.56,CABA,Mayorista
V001906,2025-01-26,C036,P010,35,950,641.04,3200,33250,25636.4,7613.6,Norte,Revendedor
V001907,2025-12-03,C039,P004,26,850,471.63,2500,22100,14762.38,7337.62,CABA,Gastronomía
V001908,2025-05-18,C007,P005,5,950,672.37,3200,4750,6561.85,-1811.85,CABA,Minorista
V001909,2025-09-02,C006,P016,24,2100,1281.15,1800,50400,32547.6,17852.4,Oeste,Revendedor
V001910,2025-10-15,C032,P003,22,1100,576.87,3200,24200,15891.14,8308.86,CABA,Minorista
V001911,2025-08-29,C028,P005,11,3200,1719.23,2500,35200,21411.53,13788.47,CABA,Revendedor
V001912,2025-05-20,C074,P007,32,3200,1718.72,2500,102400,57499.04,44900.96,Oeste,Revendedor
V001913,2025-12-08,C050,P007,34,1450,815.81,2500,49300,30237.54,19062.46,Sur,Revendedor
V001914,2025-05-28,C035,P008,8,2100,1136.52,3200,16800,12292.16,4507.84,Sur,Minorista
V001915,2025-02-28,C052,P019,13,1450,936.57,3200,18850,15375.41,3474.59,Oeste,Revendedor
V001916,2025-03-03,C032,P005,3,1250,899.44,4500,3750,7198.32,-3448.32,CABA,Minorista
V001917,2025-12-17,C051,P005,14,1450,1029.87,3200,20300,17618.18,2681.82,CABA,Mayorista
V001918,2025-02-26,C002,P014,7,1700,900.18,1200,11900,7501.26,4398.74,Oeste,Minorista
V001919,2025-07-08,C042,P014,25,3200,2058.48,2500,80000,53962.0,26038.0,Oeste,Mayorista
V001920,2025-04-16,C050,P012,13,1250,746.97,1800,16250,11510.61,4739.39,Sur,Minorista
V001921,2025-05-10,C001,P014,30,1100,544.21,0,33000,16326.3,16673.7,Sur,Revendedor
V001922,2025-05-29,C027,P014,8,1450,744.96,1800,11600,7759.68,3840.32,Oeste,Lavandería
V001923,2025-01-08,C061,P017,5,3900,2297.35,1800,19500,13286.75,6213.25,Oeste,Lavandería
V001924,2025-04-13,C036,P016,25,1450,751.84,1200,36250,19996.0,16254.0,Sur,Mayorista
V001925,2025-01-09,C031,P016,25,1250,895.95,3200,31250,25598.75,5651.25,Oeste,Minorista
V001926,2025-05-18,C048,P017,17,950,517.97,4500,16150,13305.49,2844.51,Norte,Lavandería
V001927,2025-01-11,C009,P019,7,1250,869.63,1800,8750,7887.41,862.59,Oeste,Revendedor
V001928,2025-11-11,C074,P017,12,2600,1857.93,0,31200,22295.16,8904.84,Oeste,Minorista
V001929,2025-06-17,C071,P014,22,850,506.13,1200,18700,12334.86,6365.14,CABA,Gastronomía
V001930,2025-08-06,C033,P009,13,2100,1345.6,3200,27300,20692.8,6607.2,Norte,Minorista
V001931,2025-07-14,C061,P020,13,1250,697.41,1800,16250,10866.33,5383.67,Norte,Lavandería
V001932,2025-05-04,C069,P011,32,1250,729.25,3200,40000,26536.0,13464.0,CABA,Minorista
V001933,2025-02-22,C073,P005,15,2100,1444.74,1200,31500,22871.1,8628.9,Sur,Lavandería
V001934,2025-10-01,C010,P004,29,1100,586.27,1200,31900,18201.83,13698.17,Oeste,Gastronomía
V001935,2025-02-19,C005,P009,1,3900,2254.95,1800,3900,4054.95,-154.95,Sur,Mayorista
V001936,2025-02-17,C044,P008,8,950,639.63,3200,7600,8317.04,-717.04,Oeste,Minorista
V001937,2025-09-01,C036,P018,11,850,596.95,2500,9350,9066.45,283.55,Oeste,Lavandería
V001938,2025-06-19,C013,P003,33,3900,2086.65,3200,128700,72059.45,56640.55,Norte,Minorista
V001939,2025-08-07,C045,P012,29,3200,2070.48,0,92800,60043.92,32756.08,CABA,Revendedor
V001940,2025-01-11,C036,P007,12,1100,589.83,0,13200,7077.96,6122.04,Oeste,Mayorista
V001941,2025-04-18,C026,P005,19,2600,1286.24,2500,49400,26938.56,22461.44,Oeste,Revendedor
V001942,2025-03-10,C005,P004,14,1700,1071.87,1800,23800,16806.18,6993.82,Sur,Mayorista
V001943,2025-12-19,C009,P006,31,2100,1011.84,1800,65100,33167.04,31932.96,CABA,Revendedor
V001944,2025-03-31,C054,P004,6,1100,583.91,1200,6600,4703.46,1896.54,Sur,Minorista
V001945,2025-08-11,C030,P006,18,3200,2084.14,4500,57600,42014.52,15585.48,Norte,Lavandería
V001946,2025-03-22,C077,P018,14,2600,1513.13,3200,36400,24383.82,12016.18,Sur,Gastronomía
V001947,2025-06-11,C034,P020,14,850,448.04,1800,11900,8072.56,3827.44,Sur,Revendedor
V001948,2025-08-27,C012,P019,8,1100,765.82,1200,8800,7326.56,1473.44,CABA,Revendedor
V001949,2025-09-03,C051,P019,9,850,513.66,3200,7650,7822.94,-172.94,Oeste,Mayorista
V001950,2025-05-04,C007,P017,35,950,511.06,3200,33250,21087.1,12162.9,CABA,Gastronomía
V001951,2025-09-26,C069,P003,17,1450,811.56,1200,24650,14996.52,9653.48,Oeste,Minorista
V001952,2025-08-07,C063,P007,9,1250,809.63,0,11250,7286.67,3963.33,Oeste,Revendedor
V001953,2025-08-15,C010,P014,35,950,624.2,1800,33250,23647.0,9603.0,Sur,Mayorista
V001954,2025-12-15,C036,P011,2,850,564.16,0,1700,1128.32,571.68,CABA,Minorista
V001955,2025-02-12,C042,P006,6,950,612.85,2500,5700,6177.1,-477.1,CABA,Lavandería
V001956,2025-10-03,C048,P002,2,1100,788.94,1800,2200,3377.88,-1177.88,Sur,Minorista
V001957,2025-09-16,C038,P010,17,1100,550.45,1200,18700,10557.65,8142.35,Sur,Gastronomía
V001958,2025-09-09,C067,P003,10,1100,745.63,1800,11000,9256.3,1743.7,CABA,Gastronomía
V001959,2025-07-14,C061,P002,33,2100,1243.53,0,69300,41036.49,28263.51,CABA,Minorista
V001960,2025-12-05,C034,P008,25,1700,1075.76,0,42500,26894.0,15606.0,Norte,Revendedor
V001961,2025-05-21,C068,P005,26,2100,1291.75,1200,54600,34785.5,19814.5,Sur,Mayorista
V001962,2025-05-18,C066,P008,21,1700,1085.82,1800,35700,24602.22,11097.78,Norte,Mayorista
V001963,2025-10-23,C049,P002,3,2600,1281.09,1200,7800,5043.27,2756.73,Oeste,Lavandería
V001964,2025-11-05,C079,P018,30,3900,2204.35,0,117000,66130.5,50869.5,Oeste,Mayorista
V001965,2025-02-03,C008,P009,4,950,653.28,1800,3800,4413.12,-613.12,CABA,Revendedor
V001966,2025-09-28,C001,P009,17,1100,672.53,2500,18700,13933.01,4766.99,Sur,Mayorista
V001967,2025-09-22,C025,P013,13,3200,2033.47,2500,41600,28935.11,12664.89,Norte,Mayorista
V001968,2025-03-21,C009,P005,26,3900,2506.52,4500,101400,69669.52,31730.48,Oeste,Revendedor
V001969,2025-10-20,C040,P014,20,1100,533.47,2500,22000,13169.4,8830.6,Oeste,Gastronomía
V001970,2025-09-28,C056,P007,7,1450,1030.35,1800,10150,9012.45,1137.55,CABA,Lavandería
V001971,2025-01-21,C050,P010,25,1100,621.63,1800,27500,17340.75,10159.25,Norte,Minorista
V001972,2025-04-06,C052,P008,24,1700,1037.74,1200,40800,26105.76,14694.24,Norte,Mayorista
V001973,2025-01-12,C011,P016,25,1450,839.09,1800,36250,22777.25,13472.75,Norte,Revendedor
V001974,2025-10-22,C068,P017,2,1250,819.23,1800,2500,3438.46,-938.46,Oeste,Revendedor
V001975,2025-12-24,C065,P017,12,1450,811.38,1200,17400,10936.56,6463.44,Sur,Revendedor
V001976,2025-12-23,C008,P011,3,1450,935.02,0,4350,2805.06,1544.94,Norte,Mayorista
V001977,2025-04-15,C028,P007,23,1250,848.56,1800,28750,21316.88,7433.12,Norte,Minorista
V001978,2025-07-22,C029,P005,7,950,477.56,3200,6650,6542.92,107.08,Sur,Revendedor
V001979,2025-08-27,C016,P018,4,3900,2785.15,1200,15600,12340.6,3259.4,CABA,Mayorista
V001980,2025-09-10,C028,P005,26,1700,1223.77,0,44200,31818.02,12381.98,Sur,Minorista
V001981,2025-02-09,C011,P020,33,2600,1721.24,1800,85800,58600.92,27199.08,Sur,Minorista
V001982,2025-08-25,C065,P014,34,850,410.18,1200,28900,15146.12,13753.88,Oeste,Minorista
V001983,2025-01-16,C076,P004,22,2100,1064.46,1200,46200,24618.12,21581.88,CABA,Mayorista
V001984,2025-12-19,C049,P011,31,2600,1412.67,1800,80600,45592.77,35007.23,CABA,Lavandería
V001985,2025-01-02,C080,P007,26,1700,1064.77,1800,44200,29484.02,14715.98,Oeste,Minorista
V001986,2025-02-09,C040,P020,5,950,654.55,4500,4750,7772.75,-3022.75,Norte,Minorista
V001987,2025-10-04,C038,P008,15,2100,1275.06,1800,31500,20925.9,10574.1,CABA,Revendedor
V001988,2025-03-13,C053,P007,11,1100,776.58,3200,12100,11742.38,357.62,Oeste,Minorista
V001989,2025-05-03,C058,P009,22,1700,986.65,0,37400,21706.3,15693.7,Norte,Minorista
V001990,2025-12-23,C038,P005,34,3200,1848.77,4500,108800,67358.18,41441.82,CABA,Gastronomía
V001991,2025-11-19,C003,P011,16,2600,1831.81,2500,41600,31808.96,9791.04,Sur,Minorista
V001992,2025-09-23,C013,P004,9,2100,1401.27,0,18900,12611.43,6288.57,CABA,Mayorista
V001993,2025-01-29,C067,P007,24,2100,1208.51,3200,50400,32204.24,18195.76,CABA,Minorista
V001994,2025-07-17,,P015,5,1700,1199.65,1200,8500,7198.25,1301.75,CABA,Mayorista
V001995,2025-04-22,C033,P011,23,850,574.75,3200,19550,16419.25,3130.75,Oeste,Lavandería
V001996,2025-10-20,C014,P016,32,2100,1392.58,4500,67200,49062.56,18137.44,Oeste,Revendedor
V001997,2025-04-18,C068,P009,19,850,431.63,1800,16150,10000.97,6149.03,CABA,Revendedor
V001998,2025-08-18,C025,P011,20,1250,743.07,4500,25000,19361.4,5638.6,Oeste,Lavandería
V001999,2025-01-24,C028,P008,24,3900,2549.53,0,93600,61188.72,32411.28,CABA,Gastronomía
V002000,2025-08-20,C003,P020,4,3200,1818.81,3200,12800,10475.24,2324.76,CABA,Gastronomía
V002001,2025-05-27,C074,P006,2,2600,1866.94,3200,5200,6933.88,-1733.88,Oeste,Lavandería
V002002,2025-11-03,C074,P020,27,3900,2408.06,2500,105300,67517.62,37782.38,Norte,Revendedor
V002003,2025-11-25,C078,P020,30,950,658.73,1800,28500,21561.9,6938.1,Oeste,Revendedor
V002004,2025-07-07,C075,P013,16,1100,615.21,0,17600,9843.36,7756.64,Norte,Minorista
V002005,2025-09-14,C040,P019,13,1100,763.1,0,14300,9920.3,4379.7,Oeste,Mayorista
V002006,2025-05-31,C019,P014,26,3900,2396.02,0,101400,62296.52,39103.48,Sur,Revendedor
V002007,2025-12-25,C003,P018,31,1100,633.07,0,34100,19625.17,14474.83,Sur,Lavandería
V002008,2025-01-16,C057,P006,14,1450,891.46,4500,20300,16980.44,3319.56,Oeste,Revendedor
V002009,2025-11-07,C029,P011,24,1250,869.56,3200,30000,24069.44,5930.56,Oeste,Revendedor
V002010,2025-01-09,C037,P001,23,2100,1455.19,0,48300,33469.37,14830.63,Oeste,Revendedor
V002011,2025-11-09,C056,P011,2,3200,2153.92,1200,6400,5507.84,892.16,Sur,Revendedor
V002012,2025-07-03,C070,P005,28,1450,728.54,3200,40600,23599.12,17000.88,Sur,Revendedor
V002013,2025-07-13,C045,P014,5,1250,604.48,2500,6250,5522.4,727.6,Sur,Minorista
V002014,2025-12-11,C019,P007,34,1700,1049.17,0,57800,35671.78,22128.22,Norte,Mayorista
V002015,2025-05-17,C052,P018,10,1250,776.28,1800,12500,9562.8,2937.2,Norte,Minorista
V002016,2025-01-16,C022,P016,15,850,409.33,3200,12750,9339.95,3410.05,Sur,Revendedor
V002017,2025-07-20,C050,P003,4,950,646.09,2500,3800,5084.36,-1284.36,Oeste,Minorista
V002018,2025-02-11,C025,P020,22,850,417.77,0,18700,9190.94,9509.06,Sur,Revendedor
V002019,2025-01-29,C079,P009,6,1450,915.19,0,8700,5491.14,3208.86,Norte,Minorista
V002020,2025-08-21,C053,P006,34,1250,861.55,2500,42500,31792.7,10707.3,Sur,Mayorista
V002021,2025-01-26,C048,P008,18,1450,701.85,2500,26100,15133.3,10966.7,Sur,Lavandería
V002022,2025-11-03,C037,P013,11,850,553.72,2500,9350,8590.92,759.08,Oeste,Lavandería
V002023,2025-07-30,C017,P020,9,1700,823.94,0,15300,7415.46,7884.54,Sur,Lavandería
V002024,2025-07-16,C007,P006,5,1450,703.91,3200,7250,6719.55,530.45,Norte,Minorista
V002025,2025-04-10,C026,P007,30,1250,626.76,1200,37500,20002.8,17497.2,Norte,Gastronomía
V002026,2025-03-29,C026,P012,26,950,562.52,0,24700,14625.52,10074.48,Sur,Minorista
V002027,2025-04-15,C022,P004,6,3900,2024.93,2500,23400,14649.58,8750.42,CABA,Mayorista
V002028,2025-08-05,C031,P017,21,1100,651.48,3200,23100,16881.08,6218.92,Norte,Lavandería
V002029,2025-03-04,C025,P007,29,950,659.24,3200,27550,22317.96,5232.04,Norte,Gastronomía
V002030,2025-05-16,C076,P002,11,3900,2174.35,1200,42900,25117.85,17782.15,Sur,Gastronomía
V002031,2025-09-19,C006,P004,28,1450,795.1,0,40600,22262.8,18337.2,Oeste,Lavandería
V002032,2025-04-15,C033,P004,26,2600,1581.33,1200,67600,42314.58,25285.42,Sur,Lavandería
V002033,2025-12-08,C066,P006,12,950,459.2,1200,11400,6710.4,4689.6,CABA,Lavandería
V002034,2025-10-29,C069,P006,7,1250,678.33,2500,8750,7248.31,1501.69,Oeste,Revendedor
V002035,2025-10-07,C044,P016,29,1250,827.36,1200,36250,25193.44,11056.56,Oeste,Minorista
V002036,2025-09-21,C023,P018,21,2100,1022.7,1200,44100,22676.7,21423.3,Sur,Minorista
V002037,2025-09-10,C076,P018,28,2100,1351.1,0,58800,37830.8,20969.2,Sur,Lavandería
V002038,2025-12-25,C008,P013,32,1250,870.09,3200,40000,31042.88,8957.12,Oeste,Minorista
V002039,2025-07-06,C001,P013,35,1100,550.27,1200,38500,20459.45,18040.55,Oeste,Mayorista
V002040,2025-11-19,C045,P011,11,950,682.21,4500,10450,12004.31,-1554.31,Norte,Minorista
V002041,2025-06-21,C070,P015,7,1450,836.92,1200,10150,7058.44,3091.56,CABA,Revendedor
V002042,2025-11-30,C023,P003,9,1700,1047.69,2500,15300,11929.21,3370.79,CABA,Revendedor
V002043,2025-10-30,C069,P009,16,2100,1322.21,3200,33600,24355.36,9244.64,Norte,Revendedor
V002044,2025-01-09,C021,P005,3,1700,1141.74,3200,5100,6625.22,-1525.22,Oeste,Revendedor
V002045,2025-08-10,C077,P009,33,1450,921.63,1800,47850,32213.79,15636.21,Norte,Revendedor
V002046,2025-09-20,C071,P003,6,1450,816.68,4500,8700,9400.08,-700.08,Sur,Minorista
V002047,2025-12-22,C057,P003,23,1100,590.11,3200,25300,16772.53,8527.47,Sur,Lavandería
V002048,2025-07-19,C062,P007,35,1100,534.92,3200,38500,21922.2,16577.8,Sur,Gastronomía
V002049,2025-07-14,C010,P020,5,2600,1556.82,3200,13000,10984.1,2015.9,Sur,Lavandería
V002050,2025-10-05,C020,P020,28,3200,1917.87,1200,89600,54900.36,34699.64,Oeste,Gastronomía
V002051,2025-09-22,C074,P007,32,850,569.27,3200,27200,21416.64,5783.36,Norte,Revendedor
V002052,2025-01-01,C052,P006,16,1700,837.16,1800,27200,15194.56,12005.44,CABA,Gastronomía
V002053,2025-07-19,C049,P020,22,2600,1603.18,0,57200,35269.96,21930.04,CABA,Mayorista
V002054,2025-05-24,C070,P006,22,1700,925.48,1200,37400,21560.56,15839.44,Sur,Lavandería
V002055,2025-10-31,C051,P007,9,1700,1153.2,3200,15300,13578.8,1721.2,Norte,Mayorista
V002056,2025-11-23,C032,P005,35,3900,2664.55,2500,136500,95759.25,40740.75,Oeste,Mayorista
V002057,2025-10-07,C074,P004,22,2100,1090.87,0,46200,23999.14,22200.86,Norte,Mayorista
V002058,2025-09-30,C044,P016,12,1700,974.74,3200,20400,14896.88,5503.12,Oeste,Lavandería
V002059,2025-10-29,C029,P008,22,3200,2002.9,4500,70400,48563.8,21836.2,Norte,Minorista
V002060,2025-04-25,C065,P004,26,1700,965.25,4500,44200,29596.5,14603.5,Sur,Revendedor
V002061,2025-05-15,C050,P018,21,850,532.42,2500,17850,13680.82,4169.18,Norte,Gastronomía
V002062,2025-04-25,C001,P007,20,3900,1984.3,4500,78000,44186.0,33814.0,CABA,Minorista
V002063,2025-09-04,C077,P016,11,850,448.63,4500,9350,9434.93,-84.93,Norte,Revendedor
V002064,2025-05-01,C035,P002,6,1700,901.76,1800,10200,7210.56,2989.44,CABA,Gastronomía
V002065,2025-05-31,C059,P004,21,1700,898.54,1200,35700,20069.34,15630.66,Oeste,Gastronomía
V002066,2025-11-14,C028,P014,31,3200,1610.79,2500,99200,52434.49,46765.51,Sur,Gastronomía
V002067,2025-01-24,C003,P020,18,1100,712.04,4500,19800,17316.72,2483.28,CABA,Gastronomía
V002068,2025-02-14,C005,P012,12,2600,1486.95,3200,31200,21043.4,10156.6,CABA,Revendedor
V002069,2025-09-26,C061,P018,4,3900,2557.62,1200,15600,11430.48,4169.52,Sur,Minorista
V002070,2025-05-20,C047,P005,16,3200,1940.57,1800,51200,32849.12,18350.88,Sur,Mayorista
V002071,2025-03-12,C043,P018,28,2100,1037.42,1800,58800,30847.76,27952.24,Sur,Lavandería
V002072,2025-10-03,C057,P009,20,1100,564.49,4500,22000,15789.8,6210.2,Norte,Revendedor
V002073,2025-06-22,C036,P018,22,3900,2266.96,1800,85800,51673.12,34126.88,Norte,Revendedor
V002074,2025-05-28,C023,P017,9,1450,1029.39,0,13050,9264.51,3785.49,CABA,Lavandería
V002075,2025-06-20,C004,P005,1,850,416.75,1800,850,2216.75,-1366.75,Norte,Mayorista
V002076,2025-10-28,C030,P003,16,1100,697.66,0,17600,11162.56,6437.44,Norte,Gastronomía
V002077,2025-02-05,C027,P001,21,1700,1012.06,3200,35700,24453.26,11246.74,Oeste,Lavandería
V002078,2025-10-12,C024,P004,19,1450,794.96,3200,27550,18304.24,9245.76,Sur,Lavandería
V002079,2025-10-28,C080,P016,10,2600,1848.97,4500,26000,22989.7,3010.3,Oeste,Lavandería
V002080,2025-08-18,C057,P010,27,1100,725.18,1200,29700,20779.86,8920.14,Norte,Revendedor
V002081,2025-12-27,C022,P012,19,1250,884.91,0,23750,16813.29,6936.71,Oeste,Mayorista
V002082,2025-12-29,C070,P004,9,1250,850.9,1200,11250,8858.1,2391.9, oeste ,Revendedor
V002083,2025-03-15,C001,P010,6,850,484.94,0,5100,2909.64,2190.36,CABA,Revendedor
V002084,2025-05-06,C054,P009,32,1100,581.84,3200,35200,21818.88,13381.12,Sur,GASTRONOMÍA
V002085,2025-01-13,C069,P006,31,2100,1269.42,0,65100,39352.02,25747.98,Sur,Mayorista
V002086,2025-04-03,C045,P016,30,1700,922.22,1800,51000,29466.6,21533.4,Norte,Lavandería
V002087,2025-03-11,C049,P005,3,1700,874.12,0,5100,2622.36,2477.64,Sur,Lavandería
V002088,2025-12-03,C071,P008,7,2100,1034.76,1200,14700,8443.32,6256.68,Sur,Minorista
V002089,2025-11-27,C061,P006,5,2600,1676.99,1200,13000,9584.95,3415.05,Sur,Mayorista
V002090,2025-10-17,C075,P006,2,1700,890.17,1200,3400,2980.34,419.66,Oeste,Lavandería
V002091,2025-03-29,C013,P014,21,3900,1942.54,1800,81900,42593.34,39306.66,Oeste,Revendedor
V002092,2025-10-09,C019,P008,11,1700,1082.55,4500,18700,16408.05,2291.95,Oeste,Revendedor
V002093,2025-10-04,C027,P011,20,1450,841.42,2500,29000,19328.4,9671.6,Sur,Lavandería
V002094,2025-04-23,C021,P013,19,1250,882.57,3200,23750,19968.83,3781.17,Norte,Gastronomía
V002095,2025-05-10,C074,P016,8,1100,763.82,3200,8800,9310.56,-510.56,Sur,Minorista
V002096,2025-04-06,C074,P006,29,950,492.96,1800,27550,16095.84,11454.16,Oeste,Revendedor
V002097,2025-08-28,C068,P016,8,1250,747.1,1800,10000,7776.8,2223.2,Oeste,Revendedor
V002098,2025-10-13,C067,P008,9,1100,535.41,4500,9900,9318.69,581.31,CABA,Mayorista
V002099,2025-07-06,C051,P002,13,1100,537.94,0,14300,6993.22,7306.78,Norte,Revendedor
V002100,2025-09-08,C078,P015,34,3200,1924.54,3200,108800,68634.36,40165.64,Sur,Gastronomía
V002101,2025-12-17,C027,P012,33,1700,891.34,4500,56100,33914.22,22185.78,Sur,Minorista
V002102,2025-01-21,C026,P001,18,1450,778.23,2500,26100,16508.14,9591.86,CABA,Revendedor
V002103,2025-10-21,C042,P004,30,950,535.09,1200,28500,17252.7,11247.3,Oeste,Revendedor
V002104,2025-02-17,C003,P005,11,3900,2573.32,4500,42900,32806.52,10093.48,CABA,Minorista
V002105,2025-06-05,C026,P016,18,3200,1684.11,3200,57600,33513.98,24086.02,Oeste,Minorista
V002106,2025-10-23,C054,P016,6,1250,806.03,2500,7500,7336.18,163.82,CABA,Revendedor
V002107,2025-02-28,C019,P013,4,1100,721.18,0,4400,2884.72,1515.28,Oeste,Mayorista
V002108,2025-03-02,C059,P014,30,1100,542.12,3200,33000,19463.6,13536.4,CABA,Minorista
V002109,2025-02-27,C049,P013,7,1100,769.11,0,7700,5383.77,2316.23,CABA,Revendedor
V002110,2025-01-17,C058,P005,22,3200,2119.64,1200,70400,47832.08,22567.92,Oeste,Revendedor
V002111,2025-04-20,C005,P010,13,2100,1199.66,1200,27300,16795.58,10504.42,CABA,Mayorista
V002112,2025-08-22,C039,P017,7,1100,729.79,1800,7700,6908.53,791.47,Oeste,Minorista
V002113,2025-02-16,C037,P001,26,3200,1643.99,1800,83200,44543.74,38656.26,CABA,Revendedor
V002114,2025-12-07,C042,P005,10,3900,2140.36,1200,39000,22603.6,16396.4,CABA,Revendedor
V002115,2025-04-10,C047,P012,25,950,640.79,4500,23750,20519.75,3230.25,CABA,Mayorista
V002116,2025-12-08,C073,P020,23,1100,733.71,3200,25300,20075.33,5224.67,Sur,Minorista
V002117,2025-02-19,C030,P015,8,1100,600.72,2500,8800,7305.76,1494.24,Norte,Revendedor
V002118,2025-06-17,C070,P012,25,1450,961.38,1200,36250,25234.5,11015.5,Oeste,Minorista
V002119,2025-05-13,C010,P005,2,1100,789.39,0,2200,1578.78,621.22,Sur,Minorista
V002120,2025-07-05,C079,P006,31,1250,767.26,1800,38750,25585.06,13164.94,CABA,Mayorista
V002121,2025-11-03,C080,P002,29,950,554.32,3200,27550,19275.28,8274.72,CABA,Lavandería
V002122,2025-04-27,C017,P005,19,3200,2035.27,0,60800,38670.13,22129.87,Norte,Gastronomía
V002123,2025-05-14,C021,P001,15,1450,707.27,0,21750,10609.05,11140.95,CABA,Minorista
V002124,2025-11-12,C047,P013,32,3900,2727.7,4500,124800,91786.4,33013.6,Sur,Gastronomía
V002125,2025-08-05,C040,P020,5,1700,996.67,4500,8500,9483.35,-983.35,Norte,Gastronomía
V002126,2025-05-26,C055,P006,16,1450,862.89,0,23200,13806.24,9393.76,Oeste,Gastronomía
V002127,2025-08-25,C056,P001,8,850,521.21,0,6800,4169.68,2630.32,CABA,Minorista
V002128,2025-04-17,C004,P014,15,950,558.45,1800,14250,10176.75,4073.25,CABA,Lavandería
V002129,2025-03-24,C055,P017,3,3200,1546.08,0,9600,4638.24,4961.76,Norte,Lavandería
V002130,2025-02-24,C019,P019,2,950,678.12,4500,1900,5856.24,-3956.24,CABA,Lavandería
V002131,2025-02-13,C026,P017,3,2100,1236.29,1200,6300,4908.87,1391.13,CABA,Lavandería
V002132,2025-12-31,C030,P011,6,850,573.85,1800,5100,5243.1,-143.1,Norte,Revendedor
V002133,2025-05-22,C063,P010,13,2100,1096.19,4500,27300,18750.47,8549.53,Oeste,Minorista
V002134,2025-01-09,C073,P014,12,1700,1032.93,3200,20400,15595.16,4804.84,Norte,Lavandería
V002135,2025-08-07,C055,P020,17,2600,1266.52,0,44200,21530.84,22669.16,CABA,Gastronomía
V002136,2025-04-12,C026,P020,26,1100,745.16,2500,28600,21874.16,6725.84,Norte,Lavandería
V002137,2025-07-21,C056,P005,6,1700,1054.74,3200,10200,9528.44,671.56,Oeste,Mayorista
V002138,2025-12-25,C061,P001,3,850,607.88,2500,2550,4323.64,-1773.64,Sur,Lavandería
V002139,2025-02-21,C040,P011,2,950,637.28,0,1900,1274.56,625.44,Sur,Revendedor
V002140,2025-09-06,C060,P004,17,850,412.01,4500,14450,11504.17,2945.83,Norte,Revendedor
V002141,2025-05-01,C070,P018,5,3900,2580.82,4500,19500,17404.1,2095.9,Norte,Revendedor
V002142,2025-01-02,C041,P008,5,1700,1136.06,0,8500,5680.3,2819.7,Norte,Revendedor
V002143,2025-11-08,C065,P002,20,3900,2641.12,2500,78000,55322.4,22677.6,Sur,Mayorista
V002144,2025-11-28,C009,P007,30,3900,2282.92,0,117000,68487.6,48512.4,Sur,Lavandería
V002145,2025-11-05,C072,P010,7,2100,1465.67,0,14700,10259.69,4440.31,Oeste,Mayorista
V002146,2025-09-06,C037,P002,32,2600,1604.32,1200,83200,52538.24,30661.76,Oeste,Mayorista
V002147,2025-06-15,C056,P006,14,3200,2050.35,3200,44800,31904.9,12895.1,Norte,Revendedor
V002148,2025-10-19,C015,P020,29,850,421.67,1800,24650,14028.43,10621.57,Oeste,Lavandería
V002149,2025-12-05,C018,P001,14,2600,1279.81,2500,36400,20417.34,15982.66,Oeste,Minorista
V002150,2025-02-15,C053,P002,11,850,536.69,4500,9350,10403.59,-1053.59,Norte,Minorista
V002151,2025-10-07,C011,P008,24,3900,2406.98,3200,93600,60967.52,32632.48,Sur,Mayorista
V002152,2025-02-27,C011,P015,2,3200,1922.8,3200,6400,7045.6,-645.6,Norte,Revendedor
V002153,2025-01-16,C010,P018,26,1450,801.83,1200,37700,22047.58,15652.42,Oeste,Minorista
V002154,2025-08-20,C046,P017,33,1250,771.33,2500,41250,27953.89,13296.11,Norte,Lavandería
V002155,2025-01-06,C070,P006,4,850,460.94,0,3400,1843.76,1556.24,Sur,Lavandería
V002156,2025-06-13,C061,P003,12,1250,714.07,0,15000,8568.84,6431.16,Norte,Revendedor
V002157,2025-07-26,C012,P003,11,3200,2220.28,4500,35200,28923.08,6276.92,Norte,Mayorista
V002158,2025-11-04,C055,P018,33,1100,650.33,2500,36300,23960.89,12339.11,Sur,Minorista
V002159,2025-05-17,C006,P019,23,1250,814.01,1800,28750,20522.23,8227.77,CABA,Revendedor
V002160,2025-08-05,C015,P012,28,850,508.85,3200,23800,17447.8,6352.2,Oeste,Mayorista
V002161,2025-09-07,C037,P018,15,1700,1110.93,1800,25500,18463.95,7036.05,CABA,Lavandería
V002162,2025-10-25,C051,P006,19,850,588.49,2500,16150,13681.31,2468.69,Norte,Revendedor
V002163,2025-07-12,C050,P018,16,1450,1021.57,2500,23200,18845.12,4354.88,CABA,Gastronomía
V002164,2025-08-20,C066,P010,10,950,557.22,1200,9500,6772.2,2727.8,Norte,Minorista
V002165,2025-07-17,C019,P006,23,3900,2583.41,4500,89700,63918.43,25781.57,Sur,Gastronomía
V002166,2025-10-05,C070,P005,1,3200,2279.16,1200,3200,3479.16,-279.16,Norte,Revendedor
V002167,2025-07-24,C069,P017,15,3900,1910.46,2500,58500,31156.9,27343.1,Oeste,Gastronomía
V002168,2025-07-22,C062,P005,34,2600,1623.61,0,88400,55202.74,33197.26,Sur,Minorista
V002169,2025-11-16,C009,P003,20,950,504.9,0,19000,10098.0,8902.0,Oeste,Gastronomía
V002170,2025-12-05,C077,P006,14,2100,1062.41,1200,29400,16073.74,13326.26,Sur,Lavandería
V002171,2025-01-01,C044,P006,16,850,595.34,1800,13600,11325.44,2274.56,CABA,Lavandería
V002172,2025-06-20,C003,P006,24,1450,957.17,2500,34800,25472.08,9327.92,Oeste,Gastronomía
V002173,2025-03-05,C079,P004,28,1700,1081.32,1200,47600,31476.96,16123.04,Norte,Gastronomía
V002174,2025-01-15,C073,P014,26,950,563.17,4500,24700,19142.42,5557.58,Sur,Minorista
V002175,2025-09-22,C017,P009,35,3900,2576.82,4500,136500,94688.7,41811.3,CABA,Revendedor
V002176,2025-10-05,C001,P013,30,3200,1647.71,1800,96000,51231.3,44768.7,CABA,Lavandería
V002177,2025-05-19,C053,P017,7,1250,851.92,3200,8750,9163.44,-413.44,Oeste,Lavandería
V002178,2025-11-17,C049,P009,35,2100,1318.7,3200,73500,49354.5,24145.5,Oeste,Revendedor
V002179,2025-07-22,C080,P018,29,1450,1019.75,2500,42050,32072.75,9977.25,Norte,Minorista
V002180,2025-06-17,C044,P019,17,1700,1143.86,0,28900,19445.62,9454.38,CABA,Minorista
V002181,2025-11-11,C018,P020,12,850,580.34,2500,10200,9464.08,735.92,Norte,Mayorista
V002182,2025-12-23,C049,P002,23,950,472.05,0,21850,10857.15,10992.85,Sur,Minorista
V002183,2025-04-27,C077,P018,26,1250,726.37,1200,32500,20085.62,12414.38,Sur,Mayorista
V002184,2025-02-21,C066,P019,17,1700,967.93,0,28900,16454.81,12445.19,Sur,Lavandería
V002185,2025-01-04,C007,P001,20,1100,606.86,3200,22000,15337.2,6662.8,Norte,Mayorista
V002186,2025-01-25,C038,P013,25,1450,969.36,4500,36250,28734.0,7516.0,Sur,Lavandería
V002187,2025-09-12,C053,P002,21,2100,1140.11,0,44100,23942.31,20157.69,Norte,Gastronomía
V002188,2025-08-05,C047,P016,29,1700,1035.31,0,49300,30023.99,19276.01,Sur,Gastronomía
V002189,2025-06-13,C029,P007,33,3900,1899.04,1200,128700,63868.32,64831.68,Oeste,Gastronomía
V002190,2025-05-13,C052,P013,9,1100,731.39,1800,9900,8382.51,1517.49,Norte,Minorista
V002191,2025-02-25,C051,P011,23,1250,877.61,0,28750,20185.03,8564.97,Sur,Mayorista
V002192,2025-04-06,C016,P006,10,1450,759.0,2500,14500,10090.0,4410.0,Sur,Lavandería
V002193,2025-12-22,C061,P010,26,1100,729.65,3200,28600,22170.9,6429.1,CABA,Lavandería
V002194,2025-01-15,C014,P003,12,1450,942.78,0,17400,11313.36,6086.64,CABA,Gastronomía
V002195,2025-09-15,C033,P018,34,2100,1508.66,0,71400,51294.44,20105.56,CABA,Minorista
V002196,2025-08-31,C076,P017,26,2600,1691.64,3200,67600,47182.64,20417.36,Oeste,Mayorista
V002197,2025-02-10,C023,P019,23,2600,1828.77,0,59800,42061.71,17738.29,Norte,Lavandería
V002198,2025-03-11,C053,P009,11,2100,1046.37,4500,23100,16010.07,7089.93,CABA,Mayorista
V002199,2025-01-28,C027,P017,17,1250,820.62,2500,21250,16450.54,4799.46,Norte,Mayorista
V002200,2025-08-09,C045,P019,25,3200,1572.94,3200,80000,42523.5,37476.5,Norte,Mayorista
V002201,2025-07-08,C034,P017,12,1450,740.52,4500,17400,13386.24,4013.76,Oeste,Revendedor
V002202,2025-06-16,C033,P012,18,850,414.41,2500,15300,9959.38,5340.62,Norte,Gastronomía
V002203,2025-12-01,C048,P010,30,1700,1117.83,1200,51000,34734.9,16265.1,CABA,Minorista
V002204,2025-03-13,C025,P005,29,1450,963.87,3200,42050,31152.23,10897.77,Sur,Revendedor
V002205,2025-02-13,C058,P015,26,1250,672.87,1800,32500,19294.62,13205.38,Oeste,Lavandería
V002206,2025-03-28,C004,P007,35,2100,1353.28,0,73500,47364.8,26135.2,Sur,Gastronomía
V002207,2025-01-07,C070,P002,5,3900,2605.86,1200,19500,14229.3,5270.7,CABA,Gastronomía
V002208,2025-06-18,C025,P002,25,3900,2802.69,1200,97500,71267.25,26232.75,Norte,Revendedor
V002209,2025-09-15,C019,P009,15,1700,1161.89,1800,25500,19228.35,6271.65,CABA,Minorista
V002210,2025-12-25,C014,P017,5,2100,1230.03,3200,10500,9350.15,1149.85,Norte,Revendedor
V002211,2025-02-04,C055,P012,12,1450,784.43,4500,17400,13913.16,3486.84,Norte,Gastronomía
V002212,2025-05-15,C055,P002,35,1250,845.83,1800,43750,31404.05,12345.95,CABA,Lavandería
V002213,2025-11-05,C080,P007,29,3200,1618.29,4500,92800,51430.41,41369.59,Norte,Mayorista
V002214,2025-11-26,C077,P004,10,3200,1886.59,3200,32000,22065.9,9934.1,Norte,Revendedor
V002215,2025-07-17,C080,P019,28,3900,2365.92,1200,109200,67445.76,41754.24,CABA,Gastronomía
V002216,2025-06-11,C062,P019,9,2600,1313.3,2500,23400,14319.7,9080.3,Oeste,Gastronomía
V002217,2025-07-12,C030,P002,6,3900,2377.86,2500,23400,16767.16,6632.84,Norte,Mayorista
V002218,2025-05-18,C017,P007,15,3900,2292.76,3200,58500,37591.4,20908.6,Oeste,Mayorista
V002219,2025-10-18,C014,P005,8,3200,1919.98,2500,25600,17859.84,7740.16,Oeste,Revendedor
V002220,2025-04-18,C023,P017,33,850,553.18,3200,28050,21454.94,6595.06,Oeste,Mayorista
V002221,2025-03-16,C016,P002,8,850,445.76,1200,6800,4766.08,2033.92,CABA,Minorista
V002222,2025-02-02,C067,P013,30,2100,1199.22,0,63000,35976.6,27023.4,CABA,Revendedor
V002223,2025-11-20,C077,P018,31,2100,1069.34,3200,65100,36349.54,28750.46,CABA,Gastronomía
V002224,2025-04-07,C048,P013,6,1450,717.48,4500,8700,8804.88,-104.88,Oeste,Revendedor
V002225,2025-05-29,C041,P008,6,3900,2349.67,0,23400,14098.02,9301.98,Sur,Gastronomía
V002226,2025-08-04,C071,P005,13,1700,942.21,3200,22100,15448.73,6651.27,Norte,Minorista
V002227,2025-01-18,C001,P007,2,2600,1769.23,2500,5200,6038.46,-838.46,Oeste,Minorista
V002228,2025-07-09,C036,P011,25,2600,1768.47,1800,65000,46011.75,18988.25,CABA,Minorista
V002229,2025-08-12,C056,P013,28,1450,728.03,0,40600,20384.84,20215.16,Sur,Gastronomía
V002230,2025-06-03,C012,P003,15,1450,696.55,2500,21750,12948.25,8801.75,Norte,Minorista
V002231,2025-07-24,C079,P019,18,3900,2311.39,3200,70200,44805.02,25394.98,CABA,Gastronomía
V002232,2025-10-15,C025,P014,27,3200,1691.37,3200,86400,48866.99,37533.01,Oeste,Lavandería
V002233,2025-10-01,C073,P019,26,1100,630.54,2500,28600,18894.04,9705.96,CABA,Revendedor
V002234,2025-04-30,C070,P014,34,3900,1982.74,3200,132600,70613.16,61986.84,Sur,Revendedor
V002235,2025-02-07,C047,P001,24,3900,2273.31,1800,93600,56359.44,37240.56,Sur,Minorista
V002236,2025-10-19,C059,P013,2,3900,2093.6,0,7800,4187.2,3612.8,CABA,Mayorista
V002237,2025-08-09,C046,P015,34,3900,2395.29,1200,132600,82639.86,49960.14,Sur,Minorista
V002238,2025-06-04,C011,P018,1,3900,2216.96,1200,3900,3416.96,483.04,CABA,Lavandería
V002239,2025-07-04,C043,P017,21,950,561.01,2500,19950,14281.21,5668.79,Norte,Minorista
V002240,2025-12-10,C018,P016,19,2100,1311.47,0,39900,24917.93,14982.07,CABA,Revendedor
V002241,2025-12-11,C071,P005,18,950,594.75,3200,17100,13905.5,3194.5,Sur,Mayorista
V002242,2025-08-12,C035,P006,11,1100,687.23,2500,12100,10059.53,2040.47,Norte,Revendedor
V002243,2025-10-28,C010,P015,4,1450,946.91,1800,5800,5587.64,212.36,Norte,Mayorista
V002244,2025-02-23,C071,P012,19,1700,1014.33,0,32300,19272.27,13027.73,Norte,Lavandería
V002245,2025-09-16,C017,P001,10,1100,750.96,1800,11000,9309.6,1690.4,Sur,Minorista
V002246,2025-12-30,C074,P001,4,950,600.12,1200,3800,3600.48,199.52,Norte,Lavandería
V002247,2025-05-21,C007,P015,11,1250,848.18,1800,13750,11129.98,2620.02,Sur,Mayorista
V002248,2025-09-15,C021,P018,21,1450,697.76,0,30450,14652.96,15797.04,Sur,Revendedor
V002249,2025-11-30,C067,P006,11,1450,945.54,1200,15950,11600.94,4349.06,CABA,Mayorista
V002250,2025-08-03,C010,P013,35,1700,818.55,0,59500,28649.25,30850.75,CABA,Gastronomía
V002251,2025-10-15,C008,P003,8,3900,2220.01,0,31200,17760.08,13439.92,Oeste,Lavandería
V002252,2025-02-25,C012,P011,12,2100,1048.76,0,25200,12585.12,12614.88,Norte,Mayorista
V002253,2025-08-14,C007,P019,9,1250,613.16,2500,11250,8018.44,3231.56,CABA,Lavandería
V002254,2025-10-31,C041,P001,1,2600,1408.01,4500,2600,5908.01,-3308.01,CABA,Revendedor
V002255,2025-10-21,C040,P018,21,1450,775.0,4500,30450,20775.0,9675.0,Oeste,Revendedor
V002256,2025-09-25,C060,P014,14,2100,1181.69,3200,29400,19743.66,9656.34,Norte,Gastronomía
V002257,2025-08-30,C015,P014,6,3900,2614.28,3200,23400,18885.68,4514.32,Oeste,Lavandería
V002258,2025-04-14,C040,P018,6,1250,870.51,4500,7500,9723.06,-2223.06,CABA,Minorista
V002259,2025-05-13,C043,P002,10,1700,1132.07,4500,17000,15820.7,1179.3,Sur,Mayorista
V002260,2025-12-17,C024,P003,30,1450,770.24,4500,43500,27607.2,15892.8,Norte,Lavandería
V002261,2025-05-12,C068,P008,22,1100,639.06,0,24200,14059.32,10140.68,Sur,Gastronomía
V002262,2025-10-07,C056,P002,28,2600,1368.9,3200,72800,41529.2,31270.8,Oeste,Gastronomía
V002263,2025-06-03,C070,P017,13,3200,1769.2,1200,41600,24199.6,17400.4,Norte,Mayorista
V002264,2025-07-15,C039,P013,9,3200,1572.43,1800,28800,15951.87,12848.13,CABA,Lavandería
V002265,2025-08-16,C036,P002,26,1700,999.19,1800,44200,27778.94,16421.06,Norte,Minorista
V002266,2025-07-06,C051,P006,14,3900,2043.07,0,54600,28602.98,25997.02,CABA,Revendedor
V002267,2025-06-20,C042,P004,3,2600,1640.46,1800,7800,6721.38,1078.62,CABA,Revendedor
V002268,2025-02-22,C030,P004,6,950,561.5,3200,5700,6569.0,-869.0,Sur,Minorista
V002269,2025-11-04,C003,P005,22,1450,941.05,2500,31900,23203.1,8696.9,Sur,Minorista
V002270,2025-12-18,C023,P006,2,2100,1369.41,1800,4200,4538.82,-338.82,Oeste,Gastronomía
V002271,2025-05-18,C011,P006,1,950,608.04,1200,950,1808.04,-858.04,Sur,Gastronomía
V002272,2025-10-17,C046,P002,1,1100,755.02,4500,1100,5255.02,-4155.02,CABA,Minorista
V002273,2025-06-13,C015,P011,14,1100,767.32,1800,15400,12542.48,2857.52,Norte,Lavandería
V002274,2025-11-21,C080,P011,3,2600,1424.29,2500,7800,6772.87,1027.13,CABA,Lavandería
V002275,2025-12-27,C025,P005,30,3900,2387.5,1800,117000,73425.0,43575.0,Norte,Minorista
V002276,2025-04-29,C009,P002,1,2100,1153.07,4500,2100,5653.07,-3553.07,Oeste,Gastronomía
V002277,2025-01-07,C027,P019,8,850,464.6,1200,6800,4916.8,1883.2,CABA,Mayorista
V002278,2025-08-08,C006,P017,19,950,472.42,1800,18050,10775.98,7274.02,CABA,Mayorista
V002279,2025-12-01,C044,P020,12,3200,1811.85,1200,38400,22942.2,15457.8,Norte,Revendedor
V002280,2025-06-24,C019,P002,24,2100,1043.61,0,50400,25046.64,25353.36,Sur,Lavandería
V002281,2025-10-19,C074,P001,2,2100,1295.88,3200,4200,5791.76,-1591.76,CABA,Minorista
V002282,2025-10-07,C050,P015,31,1450,711.34,4500,44950,26551.54,18398.46,Oeste,Lavandería
V002283,2025-09-14,C035,P005,14,1250,771.08,1800,17500,12595.12,4904.88,Norte,Revendedor
V002284,2025-12-24,C048,P008,2,850,488.1,2500,1700,3476.2,-1776.2,Sur,Mayorista
V002285,2025-06-21,C042,P001,14,1100,695.08,0,15400,9731.12,5668.88,CABA,Lavandería
V002286,2025-04-19,C049,P011,17,1100,765.29,1200,18700,14209.93,4490.07,Norte,Minorista
V002287,2025-08-24,C069,P009,12,3900,1929.23,1200,46800,24350.76,22449.24,Oeste,Mayorista
V002288,2025-04-24,C040,P011,7,950,459.47,0,6650,3216.29,3433.71,CABA,Lavandería
V002289,2025-12-13,C006,P012,16,850,537.99,3200,13600,11807.84,1792.16,Sur,Revendedor
V002290,2025-05-10,C032,P001,10,950,476.15,2500,9500,7261.5,2238.5,Sur,Mayorista
V002291,2025-03-11,C079,P001,19,1700,1206.74,2500,32300,25428.06,6871.94,Norte,Revendedor
V002292,2025-10-12,C070,P015,21,3900,2677.62,0,81900,56230.02,25669.98,Oeste,Revendedor
V002293,2025-10-31,C055,P010,11,2100,1031.4,1200,23100,12545.4,10554.6,Sur,Mayorista
V002294,2025-01-05,C019,P015,24,1700,1028.43,0,40800,24682.32,16117.68,Norte,Lavandería
V002295,2025-08-26,C004,P020,9,850,593.1,0,7650,5337.9,2312.1,CABA,Gastronomía
V002296,2025-03-24,C029,P018,1,1100,577.91,4500,1100,5077.91,-3977.91,Oeste,Minorista
V002297,2025-11-28,C078,P006,5,1700,1186.02,3200,8500,9130.1,-630.1,CABA,Revendedor
V002298,2025-10-21,C063,P001,24,3900,1960.42,0,93600,47050.08,46549.92,CABA,Revendedor
V002299,2025-08-12,C028,P018,24,1700,1040.5,0,40800,24972.0,15828.0,Norte,Revendedor
V002300,2025-08-26,C061,P006,7,2100,1288.23,0,14700,9017.61,5682.39,CABA,Gastronomía
V002301,2025-05-02,C062,P018,14,950,580.83,2500,13300,10631.62,2668.38,Oeste,Revendedor
V002302,2025-10-25,C062,P006,33,1450,811.43,1800,47850,28577.19,19272.81,CABA,Minorista
V002303,2025-09-21,C018,P006,31,1100,528.32,1200,34100,17577.92,16522.08,Oeste,Revendedor
V002304,2025-05-31,C069,P005,15,1100,702.9,1200,16500,11743.5,4756.5,CABA,Gastronomía
V002305,2025-02-15,C036,P009,32,1450,923.88,4500,46400,34064.16,12335.84,Oeste,Revendedor
V002306,2025-02-26,C009,P014,24,3900,2435.89,1200,93600,59661.36,33938.64,CABA,Mayorista
V002307,2025-11-18,C002,P005,3,1250,893.6,1800,3750,4480.8,-730.8,Oeste,Mayorista
V002308,2025-03-09,C017,P015,32,1700,1163.0,1200,54400,38416.0,15984.0,CABA,Mayorista
V002309,2025-07-10,C025,P002,9,3200,1607.84,1800,28800,16270.56,12529.44,CABA,Lavandería
V002310,2025-05-10,C051,P007,1,850,478.26,3200,850,3678.26,-2828.26,Oeste,Lavandería
V002311,2025-08-22,C059,P012,26,3900,1961.81,3200,101400,54207.06,47192.94,Oeste,Mayorista
V002312,2025-02-06,C003,P006,6,2100,1352.05,4500,12600,12612.3,-12.3,CABA,Lavandería
V002313,2025-06-02,C049,P020,3,1100,681.66,3200,3300,5244.98,-1944.98,Oeste,Minorista
V002314,2025-01-15,C034,P008,35,1450,719.27,2500,50750,27674.45,23075.55,Sur,Mayorista
V002315,2025-03-19,C073,P003,13,950,551.71,0,12350,7172.23,5177.77,CABA,Gastronomía
V002316,2025-07-27,C072,P012,27,2100,1240.09,0,56700,33482.43,23217.57,Sur,Mayorista
V002317,2025-12-25,C051,P005,6,3900,2351.37,2500,23400,16608.22,6791.78,Norte,Gastronomía
V002318,2025-01-31,C039,P019,19,1450,800.58,0,27550,15211.02,12338.98,Sur,Lavandería
V002319,2025-07-20,C026,P010,13,1250,770.27,1800,16250,11813.51,4436.49,CABA,Gastronomía
V002320,2025-11-28,C078,P013,11,2600,1366.42,1200,28600,16230.62,12369.38,Sur,Mayorista
V002321,2025-08-11,C016,P003,19,1100,595.51,2500,20900,13814.69,7085.31,Oeste,Gastronomía
V002322,2025-12-02,C072,P011,18,1100,554.77,3200,19800,13185.86,6614.14,CABA,Revendedor
V002323,2025-09-10,C077,P020,7,3900,2742.77,1200,27300,20399.39,6900.61,Oeste,Gastronomía
V002324,2025-12-31,C011,P020,25,1450,772.77,3200,36250,22519.25,13730.75,Norte,Mayorista
V002325,2025-03-10,C037,P015,12,1700,1088.02,1800,20400,14856.24,5543.76,Oeste,Mayorista
V002326,2025-05-06,C034,P007,3,1250,623.26,4500,3750,6369.78,-2619.78,Norte,Revendedor
V002327,2025-09-13,C052,P001,24,1450,824.69,2500,34800,22292.56,12507.44,Sur,Revendedor
V002328,2025-12-12,C035,P016,22,2600,1498.46,4500,57200,37466.12,19733.88,Norte,Gastronomía
V002329,2025-04-13,C047,P008,28,1700,1046.24,1800,47600,31094.72,16505.28,Sur,Lavandería
V002330,2025-11-01,C065,P013,5,2100,1113.15,1800,10500,7365.75,3134.25,Oeste,Minorista
V002331,2025-04-01,C044,P010,24,850,517.24,0,20400,12413.76,7986.24,Norte,Revendedor
V002332,2025-06-06,C066,P003,22,1100,728.75,3200,24200,19232.5,4967.5,Oeste,Gastronomía
V002333,2025-07-10,C074,P013,26,1450,989.8,1200,37700,26934.8,10765.2,CABA,Mayorista
V002334,2025-01-07,C059,P009,9,1250,710.38,4500,11250,10893.42,356.58,CABA,Gastronomía
V002335,2025-04-03,C050,P004,19,850,611.53,1800,16150,13419.07,2730.93,Oeste,Mayorista
V002336,2025-03-22,C054,P004,20,1700,1177.54,1200,34000,24750.8,9249.2,CABA,Lavandería
V002337,2025-10-18,C053,P008,30,1250,631.27,4500,37500,23438.1,14061.9,CABA,Minorista
V002338,2025-10-01,C016,P016,34,1700,1191.26,1200,57800,41702.84,16097.16,CABA,Minorista
V002339,2025-07-08,C071,P015,6,3200,1751.69,1200,19200,11710.14,7489.86,Oeste,Gastronomía
V002340,2025-12-03,C036,P006,28,3200,2148.49,1800,89600,61957.72,27642.28,Norte,Lavandería
V002341,2025-01-25,C015,P016,13,1100,757.6,4500,14300,14348.8,-48.8,CABA,Revendedor
V002342,2025-07-30,C044,P005,15,2600,1536.79,1200,39000,24251.85,14748.15,Sur,Lavandería
V002343,2025-12-16,C042,P014,13,1250,740.41,0,16250,9625.33,6624.67,Norte,Minorista
V002344,2025-11-27,C006,P012,10,2600,1829.84,0,26000,18298.4,7701.6,CABA,Gastronomía
V002345,2025-06-16,C067,P002,3,850,595.84,2500,2550,4287.52,-1737.52,Oeste,Mayorista
V002346,2025-02-03,C040,P006,21,2600,1661.44,1200,54600,36090.24,18509.76,CABA,Lavandería
V002347,2025-01-14,C078,P010,15,3900,2519.99,0,58500,37799.85,20700.15,Oeste,Lavandería
V002348,2025-09-28,C012,P016,11,850,448.49,1200,9350,6133.39,3216.61,Sur,Revendedor
V002349,2025-06-27,C045,P005,34,2100,1096.71,4500,71400,41788.14,29611.86,CABA,Revendedor
V002350,2025-11-27,C024,P019,32,1250,703.19,4500,40000,27002.08,12997.92,Norte,Revendedor
V002351,2025-06-30,C028,P008,10,1100,567.8,4500,11000,10178.0,822.0,Sur,Mayorista
V002352,2025-12-25,C079,P007,34,3900,2441.02,0,132600,82994.68,49605.32,Norte,Gastronomía
V002353,2025-08-31,C029,P012,15,1100,587.83,2500,16500,11317.45,5182.55,CABA,Revendedor
V002354,2025-06-29,C005,P016,26,950,662.89,3200,24700,20435.14,4264.86,Sur,Minorista
V002355,2025-09-19,C024,P013,32,950,630.3,1200,30400,21369.6,9030.4,Oeste,Lavandería
V002356,2025-01-20,C013,P001,32,950,491.56,0,30400,15729.92,14670.08,Norte,Revendedor
V002357,2025-04-24,C072,P018,12,950,675.71,2500,11400,10608.52,791.48,Sur,Gastronomía
V002358,2025-10-01,C034,P013,31,1250,697.29,1800,38750,23415.99,15334.01,Oeste,Mayorista
V002359,2025-04-18,C028,P005,10,1100,770.79,3200,11000,10907.9,92.1,CABA,Minorista
V002360,2025-11-08,C038,P009,10,1700,1044.57,4500,17000,14945.7,2054.3,Oeste,Mayorista
V002361,2025-04-02,C046,P013,4,2100,1100.25,3200,8400,7601.0,799.0,Norte,Mayorista
V002362,2025-07-10,C007,P013,16,2600,1787.44,1200,41600,29799.04,11800.96,CABA,Minorista
V002363,2025-09-30,C008,P009,26,2600,1420.09,1200,67600,38122.34,29477.66,CABA,Lavandería
V002364,2025-12-09,C041,P008,20,950,604.93,1800,19000,13898.6,5101.4,Oeste,Minorista
V002365,2025-12-04,C010,P008,25,1100,633.94,0,27500,15848.5,11651.5,Norte,Lavandería
V002366,2025-04-28,C074,P016,24,2100,1039.88,4500,50400,29457.12,20942.88,Norte,Lavandería
V002367,2025-01-24,C047,P011,17,3900,1940.07,1200,66300,34181.19,32118.81,CABA,Gastronomía
V002368,2025-02-14,C055,P009,5,950,585.1,4500,4750,7425.5,-2675.5,Norte,Gastronomía
V002369,2025-08-08,C035,P001,6,3900,2546.76,3200,23400,18480.56,4919.44,Oeste,Revendedor
V002370,2025-06-14,C058,P018,32,1700,1144.38,0,54400,36620.16,17779.84,Sur,Minorista
V002371,2025-03-12,C003,P009,11,2100,1500.1,4500,23100,21001.1,2098.9,CABA,Minorista
V002372,2025-11-15,C064,P004,9,950,490.13,0,8550,4411.17,4138.83,Oeste,Revendedor
V002373,2025-05-05,C056,P020,26,2600,1579.96,4500,67600,45578.96,22021.04,Sur,Lavandería
V002374,2025-01-19,C073,P017,31,1250,622.26,2500,38750,21790.06,16959.94,Sur,Lavandería
V002375,2025-04-29,C011,P020,12,1100,643.59,2500,13200,10223.08,2976.92,CABA,Lavandería
V002376,2025-06-23,C074,P017,35,3900,2316.74,3200,136500,84285.9,52214.1,Sur,Gastronomía
V002377,2025-05-02,C027,P019,20,1250,634.59,0,25000,12691.8,12308.2,Sur,Gastronomía
V002378,2025-06-08,C025,P001,33,3900,2468.17,1200,128700,82649.61,46050.39,Oeste,Minorista
V002379,2025-03-16,C006,P006,8,3900,1936.82,0,31200,15494.56,15705.44,Norte,Lavandería
V002380,2025-07-13,C035,P010,30,1450,863.02,4500,43500,30390.6,13109.4,CABA,Minorista
V002381,2025-03-13,C054,P018,30,2100,1162.31,3200,63000,38069.3,24930.7,Sur,Lavandería
V002382,2025-07-25,C039,P019,29,3900,2293.33,1800,113100,68306.57,44793.43,CABA,Lavandería
V002383,2025-04-14,C050,P012,28,850,460.41,1800,23800,14691.48,9108.52,CABA,Minorista
V002384,2025-07-28,C032,P012,21,1250,741.08,0,26250,15562.68,10687.32,Sur,Gastronomía
V002385,2025-10-17,C055,P020,12,2600,1523.42,0,31200,18281.04,12918.96,Norte,Mayorista
V002386,2025-10-19,C049,P008,21,1250,614.86,1800,26250,14712.06,11537.94,Sur,Minorista
V002387,2025-04-02,C048,P012,8,1100,667.66,2500,8800,7841.28,958.72,Sur,Mayorista
V002388,2025-08-07,C039,P008,6,1700,1066.55,3200,10200,9599.3,600.7,Norte,Revendedor
V002389,2025-07-21,C045,P010,27,2100,1133.0,1800,56700,32391.0,24309.0,Norte,Gastronomía
V002390,2025-04-24,C040,P009,5,1450,908.97,2500,7250,7044.85,205.15,Oeste,Revendedor
V002391,2025-05-05,C034,P009,29,1450,774.79,1800,42050,24268.91,17781.09,Sur,Gastronomía
V002392,2025-01-09,C068,P018,11,1100,587.28,3200,12100,9660.08,2439.92,Norte,Revendedor
V002393,2025-08-04,C017,P020,31,1250,896.5,4500,38750,32291.5,6458.5,Norte,Minorista
V002394,2025-05-08,C021,P004,1,3900,2289.03,0,3900,2289.03,1610.97,Oeste,Minorista
V002395,2025-09-03,C006,P016,21,1450,1008.93,3200,30450,24387.53,6062.47,Norte,Mayorista
V002396,2025-05-27,C053,P012,22,2600,1747.42,1200,57200,39643.24,17556.76,Oeste,Minorista
V002397,2025-05-06,C002,P002,20,1450,893.21,1800,29000,19664.2,9335.8,Sur,Minorista
V002398,2025-03-17,C079,P008,4,850,436.85,4500,3400,6247.4,-2847.4,Norte,Minorista
V002399,2025-03-11,C015,P007,30,1700,1166.26,1800,51000,36787.8,14212.2,Sur,Mayorista
V002400,2025-06-19,C075,P011,31,850,521.3,2500,26350,18660.3,7689.7,CABA,Revendedor
V002401,2025-11-09,C028,P003,17,1700,1041.44,1200,28900,18904.48,9995.52,Norte,Gastronomía
V002402,2025-07-23,C050,P008,6,950,506.8,3200,5700,6240.8,-540.8,Norte,Minorista
V002403,2025-04-15,C038,P006,13,2100,1087.42,4500,27300,18636.46,8663.54,Oeste,Minorista
V002404,2025-05-08,C025,P010,30,1450,759.72,2500,43500,25291.6,18208.4,Oeste,Minorista
V002405,2025-01-10,C039,P008,29,3900,2261.08,4500,113100,70071.32,43028.68,Sur,Revendedor
V002406,2025-01-15,C005,P018,21,1100,678.24,1800,23100,16043.04,7056.96,Sur,Revendedor
V002407,2025-01-26,C020,P003,32,2600,1802.9,0,83200,57692.8,25507.2,Sur,Gastronomía
V002408,2025-04-07,C005,P010,14,1700,839.85,1200,23800,12957.9,10842.1,Norte,Minorista
V002409,2025-03-25,C021,P018,18,2100,1204.99,1200,37800,22889.82,14910.18,Sur,Gastronomía
V002410,2025-03-23,C026,P007,9,3200,2299.4,3200,28800,23894.6,4905.4,Oeste,Minorista
V002411,2025-03-11,C003,P005,22,2100,1297.1,0,46200,28536.2,17663.8,Oeste,Mayorista
V002412,2025-01-06,C030,P001,15,1250,676.09,2500,18750,12641.35,6108.65,Sur,Minorista
V002413,2025-12-21,C016,P014,30,1700,1196.59,0,51000,35897.7,15102.3,Sur,Lavandería
V002414,2025-03-14,C062,P020,23,1700,917.64,4500,39100,25605.72,13494.28,CABA,Mayorista
V002415,2025-05-23,C048,P007,4,950,670.68,1200,3800,3882.72,-82.72,Oeste,Revendedor
V002416,2025-10-12,C034,P016,11,1250,608.71,1800,13750,8495.81,5254.19,Oeste,Minorista
V002417,2025-03-07,C070,P010,30,950,671.81,3200,28500,23354.3,5145.7,CABA,Minorista
V002418,2025-08-21,C021,P006,9,1450,714.14,1800,13050,8227.26,4822.74,CABA,Lavandería
V002419,2025-07-31,C034,P018,30,950,645.63,2500,28500,21868.9,6631.1,Sur,Gastronomía
V002420,2025-05-14,C053,P004,12,1450,713.42,1800,17400,10361.04,7038.96,Oeste,Revendedor
V002421,2025-08-14,C020,P016,10,1700,1022.36,0,17000,10223.6,6776.4,Oeste,Mayorista
V002422,2025-06-12,C077,P002,22,2100,1206.68,3200,46200,29746.96,16453.04,Norte,Gastronomía
V002423,2025-09-17,C019,P008,32,1250,788.16,2500,40000,27721.12,12278.88,CABA,Mayorista
V002424,2025-02-21,C017,P003,6,850,432.32,2500,5100,5093.92,6.08,CABA,Mayorista
V002425,2025-12-23,C045,P018,27,3900,1918.8,0,105300,51807.6,53492.4,Sur,Minorista
V002426,2025-09-06,C038,P002,15,3900,2013.38,0,58500,30200.7,28299.3,Norte,Gastronomía
V002427,2025-04-02,C077,P011,8,2600,1311.66,1200,20800,11693.28,9106.72,Oeste,Lavandería
V002428,2025-07-18,C033,P008,15,3200,1884.98,1200,48000,29474.7,18525.3,CABA,Gastronomía
V002429,2025-05-29,C020,P005,8,2100,1096.78,4500,16800,13274.24,3525.76, norte ,Gastronomía
V002430,2025-10-30,C049,P007,13,850,549.24,1200,11050,8340.12,2709.88,Oeste,Gastronomía
V002431,2025-05-31,C039,P015,2,1450,870.77,3200,2900,4941.54,-2041.54,Sur,Revendedor
V002432,2025-11-03,C075,P011,1,1450,857.69,1200,1450,2057.69,-607.69,CABA,Gastronomía
V002433,2025-11-11,C049,P017,23,950,595.55,1800,21850,15497.65,6352.35,Oeste,Lavandería
V002434,2025-09-12,C033,P020,12,2100,1223.28,4500,25200,19179.36,6020.64,Oeste,Mayorista
V002435,2025-11-03,C041,P014,15,1450,760.38,2500,21750,13905.7,7844.3,Sur,Gastronomía
V002436,2025-03-29,C021,P012,10,850,493.35,2500,8500,7433.5,1066.5,Norte,Revendedor
V002437,2025-02-12,C019,P020,9,850,541.44,3200,7650,8072.96,-422.96,Oeste,Mayorista
V002438,2025-10-31,C037,P004,5,1700,1193.02,2500,8500,8465.1,34.9,Oeste,Minorista
V002439,2025-03-19,C076,P011,21,3900,2248.48,2500,81900,49718.08,32181.92,Oeste,Lavandería
V002440,2025-12-09,C020,P014,12,3900,2548.47,4500,46800,35081.64,11718.36,Oeste,Minorista
V002441,2025-08-09,C049,P003,22,1450,912.98,0,31900,20085.56,11814.44,Norte,Minorista
V002442,2025-04-10,C027,P004,15,3200,2119.9,0,48000,31798.5,16201.5,CABA,Gastronomía
V002443,2025-10-21,C069,P008,11,950,642.71,0,10450,7069.81,3380.19,Oeste,Mayorista
V002444,2025-02-18,C023,P003,24,1450,873.95,0,34800,20974.8,13825.2,Norte,Revendedor
V002445,2025-03-20,C056,P018,27,3200,1919.62,2500,86400,54329.74,32070.26,Norte,Minorista
V002446,2025-02-23,C075,P004,34,1700,922.95,3200,57800,34580.3,23219.7,CABA,Lavandería
V002447,2025-06-08,C040,P005,1,850,570.1,1200,850,1770.1,-920.1,Sur,Lavandería
V002448,2025-11-23,C068,P016,16,1700,1028.48,4500,27200,20955.68,6244.32,Sur,Lavandería
V002449,2025-05-25,C052,P010,8,3900,2279.48,1200,31200,19435.84,11764.16,Oeste,Gastronomía
V002450,2025-12-04,C024,P004,10,2100,1415.57,1200,21000,15355.7,5644.3,CABA,Mayorista
V002451,2025-04-04,C003,P010,5,850,466.0,3200,4250,5530.0,-1280.0,Norte,Revendedor
V002452,2025-04-22,C015,P010,32,3200,2240.28,3200,102400,74888.96,27511.04,CABA,Minorista
V002453,2025-08-30,C079,P015,10,2100,1304.42,3200,21000,16244.2,4755.8,Norte,Revendedor
V002454,2025-12-20,C068,P004,11,3200,2072.3,0,35200,22795.3,12404.7,CABA,Minorista
V002455,2025-04-23,C056,P014,27,850,558.45,4500,22950,19578.15,3371.85,Oeste,Minorista
V002456,2025-02-01,C001,P012,13,1100,670.36,1200,14300,9914.68,4385.32,Sur,Mayorista
V002457,2025-02-19,C001,P011,3,1700,1146.32,1800,5100,5238.96,-138.96,Oeste,Revendedor
V002458,2025-05-01,C071,P001,23,3200,2065.24,2500,73600,50000.52,23599.48,Oeste,Revendedor
V002459,2025-11-10,C008,P002,29,2100,1277.13,2500,60900,39536.77,21363.23,Oeste,Lavandería
V002460,2025-08-12,C032,P008,12,3200,2298.58,1200,38400,28782.96,9617.04,Sur,Mayorista
V002461,2025-04-20,C062,P014,6,3200,1794.22,0,19200,10765.32,8434.68,Sur,Mayorista
V002462,2025-07-23,C059,P004,16,2100,1286.28,0,33600,20580.48,13019.52,CABA,Minorista
V002463,2025-04-08,C020,P017,11,1250,870.02,4500,13750,14070.22,-320.22,Oeste,Minorista
V002464,2025-12-11,C070,P017,15,1700,1182.27,2500,25500,20234.05,5265.95,CABA,Revendedor
V002465,2025-09-02,C042,P001,26,2600,1555.64,0,67600,40446.64,27153.36,CABA,Lavandería
V002466,2025-11-19,C048,P019,11,850,537.5,3200,9350,9112.5,237.5,CABA,Gastronomía
V002467,2025-05-07,C010,P020,9,2600,1626.58,2500,23400,17139.22,6260.78,CABA,Lavandería
V002468,2025-09-15,C015,P012,27,3900,2670.62,4500,105300,76606.74,28693.26,Oeste,Revendedor
V002469,2025-12-21,C039,P012,32,1100,721.89,0,35200,23100.48,12099.52,Oeste,Lavandería
V002470,2025-07-12,C048,P013,35,2100,1392.91,3200,73500,51951.85,21548.15,Norte,Revendedor
V002471,2025-02-18,C018,P011,29,1250,692.41,3200,36250,23279.89,12970.11,Oeste,Gastronomía
V002472,2025-06-16,C029,P020,18,2100,1324.65,0,37800,23843.7,13956.3,Sur,Gastronomía
V002473,2025-03-11,C075,P020,2,2600,1415.31,2500,5200,5330.62,-130.62,Oeste,Revendedor
V002474,2025-07-30,C055,P019,20,950,630.3,3200,19000,15806.0,3194.0,Sur,Lavandería
V002475,2025-01-12,C072,P001,30,1450,934.73,2500,43500,30541.9,12958.1,Norte,Revendedor
V002476,2025-06-30,C080,P019,19,2100,1147.0,3200,39900,24993.0,14907.0,Oeste,Revendedor
V002477,2025-09-16,C039,P004,27,2600,1399.34,2500,70200,40282.18,29917.82,Norte,Mayorista
V002478,2025-07-24,C075,P018,35,950,683.37,1800,33250,25717.95,7532.05,CABA,Gastronomía
V002479,2025-05-29,C041,P001,11,3200,2155.16,0,35200,23706.76,11493.24,Norte,Mayorista
V002480,2025-03-02,C005,P006,26,1100,781.75,0,28600,20325.5,8274.5,Sur,Lavandería
V002481,2025-05-29,C071,P020,4,850,579.33,1200,3400,3517.32,-117.32,Norte,Revendedor
V002482,2025-05-10,C046,P017,7,1250,600.16,3200,8750,7401.12,1348.88,Oeste,Minorista
V002483,2025-06-18,C062,P010,35,3200,1717.99,3200,112000,63329.65,48670.35,Sur,Gastronomía
V002484,2025-02-24,C071,P012,27,1250,604.37,2500,33750,18817.99,14932.01,Norte,Minorista
V002485,2025-01-25,C001,P007,3,1700,1109.84,4500,5100,7829.52,-2729.52,Sur,Minorista
V002486,2025-10-31,C077,P012,14,850,593.88,1800,11900,10114.32,1785.68,Sur,Gastronomía
V002487,2025-02-19,C072,P009,13,2600,1858.74,4500,33800,28663.62,5136.38,Norte,Lavandería
V002488,2025-08-18,C073,P002,33,2600,1818.32,0,85800,60004.56,25795.44,CABA,Revendedor
V002489,2025-08-30,C021,P014,3,850,431.05,1200,2550,2493.15,56.85,Sur,Gastronomía
V002490,2025-12-19,C016,P002,15,1450,1015.79,1800,21750,17036.85,4713.15,Norte,Mayorista
V002491,2025-11-04,C077,P002,26,2600,1419.14,1800,67600,38697.64,28902.36,Sur,Revendedor
V002492,2025-07-25,C048,P006,20,850,485.08,1200,17000,10901.6,6098.4,CABA,Gastronomía
V002493,2025-06-26,C079,P020,28,2600,1333.44,2500,72800,39836.32,32963.68,Oeste,Mayorista
V002494,2025-04-03,C016,P020,1,1700,912.25,4500,1700,5412.25,-3712.25,Norte,Lavandería
V002495,2025-01-16,C034,P016,20,2600,1810.08,1800,52000,38001.6,13998.4,Norte,Gastronomía
V002496,2025-07-10,C077,P008,28,1700,885.65,1200,47600,25998.2,21601.8,Oeste,Gastronomía
V002497,2025-01-04,C063,P003,9,1450,811.89,1800,13050,9107.01,3942.99,Oeste,Minorista
V002498,2025-03-27,C077,P002,1,1250,718.32,4500,1250,5218.32,-3968.32,Oeste,Minorista
V002499,2025-02-04,C061,P008,10,2600,1556.66,2500,26000,18066.6,7933.4,Norte,Revendedor
V002500,2025-11-25,C070,P008,23,3200,1782.52,4500,73600,45497.96,28102.04,Norte,Revendedor
V002501,2025-06-16,C022,P006,20,1100,707.85,1800,22000,15957.0,6043.0,Oeste,Gastronomía
V002502,2025-02-21,C052,P004,33,1700,1015.62,3200,56100,36715.46,19384.54,CABA,Lavandería
V002503,2025-02-04,C008,P011,4,3200,2190.09,0,12800,8760.36,4039.64,Norte,Gastronomía
V002504,2025-11-03,C012,P009,29,2600,1439.73,2500,75400,44252.17,31147.83,Oeste,Gastronomía
V002505,2025-11-23,C028,P012,10,1450,848.55,3200,14500,11685.5,2814.5,Norte,Minorista
V002506,2025-08-25,C016,P012,20,3900,2302.06,1800,78000,47841.2,30158.8,Norte,Revendedor
V002507,2025-04-15,C005,P011,15,2600,1566.58,0,39000,23498.7,15501.3,Oeste,Mayorista
V002508,2025-03-05,C068,P007,27,950,655.24,0,25650,17691.48,7958.52,Oeste,Mayorista
V002509,2025-11-26,C067,P020,12,2100,1479.91,3200,25200,20958.92,4241.08,Sur,Revendedor
V002510,2025-10-01,C023,P018,5,1700,1140.12,2500,8500,8200.6,299.4,Sur,Mayorista
V002511,2025-01-05,C037,P018,28,1100,611.42,0,30800,17119.76,13680.24,Norte,Mayorista
V002512,2025-03-04,C057,P010,27,1700,1155.35,1200,45900,32394.45,13505.55,Norte,Mayorista
V002513,2025-09-05,C066,P002,7,3200,1969.56,0,22400,13786.92,8613.08,Norte,Lavandería
V002514,2025-12-18,C062,P007,19,1450,998.54,2500,27550,21472.26,6077.74,CABA,Lavandería
V002515,2025-08-15,C049,P006,26,3900,2744.49,1800,101400,73156.74,28243.26,Oeste,Mayorista
V002516,2025-07-22,C018,P019,17,2100,1325.07,2500,35700,25026.19,10673.81,Norte,Gastronomía
V002517,2025-01-27,C079,P019,2,850,430.88,3200,1700,4061.76,-2361.76,Norte,Lavandería
V002518,2025-04-27,C074,P001,35,1250,849.8,4500,43750,34243.0,9507.0,Norte,Mayorista
V002519,2025-02-18,C011,P018,27,3200,1759.11,1800,86400,49295.97,37104.03,Oeste,Gastronomía
V002520,2025-07-19,C036,P017,34,1450,911.5,4500,49300,35491.0,13809.0,Sur,Revendedor
V002521,2025-07-09,C057,P006,24,2600,1453.04,4500,62400,39372.96,23027.04,Norte,Revendedor
V002522,2025-03-06,C067,P004,4,1100,565.87,2500,4400,4763.48,-363.48,Sur,Revendedor
V002523,2025-11-08,C010,P005,20,3200,1951.06,4500,64000,43521.2,20478.8,Sur,Minorista
V002524,2025-08-25,C002,P011,34,1450,1014.73,1800,49300,36300.82,12999.18,Norte,Minorista
V002525,2025-05-17,C027,P014,32,1100,666.09,2500,35200,23814.88,11385.12,CABA,Minorista
V002526,2025-04-04,C028,P001,14,3200,1922.13,2500,44800,29409.82,15390.18,CABA,Minorista
V002527,2025-10-23,C032,P020,32,3200,1597.28,1800,102400,52912.96,49487.04,CABA,Minorista
V002528,2025-11-13,C074,P006,7,2600,1540.04,0,18200,10780.28,7419.72,Norte,Gastronomía
V002529,2025-03-17,C072,P014,28,3900,2066.43,1800,109200,59660.04,49539.96,CABA,Gastronomía
V002530,2025-09-16,C069,P001,30,850,564.84,4500,25500,21445.2,4054.8,Norte,Mayorista
V002531,2025-03-06,C051,P001,8,950,587.25,3200,7600,7898.0,-298.0,CABA,Minorista
V002532,2025-05-08,C069,P005,31,1450,742.77,1800,44950,24825.87,20124.13,Norte,Minorista
V002533,2025-05-05,C055,P002,4,3200,1787.97,3200,12800,10351.88,2448.12,CABA,Revendedor
V002534,2025-03-04,C006,P010,21,850,587.38,1800,17850,14134.98,3715.02,Oeste,Lavandería
V002535,2025-04-16,C052,P003,22,3200,1917.07,2500,70400,44675.54,25724.46,Sur,Mayorista
V002536,2025-08-14,C011,P007,23,3200,2089.44,2500,73600,50557.12,23042.88,Oeste,Mayorista
V002537,2025-06-30,C031,P020,4,850,535.83,3200,3400,5343.32,-1943.32,Norte,Lavandería
V002538,2025-02-16,C047,P010,29,1250,625.78,1800,36250,19947.62,16302.38,Sur,Lavandería
V002539,2025-05-03,C075,P016,12,1700,957.46,0,20400,11489.52,8910.48,CABA,Lavandería
V002540,2025-05-29,C032,P013,3,1100,749.32,1200,3300,3447.96,-147.96,Sur,Lavandería
V002541,2025-04-04,C059,P001,11,3200,1992.58,4500,35200,26418.38,8781.62,Sur,Lavandería
V002542,2025-01-03,C044,P008,19,1100,665.61,2500,20900,15146.59,5753.41,Norte,Gastronomía
V002543,2025-02-05,C053,P003,3,950,598.15,4500,2850,6294.45,-3444.45,Sur,Gastronomía
V002544,2025-11-21,C027,P011,35,1450,838.54,1800,50750,31148.9,19601.1,CABA,Gastronomía
V002545,2025-03-05,C005,P007,35,850,435.62,1200,29750,16446.7,13303.3,CABA,Gastronomía
V002546,2025-03-15,C063,P014,14,2100,1075.7,3200,29400,18259.8,11140.2,CABA,Gastronomía
V002547,2025-11-21,C034,P009,30,950,576.58,3200,28500,20497.4,8002.6,Oeste,Revendedor
V002548,2025-06-12,C028,P001,27,3900,2618.26,2500,105300,73193.02,32106.98,Sur,Lavandería
V002549,2025-05-14,C078,P001,12,1100,661.49,1800,13200,9737.88,3462.12,Sur,Gastronomía
V002550,2025-06-13,C045,P004,16,1700,1035.36,2500,27200,19065.76,8134.24,Oeste,Lavandería
V002551,2025-03-05,C059,P009,13,850,538.93,2500,11050,9506.09,1543.91,CABA,Minorista
V002552,2025-07-16,C035,P002,13,1450,1025.59,3200,18850,16532.67,2317.33,CABA,Revendedor
V002553,2025-09-10,C027,P018,31,2600,1654.79,1800,80600,53098.49,27501.51,Oeste,Mayorista
V002554,2025-04-20,C052,P010,31,2600,1256.69,1800,80600,40757.39,39842.61,CABA,Mayorista
V002555,2025-01-05,C078,P001,8,1700,894.74,4500,13600,11657.92,1942.08,Sur,Minorista
V002556,2025-04-06,C070,P005,26,1100,620.05,1200,28600,17321.3,11278.7,CABA,Gastronomía
V002557,2025-02-04,C022,P008,6,3900,1904.62,4500,23400,15927.72,7472.28,Norte,Lavandería
V002558,2025-08-25,C018,P001,18,1450,719.07,0,26100,12943.26,13156.74,Sur,Revendedor
V002559,2025-12-27,C035,P004,14,1100,599.47,1200,15400,9592.58,5807.42,CABA,Minorista
V002560,2025-11-15,C062,P020,20,950,673.68,1200,19000,14673.6,4326.4,Oeste,Gastronomía
V002561,2025-10-06,C060,P001,31,1100,724.52,1800,34100,24260.12,9839.88,Sur,Mayorista
V002562,2025-04-04,C023,P012,6,2600,1773.4,1200,15600,11840.4,3759.6,Oeste,Gastronomía
V002563,2025-01-08,C034,P007,12,2100,1058.24,3200,25200,15898.88,9301.12,CABA,Minorista
V002564,2025-04-09,C040,P013,34,2100,1058.01,2500,71400,38472.34,32927.66,Oeste,Minorista
V002565,2025-09-01,C002,P005,35,2100,1234.12,4500,73500,47694.2,25805.8,Oeste,Minorista
V002566,2025-03-19,C005,P002,22,1250,717.28,2500,27500,18280.16,9219.84,Oeste,Minorista
V002567,2025-10-20,C047,P007,27,3200,1984.05,0,86400,53569.35,32830.65,Norte,Lavandería
V002568,2025-09-01,C078,P011,2,850,427.54,1200,1700,2055.08,-355.08,Oeste,Gastronomía
V002569,2025-10-16,C002,P001,30,1250,784.6,0,37500,23538.0,13962.0,Oeste,Minorista
V002570,2025-12-02,C058,P006,11,950,480.89,3200,10450,8489.79,1960.21,Sur,Revendedor
V002571,2025-01-22,C066,P016,5,2100,1257.79,1200,10500,7488.95,3011.05,CABA,Minorista
V002572,2025-05-10,C041,P009,27,950,683.72,0,25650,18460.44,7189.56,Oeste,Revendedor
V002573,2025-02-05,C061,P001,30,1450,802.62,2500,43500,26578.6,16921.4,CABA,Mayorista
V002574,2025-04-26,C039,P010,9,1100,623.18,0,9900,5608.62,4291.38,Sur,Minorista
V002575,2025-03-15,C044,P006,14,3900,2124.61,0,54600,29744.54,24855.46,Oeste,Minorista
V002576,2025-10-26,C035,P010,29,2600,1799.18,2500,75400,54676.22,20723.78,CABA,Mayorista
V002577,2025-12-12,C024,P014,23,1700,854.5,1200,39100,20853.5,18246.5,Sur,Lavandería
V002578,2025-02-10,C060,P020,20,3200,1554.51,4500,64000,35590.2,28409.8,Oeste,Gastronomía
V002579,2025-06-26,C046,P019,35,1700,861.67,0,59500,30158.45,29341.55,Oeste,Minorista
V002580,2025-02-24,C074,P004,21,3200,1982.55,0,67200,41633.55,25566.45,Oeste,Lavandería
V002581,2025-10-04,C052,P010,35,2100,1136.67,3200,73500,42983.45,30516.55,Sur,Revendedor
V002582,2025-12-12,C054,P005,14,2600,1484.73,0,36400,20786.22,15613.78,CABA,Revendedor
V002583,2025-09-27,C035,P010,30,1450,704.23,4500,43500,25626.9,17873.1,Oeste,Lavandería
V002584,2025-12-03,C072,P003,8,3900,1902.45,1800,31200,17019.6,14180.4,Oeste,Minorista
V002585,2025-08-12,C039,P002,4,2100,1295.93,4500,8400,9683.72,-1283.72,Oeste,Lavandería
V002586,2025-11-08,C017,P007,21,1250,683.58,1800,26250,16155.18,10094.82,Sur,Gastronomía
V002587,2025-08-18,C006,P017,11,950,507.07,3200,10450,8777.77,1672.23,Sur,Gastronomía
V002588,2025-05-21,C056,P006,10,850,442.31,1200,8500,5623.1,2876.9,Oeste,Lavandería
V002589,2025-12-18,C019,P001,23,1700,816.61,1200,39100,19982.03,19117.97,Oeste,Minorista
V002590,2025-02-01,C003,P001,34,2100,1133.33,1800,71400,40333.22,31066.78,Sur,Lavandería
V002591,2025-05-03,C076,P004,1,850,513.3,3200,850,3713.3,-2863.3,CABA,Minorista
V002592,2025-05-10,C016,P013,1,850,526.25,0,850,526.25,323.75,Sur,Revendedor
V002593,2025-11-18,C020,P008,9,2600,1373.76,2500,23400,14863.84,8536.16,Sur,Revendedor
V002594,2025-01-23,C050,P001,35,1700,938.48,0,59500,32846.8,26653.2,Sur,Lavandería
V002595,2025-05-13,C050,P008,3,850,412.7,3200,2550,4438.1,-1888.1,Norte,Mayorista
V002596,2025-05-08,C056,P004,7,1250,885.93,0,8750,6201.51,2548.49,CABA,Revendedor
V002597,2025-02-13,C041,P003,24,1450,810.74,1200,34800,20657.76,14142.24,Norte,Mayorista
V002598,2025-01-10,C025,P009,1,950,538.77,1800,950,2338.77,-1388.77,Oeste,Gastronomía
V002599,2025-07-31,C053,P001,29,1700,969.03,3200,49300,31301.87,17998.13,Norte,Gastronomía
V002600,2025-10-25,C035,P013,28,2600,1340.52,0,72800,37534.56,35265.44,CABA,Minorista
V002601,2025-10-09,C018,P009,2,1100,714.47,3200,2200,4628.94,-2428.94,CABA,Revendedor
V002602,2025-03-19,C018,P008,33,2600,1620.19,1800,85800,55266.27,30533.73,CABA,Mayorista
V002603,2025-07-20,C019,P002,34,1700,1020.33,0,57800,34691.22,23108.78,Sur,Gastronomía
V002604,2025-12-19,C042,P005,30,1250,836.9,1800,37500,26907.0,10593.0,Oeste,Lavandería
V002605,2025-06-09,C021,P008,23,2600,1258.86,1800,59800,30753.78,29046.22,CABA,MAYORISTA
V002606,2025-11-14,C013,P018,9,3200,2074.54,0,28800,18670.86,10129.14,CABA,Lavandería
V002607,2025-02-05,C023,P011,23,3900,1888.75,4500,89700,47941.25,41758.75,Sur,Minorista
V002608,2025-01-17,C008,P015,12,1250,616.61,2500,15000,9899.32,5100.68,Sur,Minorista
V002609,2025-01-28,C011,P005,16,3200,1646.07,0,51200,26337.12,24862.88,CABA,Minorista
V002610,2025-03-31,C026,P005,28,950,535.99,1200,26600,16207.72,10392.28,CABA,Gastronomía
V002611,2025-09-30,C048,P001,32,2100,1227.35,1800,67200,41075.2,26124.8,Oeste,Gastronomía
V002612,2025-06-09,C049,P002,20,1100,763.97,2500,22000,17779.4,4220.6,Sur,Mayorista
V002613,2025-11-21,C039,P013,2,950,597.82,1800,1900,2995.64,-1095.64,Oeste,Minorista
V002614,2025-07-07,C064,P007,20,2600,1775.49,1800,52000,37309.8,14690.2,Oeste,Gastronomía
V002615,2025-10-13,C054,P003,32,2100,1277.52,1200,67200,42080.64,25119.36,Norte,Minorista
V002616,2025-12-14,C017,P015,12,2100,1236.34,0,25200,14836.08,10363.92,Sur,Lavandería
V002617,2025-12-27,C050,P012,26,1100,753.96,1800,28600,21402.96,7197.04,CABA,Revendedor
V002618,2025-08-15,C053,P018,29,3200,2193.61,1800,92800,65414.69,27385.31,Norte,Lavandería
V002619,2025-08-28,C011,P006,4,1250,708.48,0,5000,2833.92,2166.08,Sur,Minorista
V002620,2025-09-19,C039,P017,31,1450,1034.8,1200,44950,33278.8,11671.2,Oeste,Gastronomía
V002621,2025-05-20,C027,P010,4,1450,948.67,4500,5800,8294.68,-2494.68,Sur,Revendedor
V002622,2025-03-20,C015,P005,6,1700,1138.58,2500,10200,9331.48,868.52,Norte,Revendedor
V002623,2025-07-02,C021,P012,17,3900,2607.37,0,66300,44325.29,21974.71,Sur,Gastronomía
V002624,2025-05-25,C012,P004,7,3900,2333.5,1200,27300,17534.5,9765.5,CABA,Revendedor
V002625,2025-03-17,C060,P008,1,2100,1125.68,1200,2100,2325.68,-225.68,Norte,Revendedor
V002626,2025-05-28,C065,P017,12,950,576.44,1800,11400,8717.28,2682.72,Sur,Revendedor
V002627,2025-01-12,C052,P013,17,850,478.85,0,14450,8140.45,6309.55,CABA,Minorista
V002628,2025-04-04,C012,P006,24,1450,764.23,4500,34800,22841.52,11958.48,Norte,Minorista
V002629,2025-04-06,C032,P001,8,2100,1033.68,3200,16800,11469.44,5330.56,Sur,Minorista
V002630,2025-05-03,C064,P005,7,3200,1831.72,0,22400,12822.04,9577.96,Oeste,Mayorista
V002631,2025-02-01,C026,P004,29,3200,2171.96,3200,92800,66186.84,26613.16,CABA,Minorista
V002632,2025-02-15,C036,P002,1,1250,689.34,2500,1250,3189.34,-1939.34,CABA,Mayorista
V002633,2025-02-24,C064,P004,30,3200,1854.67,4500,96000,60140.1,35859.9,CABA,Lavandería
V002634,2025-03-21,C046,P020,4,3200,1734.43,3200,12800,10137.72,2662.28,Norte,Lavandería
V002635,2025-09-26,C043,P012,1,950,473.57,2500,950,2973.57,-2023.57,Norte,Mayorista
V002636,2025-06-22,C068,P006,8,850,504.4,1200,6800,5235.2,1564.8,Sur,Revendedor
V002637,2025-01-02,C061,P005,30,3900,2583.78,4500,117000,82013.4,34986.6,Oeste,Lavandería
V002638,2025-02-27,C054,P004,28,850,520.72,3200,23800,17780.16,6019.84,CABA,Revendedor
V002639,2025-08-29,C020,P005,13,3900,2694.85,3200,50700,38233.05,12466.95,Sur,Gastronomía
V002640,2025-09-04,C063,P004,35,1250,745.55,1200,43750,27294.25,16455.75,CABA,Lavandería
V002641,2025-08-03,C072,P004,1,1100,738.74,3200,1100,3938.74,-2838.74,CABA,Revendedor
V002642,2025-07-07,C046,P015,33,850,411.01,4500,28050,18063.33,9986.67,Norte,Gastronomía
V002643,2025-04-10,C018,P007,26,1100,570.84,0,28600,14841.84,13758.16,Sur,Revendedor
V002644,2025-01-20,C050,P020,25,3200,1806.65,2500,80000,47666.25,32333.75,Norte,Lavandería
V002645,2025-12-08,C061,P001,25,2600,1673.72,1800,65000,43643.0,21357.0,CABA,Lavandería
V002646,2025-11-14,C016,P008,24,1100,551.61,0,26400,13238.64,13161.36,CABA,Lavandería
V002647,2025-06-02,C019,P013,5,850,505.99,0,4250,2529.95,1720.05,Oeste,Mayorista
V002648,2025-07-06,C006,P017,17,1100,602.47,1200,18700,11441.99,7258.01,CABA,Revendedor
V002649,2025-10-03,C029,P019,9,1450,884.56,1800,13050,9761.04,3288.96,CABA,Mayorista
V002650,2025-01-13,C002,P010,7,2100,1310.75,0,14700,9175.25,5524.75,CABA,Gastronomía
V002651,2025-04-28,C006,P005,7,1700,1187.93,2500,11900,10815.51,1084.49,Sur,Gastronomía
V002652,2025-10-09,C050,P010,26,1250,669.33,3200,32500,20602.58,11897.42,Norte,Mayorista
V002653,2025-06-08,C071,P003,6,850,474.47,0,5100,2846.82,2253.18,Norte,Lavandería
V002654,2025-08-04,C034,P005,32,3200,2165.96,3200,102400,72510.72,29889.28,Sur,Minorista
V002655,2025-06-13,C061,P008,22,1700,1119.74,0,37400,24634.28,12765.72,Oeste,Revendedor
V002656,2025-02-09,C058,P016,22,950,486.55,3200,20900,13904.1,6995.9,Norte,Revendedor
V002657,2025-09-12,C065,P004,22,1700,921.92,2500,37400,22782.24,14617.76,CABA,Revendedor
V002658,2025-08-25,C021,P008,25,850,439.32,1800,21250,12783.0,8467.0,Sur,Gastronomía
V002659,2025-05-24,C055,P015,30,1100,537.68,0,33000,16130.4,16869.6,Sur,Minorista
V002660,2025-01-14,C059,P007,4,3200,1892.23,1800,12800,9368.92,3431.08,Sur,Gastronomía
V002661,2025-11-30,C062,P018,15,2600,1662.7,0,39000,24940.5,14059.5,Oeste,Minorista
V002662,2025-09-07,C041,P010,15,3200,1548.25,1200,48000,24423.75,23576.25,Sur,Gastronomía
V002663,2025-02-07,C039,P017,21,2600,1667.15,2500,54600,37510.15,17089.85,CABA,Mayorista
V002664,2025-10-16,C023,P011,17,2100,1353.37,2500,35700,25507.29,10192.71,Oeste,Lavandería
V002665,2025-04-06,C072,P017,20,850,499.53,2500,17000,12490.6,4509.4,Norte,Mayorista
V002666,2025-01-06,C058,P013,14,1100,654.25,0,15400,9159.5,6240.5,Oeste,Gastronomía
V002667,2025-04-17,C071,P013,31,2100,1356.58,1800,65100,43853.98,21246.02,Oeste,Mayorista
V002668,2025-09-28,C056,P017,31,3900,1920.78,4500,120900,64044.18,56855.82,CABA,Gastronomía
V002669,2025-09-22,C067,P013,15,1100,543.19,1800,16500,9947.85,6552.15,Norte,Mayorista
V002670,2025-05-13,C001,P012,2,3200,2260.68,3200,6400,7721.36,-1321.36,Oeste,Lavandería
V002671,2025-04-13,C074,P014,6,1700,1059.24,2500,10200,8855.44,1344.56,Sur,Gastronomía
V002672,2025-01-05,C041,P007,21,2100,1234.92,4500,44100,30433.32,13666.68,Sur,Revendedor
V002673,2025-11-01,C060,P016,22,1700,919.91,2500,37400,22738.02,14661.98,CABA,Revendedor
V002674,2025-12-27,C004,P008,34,1450,747.21,1200,49300,26605.14,22694.86,Sur,Mayorista
V002675,2025-07-26,C017,P015,14,1100,543.74,1200,15400,8812.36,6587.64,Oeste,Mayorista
V002676,2025-09-04,C014,P004,5,2600,1766.0,4500,13000,13330.0,-330.0,Sur,Lavandería
V002677,2025-11-07,C016,P016,7,2100,1090.85,1800,14700,9435.95,5264.05,Oeste,Revendedor
V002678,2025-10-06,C048,P004,19,1450,987.33,2500,27550,21259.27,6290.73,Oeste,Minorista
V002679,2025-07-11,C023,P004,28,3900,1879.36,3200,109200,55822.08,53377.92,Oeste,Mayorista
V002680,2025-01-16,C024,P014,1,950,683.29,1800,950,2483.29,-1533.29,Oeste,Lavandería
V002681,2025-05-18,C064,P003,4,2100,1283.37,0,8400,5133.48,3266.52,Sur,Lavandería
V002682,2025-01-10,C028,P003,26,1250,733.69,0,32500,19075.94,13424.06,Norte,Minorista
V002683,2025-01-17,C038,P019,13,1250,655.42,2500,16250,11020.46,5229.54,Oeste,Gastronomía
V002684,2025-05-24,C049,P019,15,950,652.77,2500,14250,12291.55,1958.45,Oeste,Revendedor
V002685,2025-05-23,C057,P014,16,3200,1540.09,1200,51200,25841.44,25358.56,CABA,Lavandería
V002686,2025-06-16,C034,P002,11,1700,1067.24,3200,18700,14939.64,3760.36,Norte,Minorista
V002687,2025-12-24,C078,P008,15,1100,649.97,1200,16500,10949.55,5550.45,Sur,Mayorista
V002688,2025-10-04,C012,P006,8,2100,1119.99,4500,16800,13459.92,3340.08,CABA,Gastronomía
V002689,2025-10-16,C055,P002,9,2100,1370.14,2500,18900,14831.26,4068.74,Sur,Gastronomía
V002690,2025-03-29,C059,P006,20,1700,1214.71,3200,34000,27494.2,6505.8,Sur,Gastronomía
V002691,2025-11-16,C076,P012,2,2600,1699.02,3200,5200,6598.04,-1398.04,Sur,Gastronomía
V002692,2025-01-02,C054,P016,24,2100,1434.63,0,50400,34431.12,15968.88,Oeste,Minorista
V002693,2025-10-07,C002,P004,11,3900,1915.48,1200,42900,22270.28,20629.72,CABA,Gastronomía
V002694,2025-06-03,C031,P020,3,1450,786.15,3200,4350,5558.45,-1208.45,CABA,Revendedor
V002695,2025-04-26,C023,P006,23,1250,674.18,1200,28750,16706.14,12043.86,CABA,Mayorista
V002696,2025-05-06,C046,P003,3,1100,741.73,4500,3300,6725.19,-3425.19,Norte,Gastronomía
V002697,2025-01-31,C015,P020,15,1700,931.74,4500,25500,18476.1,7023.9,CABA,Mayorista
V002698,2025-07-27,C075,P017,19,1250,787.13,1200,23750,16155.47,7594.53,Oeste,Mayorista
V002699,2025-05-31,C032,P013,11,3900,2271.44,0,42900,24985.84,17914.16,CABA,Gastronomía
V002700,2025-10-16,C069,P008,8,1100,747.56,1800,8800,7780.48,1019.52,Norte,Minorista
V002701,2025-03-24,C075,P002,29,1700,1122.55,2500,49300,35053.95,14246.05,Norte,Revendedor
V002702,2025-11-04,C079,P005,4,950,488.52,2500,3800,4454.08,-654.08,Sur,Mayorista
V002703,2025-02-08,C062,P015,20,3900,2219.91,1200,78000,45598.2,32401.8,CABA,Minorista
V002704,2025-07-16,C024,P020,18,950,585.13,2500,17100,13032.34,4067.66,Norte,Revendedor
V002705,2025-02-20,C076,P005,12,2100,1232.95,4500,25200,19295.4,5904.6,Oeste,Minorista
V002706,2025-09-04,C048,P008,26,1100,777.26,1800,28600,22008.76,6591.24,Sur,Gastronomía
V002707,2025-03-19,C066,P013,17,2100,1059.85,1200,35700,19217.45,16482.55,CABA,Revendedor
V002708,2025-08-06,C016,P015,15,850,408.92,3200,12750,9333.8,3416.2,Oeste,Revendedor
V002709,2025-05-18,C041,P005,18,850,446.97,4500,15300,12545.46,2754.54,CABA,Minorista
V002710,2025-07-01,C030,P011,23,850,472.83,1800,19550,12675.09,6874.91,Oeste,Mayorista
V002711,2025-02-21,C075,P004,20,1250,799.86,0,25000,15997.2,9002.8,Sur,Lavandería
V002712,2025-10-30,C060,P005,17,2600,1625.81,1200,44200,28838.77,15361.23,Norte,Gastronomía
V002713,2025-03-09,C020,P003,33,3200,1717.45,1800,105600,58475.85,47124.15,Norte,Revendedor
V002714,2025-02-26,C076,P006,1,1450,964.54,2500,1450,3464.54,-2014.54,Sur,Minorista
V002715,2025-08-09,C064,P013,13,1250,864.19,1200,16250,12434.47,3815.53,Sur,Gastronomía
V002716,2025-02-18,C046,P020,4,1100,617.84,4500,4400,6971.36,-2571.36,Norte,Lavandería
V002717,2025-05-21,C008,P017,22,3200,2139.35,1800,70400,48865.7,21534.3,Oeste,Revendedor
V002718,2025-03-29,C042,P014,31,1100,634.8,1200,34100,20878.8,13221.2,CABA,Revendedor
V002719,2025-05-17,C051,P016,9,3900,2601.07,1800,35100,25209.63,9890.37,Norte,Mayorista
V002720,2025-11-23,C041,P012,6,3900,2238.72,3200,23400,16632.32,6767.68,Oeste,Mayorista
V002721,2025-04-04,C045,P001,7,3200,1676.81,4500,22400,16237.67,6162.33,Sur,Mayorista
V002722,2025-06-03,C058,P006,27,1250,776.69,1800,33750,22770.63,10979.37,Oeste,Minorista
V002723,2025-02-16,C022,P006,16,1450,726.34,3200,23200,14821.44,8378.56,Oeste,Revendedor
V002724,2025-01-06,C002,P020,27,2100,1093.8,4500,56700,34032.6,22667.4,Sur,Minorista
V002725,2025-03-10,C053,P013,1,1450,1015.66,1800,1450,2815.66,-1365.66,CABA,Revendedor
V002726,2025-07-04,C056,P007,12,950,564.8,1800,11400,8577.6,2822.4,CABA,Minorista
V002727,2025-04-29,C079,P003,4,950,587.08,1200,3800,3548.32,251.68,Norte,Mayorista
V002728,2025-10-03,C080,P006,9,1100,606.64,2500,9900,7959.76,1940.24,CABA,Minorista
V002729,2025-10-31,C029,P013,1,850,493.65,0,850,493.65,356.35,Oeste,Lavandería
V002730,2025-09-06,C005,P011,26,1450,835.28,4500,37700,26217.28,11482.72,Sur,Minorista
V002731,2025-08-31,C056,P005,26,1450,772.0,3200,37700,23272.0,14428.0,Norte,Minorista
V002732,2025-01-08,C074,P011,15,2600,1356.24,1800,39000,22143.6,16856.4,Sur,Minorista
V002733,2025-08-16,C055,P005,15,950,502.87,1200,14250,8743.05,5506.95,Sur,Minorista
V002734,2025-01-07,C080,P009,19,950,676.02,1800,18050,14644.38,3405.62,Oeste,Mayorista
V002735,2025-02-20,C050,P012,18,1450,736.47,4500,26100,17756.46,8343.54,Oeste,Lavandería
V002736,2025-04-02,C060,P016,25,3200,1814.03,2500,80000,47850.75,32149.25,CABA,Lavandería
V002737,2025-12-21,C027,P009,19,1100,692.65,0,20900,13160.35,7739.65,Norte,Lavandería
V002738,2025-02-05,C061,P011,22,950,572.64,2500,20900,15098.08,5801.92,CABA,Minorista
V002739,2025-09-11,C080,P020,13,1100,607.14,1200,14300,9092.82,5207.18,CABA,Mayorista
V002740,2025-05-27,C072,P008,29,1450,788.78,1800,42050,24674.62,17375.38,CABA,Lavandería
V002741,2025-03-28,C029,P009,23,2100,1401.58,1200,48300,33436.34,14863.66,Sur,Revendedor
V002742,2025-05-11,C058,P019,1,1100,622.76,1800,1100,2422.76,-1322.76,Norte,Mayorista
V002743,2025-07-13,C018,P014,3,1450,935.5,1200,4350,4006.5,343.5,Oeste,Revendedor
V002744,2025-08-11,C035,P003,1,850,529.51,1200,850,1729.51,-879.51,Norte,Gastronomía
V002745,2025-09-04,C035,P006,6,2100,1373.96,1200,12600,9443.76,3156.24,Norte,Revendedor
V002746,2025-11-05,C003,P002,15,2600,1580.99,1800,39000,25514.85,13485.15,Sur,Minorista
V002747,2025-06-06,C063,P014,7,1450,773.3,3200,10150,8613.1,1536.9,Norte,Gastronomía
V002748,2025-04-19,C059,P002,26,2100,1049.51,2500,54600,29787.26,24812.74,Norte,Lavandería
V002749,2025-05-12,C054,P015,9,2100,1388.53,2500,18900,14996.77,3903.23,CABA,Gastronomía
V002750,2025-12-04,C039,P003,34,1700,1149.12,4500,57800,43570.08,14229.92,CABA,Minorista
V002751,2025-03-18,C058,P016,11,3900,2661.16,0,42900,29272.76,13627.24,Norte,Gastronomía
V002752,2025-01-21,C059,P018,25,850,467.17,1200,21250,12879.25,8370.75,Norte,Lavandería
V002753,2025-08-08,C005,P011,3,1250,811.77,2500,3750,4935.31,-1185.31,Norte,Lavandería
V002754,2025-10-31,C066,P008,14,850,488.86,4500,11900,11344.04,555.96,Sur,Mayorista
V002755,2025-01-12,C052,P016,8,3200,2252.56,1200,25600,19220.48,6379.52,Oeste,Lavandería
V002756,2025-07-30,C061,P019,18,950,596.06,3200,17100,13929.08,3170.92,Sur,Revendedor
V002757,2025-11-28,C065,P014,22,1250,750.71,1800,27500,18315.62,9184.38,CABA,Lavandería
V002758,2025-08-30,C027,P019,27,1250,691.4,1200,33750,19867.8,13882.2,Sur,Lavandería
V002759,2025-01-13,C041,P011,2,1450,894.71,1200,2900,2989.42,-89.42,CABA,Lavandería
V002760,2025-01-31,C034,P018,28,950,580.27,2500,26600,18747.56,7852.44,Sur,Minorista
V002761,2025-07-28,C051,P007,12,850,563.56,2500,10200,9262.72,937.28,Oeste,Revendedor
V002762,2025-12-13,C002,P016,13,3900,2416.15,3200,50700,34609.95,16090.05,CABA,Revendedor
V002763,2025-10-02,C021,P016,8,3200,1654.21,4500,25600,17733.68,7866.32,Norte,Mayorista
V002764,2025-04-30,C060,P003,30,850,516.91,1800,25500,17307.3,8192.7,Norte,Mayorista
V002765,2025-07-27,C076,P010,11,850,450.07,4500,9350,9450.77,-100.77,Oeste,Minorista
V002766,2025-12-12,C031,P011,20,3900,2520.02,0,78000,50400.4,27599.6,Norte,Gastronomía
V002767,2025-10-17,C079,P014,29,850,610.75,3200,24650,20911.75,3738.25,Oeste,Minorista
V002768,2025-11-12,C044,P018,29,1250,600.6,1800,36250,19217.4,17032.6,Oeste,Gastronomía
V002769,2025-04-29,C072,P017,18,1250,843.52,4500,22500,19683.36,2816.64,Oeste,Minorista
V002770,2025-08-27,C069,P004,27,2600,1561.25,0,70200,42153.75,28046.25,Sur,Lavandería
V002771,2025-11-25,C035,P008,8,1700,1176.28,3200,13600,12610.24,989.76,CABA,Minorista
V002772,2025-07-14,C033,P019,10,3200,1607.54,0,32000,16075.4,15924.6,Oeste,Lavandería
V002773,2025-01-24,C015,P016,4,3900,2786.78,2500,15600,13647.12,1952.88,Norte,Minorista
V002774,2025-08-17,C007,P007,2,3200,2019.15,0,6400,4038.3,2361.7,CABA,Lavandería
V002775,2025-03-23,C052,P005,34,1100,686.57,2500,37400,25843.38,11556.62,Oeste,Gastronomía
V002776,2025-06-03,C068,P011,2,850,501.36,3200,1700,4202.72,-2502.72, norte ,Revendedor
V002777,2025-04-05,C060,P009,6,950,551.52,0,5700,3309.12,2390.88,Sur,Revendedor
V002778,2025-12-17,C015,P020,25,950,495.1,2500,23750,14877.5,8872.5,Sur,Lavandería
V002779,2025-03-09,C002,P018,3,3200,1638.5,0,9600,4915.5,4684.5,Oeste,Revendedor
V002780,2025-03-03,C059,P002,12,2100,1106.09,1800,25200,15073.08,10126.92,Norte,Gastronomía
V002781,2025-04-22,C042,P020,25,1100,697.47,1800,27500,19236.75,8263.25,Sur,Minorista
V002782,2025-02-11,C023,P001,19,1100,606.74,4500,20900,16028.06,4871.94,Norte,Mayorista
V002783,2025-07-28,C077,P001,6,1100,780.6,2500,6600,7183.6,-583.6,Norte,Mayorista
V002784,2025-01-05,C024,P018,18,3900,2294.46,4500,70200,45800.28,24399.72,CABA,Mayorista
V002785,2025-11-09,C049,P015,1,1100,770.43,1800,1100,2570.43,-1470.43,Oeste,Lavandería
V002786,2025-06-12,C018,P010,3,1700,960.78,4500,5100,7382.34,-2282.34,Sur,Gastronomía
V002787,2025-09-14,C011,P018,29,1700,1133.78,1800,49300,34679.62,14620.38,CABA,Mayorista
V002788,2025-07-24,C035,P017,35,1100,559.38,4500,38500,24078.3,14421.7,Sur,Lavandería
V002789,2025-05-08,C067,P012,18,2100,1215.2,1200,37800,23073.6,14726.4,Oeste,Mayorista
V002790,2025-08-08,C005,P013,26,2600,1625.1,3200,67600,45452.6,22147.4,Sur,Gastronomía
V002791,2025-10-27,C010,P005,24,3900,2162.55,2500,93600,54401.2,39198.8,Oeste,Mayorista
V002792,2025-01-26,C033,P006,34,2100,1101.0,2500,71400,39934.0,31466.0,Oeste,Minorista
V002793,2025-07-16,C054,P013,5,2600,1839.94,3200,13000,12399.7,600.3,Sur,Mayorista
V002794,2025-04-07,C045,P013,10,3900,2728.27,3200,39000,30482.7,8517.3,Oeste,Mayorista
V002795,2025-06-14,C071,P016,26,3200,1931.34,4500,83200,54714.84,28485.16,Sur,Lavandería
V002796,2025-11-09,C024,P012,28,850,469.43,1200,23800,14344.04,9455.96,Norte,Revendedor
V002797,2025-03-30,C007,P017,17,3900,2633.06,0,66300,44762.02,21537.98,Norte,Mayorista
V002798,2025-11-05,C068,P007,6,1100,789.64,2500,6600,7237.84,-637.84,CABA,Minorista
V002799,2025-01-03,C009,P010,20,850,541.08,4500,17000,15321.6,1678.4,Sur,Lavandería
V002800,2025-03-17,C079,P003,20,1250,855.87,1800,25000,18917.4,6082.6,CABA,Mayorista
V002801,2025-06-03,C016,P001,14,3200,2159.25,2500,44800,32729.5,12070.5,Norte,Mayorista
V002802,2025-11-22,C070,P016,9,850,528.65,3200,7650,7957.85,-307.85,Sur,Gastronomía
V002803,2025-12-10,C050,P010,11,1100,606.37,0,12100,6670.07,5429.93,Norte,Revendedor
V002804,2025-12-30,C020,P002,34,1100,589.65,1200,37400,21248.1,16151.9,CABA,Revendedor
V002805,2025-09-06,C055,P014,7,3900,2754.91,3200,27300,22484.37,4815.63,Sur,Mayorista
V002806,2025-10-19,C070,P002,24,2100,1277.11,0,50400,30650.64,19749.36,CABA,Lavandería
V002807,2025-12-04,C047,P008,1,2600,1632.19,2500,2600,4132.19,-1532.19,CABA,Revendedor
V002808,2025-08-09,C074,P011,31,1100,728.03,4500,34100,27068.93,7031.07,Norte,Minorista
V002809,2025-06-08,C032,P010,32,1450,737.94,1200,46400,24814.08,21585.92,Norte,Mayorista
V002810,2025-02-07,C025,P016,21,2100,1056.85,0,44100,22193.85,21906.15,Sur,Lavandería
V002811,2025-09-11,C026,P006,5,2600,1866.12,1800,13000,11130.6,1869.4,CABA,Mayorista
V002812,2025-08-03,C012,P019,12,850,437.91,1800,10200,7054.92,3145.08,CABA,Revendedor
V002813,2025-04-12,C067,P016,13,1250,737.89,1200,16250,10792.57,5457.43,Norte,Mayorista
V002814,2025-05-31,C040,P009,29,1450,887.38,0,42050,25734.02,16315.98,Norte,Lavandería
V002815,2025-08-09,C004,P015,35,2100,1444.46,1200,73500,51756.1,21743.9,Norte,Minorista
V002816,2025-01-03,C061,P014,21,950,633.25,3200,19950,16498.25,3451.75,CABA,Lavandería
V002817,2025-11-19,C005,P018,23,950,566.2,1200,21850,14222.6,7627.4,Oeste,Revendedor
V002818,2025-10-31,C045,P003,18,1700,972.48,1800,30600,19304.64,11295.36,CABA,Revendedor
V002819,2025-02-07,C072,P012,33,850,478.24,3200,28050,18981.92,9068.08,CABA,Minorista
V002820,2025-06-14,C058,P009,18,3900,2239.29,1800,70200,42107.22,28092.78,Oeste,Revendedor
V002821,2025-12-08,C015,P013,4,2600,1760.47,0,10400,7041.88,3358.12,CABA,Gastronomía
V002822,2025-01-06,C076,P008,1,1450,806.99,1800,1450,2606.99,-1156.99,CABA,Revendedor
V002823,2025-05-22,C003,P008,35,1100,575.05,3200,38500,23326.75,15173.25,CABA,Mayorista
V002824,2025-10-29,C049,P013,11,850,456.66,1800,9350,6823.26,2526.74,Sur,Gastronomía
V002825,2025-11-18,C003,P015,35,3200,1545.56,2500,112000,56594.6,55405.4,Norte,Mayorista
V002826,2025-11-08,C044,P003,25,1450,936.83,4500,36250,27920.75,8329.25,Oeste,Mayorista
V002827,2025-05-02,C044,P014,9,1250,616.65,1200,11250,6749.85,4500.15,Sur,Gastronomía
V002828,2025-05-15,C003,P017,33,850,563.47,2500,28050,21094.51,6955.49,Sur,Minorista
V002829,2025-09-16,C078,P018,31,850,529.7,0,26350,16420.7,9929.3,CABA,Revendedor
V002830,2025-12-25,C079,P003,35,1450,997.25,0,50750,34903.75,15846.25,CABA,Mayorista
V002831,2025-12-15,C019,P013,25,950,477.94,3200,23750,15148.5,8601.5,Norte,Revendedor
V002832,2025-06-23,C072,P002,22,1100,739.29,1200,24200,17464.38,6735.62,Oeste,Minorista
V002833,2025-02-27,C077,P013,3,1450,1041.98,4500,4350,7625.94,-3275.94,Oeste,Mayorista
V002834,2025-01-10,C041,P008,31,850,505.11,1800,26350,17458.41,8891.59,Norte,Gastronomía
V002835,2025-06-01,C062,P002,35,1100,770.49,1200,38500,28167.15,10332.85,CABA,Lavandería
V002836,2025-02-02,C038,P013,5,3900,2407.67,4500,19500,16538.35,2961.65,Oeste,Revendedor
V002837,2025-05-20,C054,P016,25,2100,1074.66,2500,52500,29366.5,23133.5,Oeste,Mayorista
V002838,2025-06-17,C074,P013,1,1700,910.69,0,1700,910.69,789.31,Oeste,Lavandería
V002839,2025-02-07,C069,P010,2,1100,626.73,3200,2200,4453.46,-2253.46,Sur,Minorista
V002840,2025-04-21,C050,P017,26,850,475.45,0,22100,12361.7,9738.3,Sur,Mayorista
V002841,2025-01-22,C051,P013,16,2100,1425.93,1800,33600,24614.88,8985.12,CABA,Mayorista
V002842,2025-09-29,C012,P014,18,850,535.26,3200,15300,12834.68,2465.32,CABA,Minorista
V002843,2025-04-21,C076,P002,8,1100,543.5,4500,8800,8848.0,-48.0,Oeste,Minorista
V002844,2025-03-15,C047,P005,2,3900,2117.51,1200,7800,5435.02,2364.98,Oeste,Lavandería
V002845,2025-07-09,C073,P015,24,1250,857.24,3200,30000,23773.76,6226.24,Oeste,Lavandería
V002846,2025-01-22,C007,P020,35,2100,1029.67,2500,73500,38538.45,34961.55,Norte,Lavandería
V002847,2025-06-01,C042,P009,18,3900,2762.9,0,70200,49732.2,20467.8,Norte,Gastronomía
V002848,2025-10-13,C078,P010,19,1700,907.85,0,32300,17249.15,15050.85,CABA,Revendedor
V002849,2025-01-09,C072,P004,25,1700,1072.73,3200,42500,30018.25,12481.75,Oeste,Gastronomía
V002850,2025-05-25,C043,P013,26,1100,756.88,3200,28600,22878.88,5721.12,Norte,Mayorista
V002851,2025-03-05,C064,P020,32,850,472.24,2500,27200,17611.68,9588.32,Sur,Minorista
V002852,2025-05-01,C053,P004,27,1100,609.73,2500,29700,18962.71,10737.29,CABA,Lavandería
V002853,2025-01-06,C038,P015,10,2100,1462.51,2500,21000,17125.1,3874.9,CABA,Mayorista
V002854,2025-04-11,C046,P003,24,3200,1816.45,0,76800,43594.8,33205.2,Norte,Mayorista
V002855,2025-12-15,C001,P003,29,1250,803.82,4500,36250,27810.78,8439.22,CABA,Lavandería
V002856,2025-09-12,C013,P011,28,850,478.76,2500,23800,15905.28,7894.72,CABA,Gastronomía
V002857,2025-03-08,C023,P009,20,950,503.7,3200,19000,13274.0,5726.0,Norte,Gastronomía
V002858,2025-08-15,C073,P009,4,2100,1496.19,4500,8400,10484.76,-2084.76,Norte,Mayorista
V002859,2025-02-19,C041,P015,4,1700,1110.85,0,6800,4443.4,2356.6,CABA,Revendedor
V002860,2025-11-23,C074,P018,26,2100,1494.07,1800,54600,40645.82,13954.18,Sur,Revendedor
V002861,2025-04-20,C055,P011,25,950,582.25,1200,23750,15756.25,7993.75,Norte,Revendedor
V002862,2025-09-11,C034,P018,30,2100,1283.66,0,63000,38509.8,24490.2,Norte,Lavandería
V002863,2025-01-26,C024,P008,31,2600,1748.0,0,80600,54188.0,26412.0,Norte,Mayorista
V002864,2025-01-04,C013,P019,12,1100,534.74,1800,13200,8216.88,4983.12,Sur,Lavandería
V002865,2025-05-04,C028,P007,10,3900,2525.89,1200,39000,26458.9,12541.1,Oeste,Mayorista
V002866,2025-10-17,C052,P010,17,850,445.95,3200,14450,10781.15,3668.85,Oeste,Gastronomía
V002867,2025-05-03,C021,P013,30,2100,1319.13,3200,63000,42773.9,20226.1,Oeste,Gastronomía
V002868,2025-03-26,C057,P016,16,3900,2745.34,1200,62400,45125.44,17274.56,Oeste,Revendedor
V002869,2025-06-23,C019,P002,9,1250,805.8,0,11250,7252.2,3997.8,CABA,Gastronomía
V002870,2025-12-19,C001,P003,28,3900,2048.81,1200,109200,58566.68,50633.32,Norte,Gastronomía
V002871,2025-03-12,C028,P010,32,950,593.86,3200,30400,22203.52,8196.48,Oeste,Revendedor
V002872,2025-01-05,C062,P011,21,950,530.84,1800,19950,12947.64,7002.36,Norte,Mayorista
V002873,2025-07-19,C008,P015,21,2100,1294.47,3200,44100,30383.87,13716.13,CABA,Mayorista
V002874,2025-10-10,C029,P004,2,850,554.19,2500,1700,3608.38,-1908.38,Norte,Mayorista
V002875,2025-04-20,C020,P006,28,1100,769.19,2500,30800,24037.32,6762.68,Sur,Lavandería
V002876,2025-08-28,C028,P007,5,2100,1454.9,3200,10500,10474.5,25.5,CABA,Lavandería
V002877,2025-07-25,C039,P016,2,2600,1250.15,3200,5200,5700.3,-500.3,Norte,Minorista
V002878,2025-05-02,C049,P002,22,3900,2165.15,3200,85800,50833.3,34966.7,Norte,Mayorista
V002879,2025-11-19,C037,P003,3,2600,1741.64,1800,7800,7024.92,775.08,CABA,Mayorista
V002880,2025-09-11,C035,P001,28,2600,1735.66,1800,72800,50398.48,22401.52,Oeste,Lavandería
V002881,2025-08-21,C054,P005,24,3900,2738.74,2500,93600,68229.76,25370.24,Oeste,Minorista
V002882,2025-01-21,C032,P013,13,3200,2044.69,1800,41600,28380.97,13219.03,Sur,Gastronomía
V002883,2025-07-30,C010,P010,29,1450,805.64,2500,42050,25863.56,16186.44,Oeste,Minorista
V002884,2025-09-25,C028,P019,32,3900,2656.97,4500,124800,89523.04,35276.96,Norte,Revendedor
V002885,2025-02-09,C033,P020,33,2100,1025.33,4500,69300,38335.89,30964.11,Norte,Gastronomía
V002886,2025-01-08,C037,P020,14,1100,745.42,2500,15400,12935.88,2464.12,Norte,Mayorista
V002887,2025-03-07,C017,P008,17,2100,1059.12,0,35700,18005.04,17694.96,Oeste,Revendedor
V002888,2025-10-27,C069,P003,7,1700,1067.29,3200,11900,10671.03,1228.97,Norte,Mayorista
V002889,2025-05-09,C003,P001,5,1100,708.85,2500,5500,6044.25,-544.25,Oeste,Mayorista
V002890,2025-04-09,C076,P017,20,2600,1435.31,4500,52000,33206.2,18793.8,Oeste,Gastronomía
V002891,2025-07-23,C060,P017,32,950,649.17,3200,30400,23973.44,6426.56,Oeste,Mayorista
V002892,2025-04-15,C058,P017,35,2600,1284.07,4500,91000,49442.45,41557.55,Norte,Minorista
V002893,2025-07-18,C067,P002,25,950,681.14,1200,23750,18228.5,5521.5,Norte,Revendedor
V002894,2025-11-25,C048,P013,20,2600,1714.5,3200,52000,37490.0,14510.0,Norte,Lavandería
V002895,2025-01-13,C042,P017,28,2600,1637.08,3200,72800,49038.24,23761.76,Sur,Mayorista
V002896,2025-12-14,C070,P008,1,3900,2675.16,2500,3900,5175.16,-1275.16,Oeste,Mayorista
V002897,2025-07-22,C016,P002,35,850,525.08,1200,29750,19577.8,10172.2,Sur,Minorista
V002898,2025-07-16,C052,P005,1,950,551.46,1800,950,2351.46,-1401.46,Norte,Lavandería
V002899,2025-12-17,C065,P014,18,1700,1019.7,3200,30600,21554.6,9045.4,Sur,Gastronomía
V002900,2025-06-17,C046,P016,23,950,681.99,1200,21850,16885.77,4964.23,Norte,Lavandería
V002901,2025-08-09,C036,P001,1,850,486.83,2500,850,2986.83,-2136.83,Norte,Revendedor
V002902,2025-08-01,C068,P005,19,850,480.91,2500,16150,11637.29,4512.71,Sur,Gastronomía
V002903,2025-05-11,C042,P004,10,1100,763.43,1800,11000,9434.3,1565.7,Norte,Minorista
V002904,2025-09-20,C076,P020,31,1450,697.72,1200,44950,22829.32,22120.68,Oeste,Revendedor
V002905,2025-07-28,C069,P014,2,3200,2131.61,1800,6400,6063.22,336.78,Sur,Minorista
V002906,2025-02-02,C058,P001,16,2100,1105.77,3200,33600,20892.32,12707.68,Norte,Gastronomía
V002907,2025-03-20,C028,P017,27,850,443.37,4500,22950,16470.99,6479.01,Norte,Minorista
V002908,2025-10-04,C079,P018,15,850,608.56,1800,12750,10928.4,1821.6,CABA,Mayorista
V002909,2025-05-18,C075,P001,28,950,643.8,2500,26600,20526.4,6073.6,Sur,Revendedor
V002910,2025-09-07,C018,P009,22,1100,674.58,0,24200,14840.76,9359.24,Oeste,Gastronomía
V002911,2025-07-19,C079,P009,34,850,468.96,0,28900,15944.64,12955.36,Sur,Mayorista
V002912,2025-07-01,C049,P016,20,3200,2283.79,0,64000,45675.8,18324.2,Norte,Lavandería
V002913,2025-11-24,C029,P019,17,850,589.21,3200,14450,13216.57,1233.43,CABA,Mayorista
V002914,2025-12-03,C056,P001,11,3900,2106.91,1200,42900,24376.01,18523.99,CABA,Mayorista
V002915,2025-02-16,C046,P017,9,1700,1028.4,3200,15300,12455.6,2844.4,CABA,Lavandería
V002916,2025-04-08,C040,P005,3,1250,628.91,4500,3750,6386.73,-2636.73,Sur,Lavandería
V002917,2025-08-30,C037,P018,28,2600,1474.25,1800,72800,43079.0,29721.0,CABA,Gastronomía
V002918,2025-02-04,C066,P014,18,3200,2090.22,1200,57600,38823.96,18776.04,CABA,Revendedor
V002919,2025-09-25,C017,P020,21,3200,2207.07,4500,67200,50848.47,16351.53,Norte,Minorista
V002920,2025-10-20,C054,P006,16,1250,650.49,2500,20000,12907.84,7092.16,CABA,Gastronomía
V002921,2025-10-08,C049,P020,18,1100,649.24,2500,19800,14186.32,5613.68,Norte,Revendedor
V002922,2025-04-18,C013,P015,13,850,486.33,1200,11050,7522.29,3527.71,Oeste,Minorista
V002923,2025-07-10,C012,P017,6,2600,1585.51,1200,15600,10713.06,4886.94,Norte,Mayorista
V002924,2025-07-15,C047,P011,20,2100,1321.92,3200,42000,29638.4,12361.6,CABA,Lavandería
V002925,2025-03-20,C031,P005,30,1100,586.1,2500,33000,20083.0,12917.0,CABA,Lavandería
V002926,2025-11-16,C065,P019,2,1100,761.35,1200,2200,2722.7,-522.7,Sur,Revendedor
V002927,2025-01-29,C005,P014,21,1450,999.78,4500,30450,25495.38,4954.62,Sur,Minorista
V002928,2025-12-10,C071,P009,30,2600,1610.5,4500,78000,52815.0,25185.0,Norte,Minorista
V002929,2025-11-18,C057,P014,32,1700,944.06,3200,54400,33409.92,20990.08,CABA,Revendedor
V002930,2025-10-04,C080,P002,29,1250,738.83,0,36250,21426.07,14823.93,Norte,Revendedor
V002931,2025-02-03,C042,P016,4,3200,1982.23,1800,12800,9728.92,3071.08,Sur,Mayorista
V002932,2025-07-27,C071,P007,33,1450,887.57,2500,47850,31789.81,16060.19,Sur,Mayorista
V002933,2025-09-26,C003,P005,2,2600,1496.72,1200,5200,4193.44,1006.56,Oeste,Revendedor
V002934,2025-07-24,C014,P006,8,3900,1898.07,1800,31200,16984.56,14215.44,CABA,Revendedor
V002935,2025-10-07,C013,P005,35,3200,2030.27,4500,112000,75559.45,36440.55,CABA,Revendedor
V002936,2025-03-10,C004,P016,1,2100,1203.56,3200,2100,4403.56,-2303.56,CABA,Minorista
V002937,2025-01-25,C059,P019,9,1250,744.31,1200,11250,7898.79,3351.21,Oeste,Lavandería
V002938,2025-10-11,C078,P008,15,1450,1011.04,3200,21750,18365.6,3384.4,Sur,Gastronomía
V002939,2025-11-08,C059,P002,16,1700,834.05,2500,27200,15844.8,11355.2,Norte,Lavandería
V002940,2025-09-19,C079,P014,34,1250,898.96,1200,42500,31764.64,10735.36,Norte,Gastronomía
V002941,2025-12-20,C058,P001,32,2600,1395.34,0,83200,44650.88,38549.12,Oeste,Mayorista
V002942,2025-02-21,C042,P011,22,850,546.99,1800,18700,13833.78,4866.22,Sur,Minorista
V002943,2025-07-03,C017,P003,34,2600,1633.55,4500,88400,60040.7,28359.3,Oeste,Revendedor
V002944,2025-05-21,C036,P009,3,1450,823.94,3200,4350,5671.82,-1321.82,Oeste,Minorista
V002945,2025-02-09,C040,P003,20,2600,1841.41,4500,52000,41328.2,10671.8,CABA,Mayorista
V002946,2025-04-27,C042,P002,13,2100,1278.02,2500,27300,19114.26,8185.74,CABA,Gastronomía
V002947,2025-11-18,C051,P018,5,850,526.89,2500,4250,5134.45,-884.45,Sur,Revendedor
V002948,2025-08-17,C069,P002,10,1250,791.64,1800,12500,9716.4,2783.6,Norte,Gastronomía
V002949,2025-08-07,C066,P010,17,2100,1500.07,3200,35700,28701.19,6998.81,Norte,Minorista
V002950,2025-04-29,C055,P014,20,850,421.54,1200,17000,9630.8,7369.2,Oeste,Revendedor
V002951,2025-06-13,C062,P007,32,3200,2044.34,0,102400,65418.88,36981.12,Norte,Revendedor
V002952,2025-09-13,C047,P015,11,3900,2723.77,4500,42900,34461.47,8438.53,Oeste,Lavandería
V002953,2025-04-30,C014,P017,26,3200,2130.45,1200,83200,56591.7,26608.3,CABA,Mayorista
V002954,2025-10-17,C012,P011,24,1450,919.6,1200,34800,23270.4,11529.6,Oeste,Mayorista
V002955,2025-06-03,C012,P013,24,950,581.4,4500,22800,18453.6,4346.4,Norte,Revendedor
V002956,2025-05-07,C075,P014,25,850,601.13,1200,21250,16228.25,5021.75,Norte,Gastronomía
V002957,2025-07-16,C061,P009,25,1100,719.97,1800,27500,19799.25,7700.75,Norte,Revendedor
V002958,2025-05-26,C011,P016,18,3900,1979.55,0,70200,35631.9,34568.1,Sur,Minorista
V002959,2025-06-22,C002,P006,11,950,573.11,0,10450,6304.21,4145.79,Sur,Revendedor
V002960,2025-10-10,C010,P010,7,1250,836.32,1800,8750,7654.24,1095.76,Norte,Lavandería
V002961,2025-07-17,C008,P019,17,3200,1692.21,2500,54400,31267.57,23132.43,Sur,Gastronomía
V002962,2025-01-14,C017,P019,9,3200,1847.09,4500,28800,21123.81,7676.19,Oeste,Mayorista
V002963,2025-01-15,C020,P014,23,850,525.33,4500,19550,16582.59,2967.41,Sur,Mayorista
V002964,2025-03-01,C072,P007,27,2100,1236.02,0,56700,33372.54,23327.46,Sur,Lavandería
V002965,2025-07-31,C056,P003,1,1100,791.31,4500,1100,5291.31,-4191.31,Sur,Mayorista
V002966,2025-05-23,C023,P002,9,1100,563.28,4500,9900,9569.52,330.48,Oeste,Gastronomía
V002967,2025-11-11,C076,P018,3,950,661.12,1200,2850,3183.36,-333.36,Sur,Lavandería
V002968,2025-10-11,C029,P014,32,1700,1067.82,0,54400,34170.24,20229.76,CABA,Lavandería
V002969,2025-08-20,C079,P003,21,1100,695.82,1800,23100,16412.22,6687.78,Sur,Minorista
V002970,2025-05-21,C038,P001,11,1250,673.59,1800,13750,9209.49,4540.51,CABA,Lavandería
V002971,2025-06-05,C051,P012,28,1450,744.76,2500,40600,23353.28,17246.72,CABA,Minorista
V002972,2025-10-09,C050,P008,32,1100,628.22,0,35200,20103.04,15096.96,Norte,Lavandería
V002973,2025-11-10,C043,P012,11,1100,656.3,2500,12100,9719.3,2380.7,Sur,Gastronomía
V002974,2025-02-17,C039,P020,3,850,452.13,3200,2550,4556.39,-2006.39,Norte,Minorista
V002975,2025-04-02,C043,P011,5,1250,849.52,1800,6250,6047.6,202.4,Norte,Gastronomía
V002976,2025-10-09,C052,P016,10,1100,668.83,3200,11000,9888.3,1111.7,Oeste,Revendedor
V002977,2025-01-01,C039,P016,16,1250,619.83,1800,20000,11717.28,8282.72,Norte,Lavandería
V002978,2025-12-23,C011,P012,31,1450,897.93,1200,44950,29035.83,15914.17,Oeste,Gastronomía
V002979,2025-02-17,C015,P009,30,3200,1933.1,3200,96000,61193.0,34807.0,Norte,Mayorista
V002980,2025-02-02,C018,P001,19,850,526.97,1800,16150,11812.43,4337.57,Oeste,Lavandería
V002981,2025-09-11,C056,P014,7,3200,1685.24,4500,22400,16296.68,6103.32,Norte,Revendedor
V002982,2025-01-27,C008,P004,35,2600,1850.18,0,91000,64756.3,26243.7,Norte,Mayorista
V002983,2025-10-26,C011,P011,6,950,513.04,2500,5700,5578.24,121.76,Sur,Revendedor
V002984,2025-07-31,C022,P004,1,2600,1746.22,0,2600,1746.22,853.78,Sur,Minorista
V002985,2025-01-24,C079,P013,34,1700,988.68,1200,57800,34815.12,22984.88,Norte,Lavandería
V002986,2025-01-28,C053,P018,1,1100,756.02,3200,1100,3956.02,-2856.02,Oeste,Mayorista
V002987,2025-02-06,C048,P009,12,1250,603.67,0,15000,7244.04,7755.96,CABA,Mayorista
V002988,2025-04-10,C007,P006,33,2100,1448.64,4500,69300,52305.12,16994.88,Norte,Minorista
V002989,2025-12-12,C042,P005,11,1450,953.83,0,15950,10492.13,5457.87,Norte,Mayorista
V002990,2025-01-14,C052,P014,31,850,429.03,0,26350,13299.93,13050.07,Norte,Gastronomía
V002991,2025-10-29,,P005,2,950,680.15,2500,1900,3860.3,-1960.3,Sur,Mayorista
V002992,2025-04-16,C067,P005,9,1100,753.16,1800,9900,8578.44,1321.56,CABA,Minorista
V002993,2025-06-13,C030,P019,9,1100,703.52,0,9900,6331.68,3568.32,Norte,Lavandería
V002994,2025-03-13,C004,P004,3,950,481.96,1200,2850,2645.88,204.12,Norte,Revendedor
V002995,2025-06-07,C027,P008,7,1250,668.35,1200,8750,5878.45,2871.55,Norte,Mayorista
V002996,2025-09-22,C049,P004,14,1100,592.22,3200,15400,11491.08,3908.92,Norte,Gastronomía
V002997,2025-07-30,C037,P011,9,1250,691.28,3200,11250,9421.52,1828.48,Sur,Gastronomía
V002998,2025-06-02,C079,P015,28,850,443.35,3200,23800,15613.8,8186.2,Sur,Lavandería
V002999,2025-04-09,C035,P006,4,3900,2761.91,1200,15600,12247.64,3352.36,Sur,Lavandería
V003000,2025-11-22,C061,P008,18,3900,2386.94,4500,70200,47464.92,22735.08,Norte,Mayorista
V003001,2025-11-15,C061,P008,23,2100,1428.76,0,48300,32861.48,15438.52,Norte,Mayorista
V003002,2025-07-16,C052,P012,22,3900,2664.85,1800,85800,60426.7,25373.3,Sur,Lavandería
V003003,2025-03-22,C048,P008,33,850,534.4,2500,28050,20135.2,7914.8,Sur,Gastronomía
V003004,2025-02-23,C035,P016,24,1250,674.76,3200,30000,19394.24,10605.76,Norte,Mayorista
V003005,2025-05-28,C057,P009,26,2100,1370.72,4500,54600,40138.72,14461.28,Oeste,Gastronomía
V003006,2025-04-17,C072,P019,27,1100,729.14,3200,29700,22886.78,6813.22,Norte,Mayorista
V003007,2025-03-20,C038,P007,25,2600,1824.44,1200,65000,46811.0,18189.0,Norte,Minorista
V003008,2025-06-23,C061,P003,11,2600,1786.77,4500,28600,24154.47,4445.53,Sur,Mayorista
V003009,2025-11-17,C071,P008,21,1450,769.95,4500,30450,20668.95,9781.05,Norte,Lavandería
V003010,2025-10-08,C043,P017,28,1250,800.63,0,35000,22417.64,12582.36,Sur,Minorista
V003011,2025-07-21,C069,P005,19,3900,2312.28,4500,74100,48433.32,25666.68,Oeste,Revendedor
V003012,2025-11-08,C070,P003,27,950,536.82,1200,25650,15694.14,9955.86,CABA,Minorista
V003013,2025-07-21,C066,P007,30,950,462.66,0,28500,13879.8,14620.2,Sur,Mayorista
V003014,2025-08-31,C017,P013,4,2600,1679.27,0,10400,6717.08,3682.92,CABA,Gastronomía
V003015,2025-10-02,C079,P014,31,3200,2230.15,0,99200,69134.65,30065.35,Oeste,Lavandería
V003016,2025-05-21,C074,P007,8,1100,786.51,1800,8800,8092.08,707.92,Sur,Mayorista
V003017,2025-10-31,C039,P015,26,1100,613.36,1800,28600,17747.36,10852.64,Oeste,Revendedor
V003018,2025-11-21,C022,P013,19,1700,1122.27,1200,32300,22523.13,9776.87,Oeste,Revendedor
V003019,2025-02-25,C059,P005,20,850,451.91,3200,17000,12238.2,4761.8,Norte,Revendedor
V003020,2025-12-07,C011,P004,12,2100,1362.07,2500,25200,18844.84,6355.16,Norte,Revendedor
V003021,2025-08-24,C012,P020,27,2600,1865.49,0,70200,50368.23,19831.77,Sur,Revendedor
V003022,2025-04-25,C028,P011,15,3900,1975.84,0,58500,29637.6,28862.4,Sur,Minorista
V003023,2025-03-28,C045,P019,2,950,547.51,4500,1900,5595.02,-3695.02,Oeste,Revendedor
V003024,2025-11-05,C035,P019,3,950,500.39,1200,2850,2701.17,148.83,Norte,Gastronomía
V003025,2025-04-21,C061,P014,31,1250,887.1,1800,38750,29300.1,9449.9,CABA,Gastronomía
V003026,2025-01-24,C073,P018,17,950,622.07,0,16150,10575.19,5574.81,Sur,Lavandería
V003027,2025-11-04,C028,P002,5,1450,1012.23,0,7250,5061.15,2188.85,CABA,Lavandería
V003028,2025-01-06,C037,P019,6,850,417.7,1800,5100,4306.2,793.8,Oeste,Minorista
V003029,2025-03-19,C068,P018,27,2100,1474.62,2500,56700,42314.74,14385.26,CABA,Minorista
V003030,2025-11-14,C078,P002,16,1450,746.24,1200,23200,13139.84,10060.16,Norte,Revendedor
V003031,2025-06-18,C039,P018,17,1100,791.05,1200,18700,14647.85,4052.15,Norte,Mayorista
V003032,2025-02-08,C055,P002,31,3900,2793.37,0,120900,86594.47,34305.53,Sur,Revendedor
V003033,2025-02-21,C027,P018,25,850,424.29,2500,21250,13107.25,8142.75,CABA,Minorista
V003034,2025-09-11,C015,P007,9,950,588.92,1800,8550,7100.28,1449.72,CABA,Mayorista
V003035,2025-06-05,C060,P001,11,3200,1962.74,4500,35200,26090.14,9109.86,CABA,Gastronomía
V003036,2025-02-17,C016,P005,35,2600,1779.08,1800,91000,64067.8,26932.2,Norte,Mayorista
V003037,2025-09-06,C010,P020,14,2100,1248.12,3200,29400,20673.68,8726.32,Norte,Lavandería
V003038,2025-07-14,C038,P014,13,3900,1939.16,3200,50700,28409.08,22290.92,CABA,Minorista
V003039,2025-11-23,C064,P010,8,2100,1069.55,3200,16800,11756.4,5043.6,Norte,Mayorista
V003040,2025-05-08,C020,P004,23,1450,1001.19,0,33350,23027.37,10322.63,Oeste,Minorista
V003041,2025-06-21,C028,P011,4,2100,1308.79,2500,8400,7735.16,664.84,Oeste,Lavandería
V003042,2025-02-04,C053,P018,17,1700,953.55,1800,28900,18010.35,10889.65,Oeste,Lavandería
V003043,2025-06-09,C010,P001,9,1700,931.46,4500,15300,12883.14,2416.86,CABA,Lavandería
V003044,2025-10-26,C070,P020,18,3200,1939.75,1800,57600,36715.5,20884.5,Sur,Lavandería
V003045,2025-11-06,C037,P017,15,850,414.25,0,12750,6213.75,6536.25,Norte,Lavandería
V003046,2025-08-20,C045,P013,14,1700,964.54,3200,23800,16703.56,7096.44,Norte,Mayorista
V003047,2025-04-05,C058,P003,30,1100,630.89,1200,33000,20126.7,12873.3,Norte,Lavandería
V003048,2025-07-07,C004,P009,25,850,505.19,4500,21250,17129.75,4120.25,CABA,Minorista
V003049,2025-05-31,C036,P004,15,850,609.31,2500,12750,11639.65,1110.35,Sur,Mayorista
V003050,2025-05-14,C006,P017,29,950,655.94,0,27550,19022.26,8527.74,Sur,Lavandería
V003051,2025-10-05,C077,P002,18,950,566.78,3200,17100,13402.04,3697.96,Oeste,Minorista
V003052,2025-08-30,C053,P006,13,3200,2089.05,0,41600,27157.65,14442.35,Norte,Mayorista
V003053,2025-03-13,C030,P005,10,1100,574.2,1200,11000,6942.0,4058.0,Norte,Minorista
V003054,2025-10-02,C036,P016,21,1100,666.87,1800,23100,15804.27,7295.73,Norte,Minorista
V003055,2025-01-01,C035,P003,3,3200,1741.81,3200,9600,8425.43,1174.57,CABA,Mayorista
V003056,2025-07-10,C014,P004,16,1700,1088.14,1800,27200,19210.24,7989.76,Oeste,Gastronomía
V003057,2025-08-15,C019,P006,34,3900,1994.85,0,132600,67824.9,64775.1,Sur,Gastronomía
V003058,2025-03-02,C047,P016,3,3900,2582.58,3200,11700,10947.74,752.26,Oeste,Minorista
V003059,2025-03-07,C070,P001,5,850,590.57,0,4250,2952.85,1297.15,Norte,Gastronomía
V003060,2025-05-05,C039,P003,22,1100,735.67,3200,24200,19384.74,4815.26,CABA,Gastronomía
V003061,2025-05-28,C061,P018,27,2600,1427.61,4500,70200,43045.47,27154.53,Oeste,Revendedor
V003062,2025-01-19,C023,P003,33,3200,2247.43,1200,105600,75365.19,30234.81,CABA,Lavandería
V003063,2025-04-24,C045,P016,2,1250,739.4,3200,2500,4678.8,-2178.8,CABA,Mayorista
V003064,2025-02-19,C029,P020,29,1450,1020.04,1200,42050,30781.16,11268.84,Sur,Revendedor
V003065,2025-10-22,C002,P011,22,3200,1784.19,1800,70400,41052.18,29347.82,Sur,Gastronomía
V003066,2025-10-31,C074,P010,2,3200,2119.34,1200,6400,5438.68,961.32,CABA,Lavandería
V003067,2025-11-05,C056,P019,4,1450,821.03,1200,5800,4484.12,1315.88,Sur,Minorista
V003068,2025-07-13,C009,P002,25,1700,987.51,1200,42500,25887.75,16612.25,Oeste,Lavandería
V003069,2025-05-20,C048,P015,3,950,546.99,1200,2850,2840.97,9.03,Sur,Lavandería
V003070,2025-02-17,C029,P014,5,1450,900.54,3200,7250,7702.7,-452.7,CABA,Mayorista
V003071,2025-07-03,C029,P001,33,1450,763.67,4500,47850,29701.11,18148.89,Sur,Revendedor
V003072,2025-11-11,C021,P020,26,1450,789.73,2500,37700,23032.98,14667.02,Sur,Mayorista
V003073,2025-06-15,C002,P018,19,1100,591.46,1200,20900,12437.74,8462.26,Norte,Mayorista
V003074,2025-04-19,C039,P017,1,850,463.88,2500,850,2963.88,-2113.88,Oeste,Gastronomía
V003075,2025-02-26,C043,P011,16,2100,1310.58,1800,33600,22769.28,10830.72,Norte,Gastronomía
V003076,2025-08-23,C037,P019,2,2100,1095.76,2500,4200,4691.52,-491.52,Sur,Minorista
V003077,2025-03-25,C036,P006,24,2600,1286.33,1200,62400,32071.92,30328.08,Oeste,Mayorista
V003078,2025-11-14,C044,P020,19,1700,889.96,1200,32300,18109.24,14190.76,CABA,Gastronomía
V003079,2025-11-24,C069,P005,34,2100,1122.09,1800,71400,39951.06,31448.94,CABA,Mayorista
V003080,2025-11-06,C056,P013,12,3900,2433.69,2500,46800,31704.28,15095.72,Oeste,Minorista
V003081,2025-09-06,C038,P006,9,1100,534.98,0,9900,4814.82,5085.18,Sur,Lavandería
V003082,2025-10-05,C023,P004,23,1250,777.1,2500,28750,20373.3,8376.7,Sur,Revendedor
V003083,2025-04-18,C061,P001,26,1250,895.86,1800,32500,25092.36,7407.64,CABA,Mayorista
V003084,2025-03-04,C030,P019,11,3200,1570.68,3200,35200,20477.48,14722.52,Norte,Minorista
V003085,2025-04-05,C020,P002,27,950,609.08,0,25650,16445.16,9204.84,CABA,Revendedor
V003086,2025-05-03,C032,P007,24,3900,2083.25,3200,93600,53198.0,40402.0,Sur,Minorista
V003087,2025-11-06,C008,P001,4,850,445.5,3200,3400,4982.0,-1582.0,Norte,Lavandería
V003088,2025-02-20,C049,P005,12,1700,969.64,4500,20400,16135.68,4264.32,Norte,Lavandería
V003089,2025-02-02,C066,P012,23,3900,2161.32,4500,89700,54210.36,35489.64,Sur,Revendedor
V003090,2025-11-15,C019,P008,1,1450,972.28,1800,1450,2772.28,-1322.28,Oeste,Mayorista
V003091,2025-04-30,C011,P013,30,2600,1819.61,3200,78000,57788.3,20211.7,CABA,Gastronomía
V003092,2025-06-19,C049,P010,29,1450,987.58,2500,42050,31139.82,10910.18,CABA,Minorista
V003093,2025-11-11,C038,P012,13,3900,2526.54,0,50700,32845.02,17854.98,CABA,Lavandería
V003094,2025-09-13,C055,P014,28,1700,839.83,1200,47600,24715.24,22884.76,Sur,Lavandería
V003095,2025-02-04,C017,P001,11,3200,1602.46,4500,35200,22127.06,13072.94,Norte,Lavandería
V003096,2025-10-08,C008,P014,5,3900,1928.04,1200,19500,10840.2,8659.8,Oeste,Minorista
V003097,2025-12-12,C015,P013,31,3200,2058.05,2500,99200,66299.55,32900.45,CABA,Lavandería
V003098,2025-11-19,C062,P014,14,1700,916.4,1200,23800,14029.6,9770.4,Oeste,Lavandería
V003099,2025-03-05,C070,P012,10,950,654.13,2500,9500,9041.3,458.7,Norte,Revendedor
V003100,2025-07-08,C054,P008,32,950,474.95,1200,30400,16398.4,14001.6,Norte,Mayorista
V003101,2025-01-12,C006,P001,16,2600,1766.03,1200,41600,29456.48,12143.52,Oeste,Mayorista
V003102,2025-12-26,C010,P007,10,1450,848.2,3200,14500,11682.0,2818.0,Sur,Lavandería
V003103,2025-11-10,C027,P005,31,3200,2084.05,0,99200,64605.55,34594.45,Sur,Revendedor
V003104,2025-04-14,C064,P014,22,3900,1939.0,1800,85800,44458.0,41342.0,Oeste,Revendedor
V003105,2025-03-13,C006,P004,7,1450,928.22,0,10150,6497.54,3652.46,Sur,Gastronomía
V003106,2025-03-25,C055,P013,19,1100,641.81,1200,20900,13394.39,7505.61,Norte,Minorista
V003107,2025-03-15,C063,P006,18,1700,1200.77,1200,30600,22813.86,7786.14,Oeste,Lavandería
V003108,2025-07-07,C051,P011,25,3900,2311.23,2500,97500,60280.75,37219.25,Norte,Revendedor
V003109,2025-08-14,C066,P010,28,1100,571.48,3200,30800,19201.44,11598.56,Norte,Gastronomía
V003110,2025-03-03,C003,P010,27,1100,611.13,2500,29700,19000.51,10699.49,Oeste,Revendedor
V003111,2025-08-03,C042,P013,35,1700,1166.37,1200,59500,42022.95,17477.05,CABA,Lavandería
V003112,2025-03-06,C058,P014,32,1100,685.68,1200,35200,23141.76,12058.24,Norte,Minorista
V003113,2025-11-11,C057,P019,14,1450,934.32,1800,20300,14880.48,5419.52,Oeste,Minorista
V003114,2025-03-09,C074,P004,20,2100,1445.81,4500,42000,33416.2,8583.8,Norte,Minorista
V003115,2025-04-06,C019,P007,19,2600,1535.96,4500,49400,33683.24,15716.76,CABA,Gastronomía
V003116,2025-06-26,C064,P019,30,1100,626.63,3200,33000,21998.9,11001.1,Norte,Minorista
V003117,2025-08-23,C004,P007,15,3900,2367.8,0,58500,35517.0,22983.0,Norte,Lavandería
V003118,2025-10-12,C019,P008,13,2600,1650.55,1200,33800,22657.15,11142.85,CABA,Revendedor
V003119,2025-12-24,C035,P011,5,2100,1254.07,4500,10500,10770.35,-270.35,Sur,Minorista
V003120,2025-07-22,C026,P014,15,1100,752.06,3200,16500,14480.9,2019.1,Sur,Mayorista
V003121,2025-01-03,C015,P003,9,1100,535.15,0,9900,4816.35,5083.65,Norte,Revendedor
V003122,2025-05-18,C017,P013,17,3200,1692.32,1200,54400,29969.44,24430.56,Sur,Lavandería
V003123,2025-12-12,C074,P013,2,3200,1663.78,4500,6400,7827.56,-1427.56, sur ,Lavandería
V003124,2025-11-23,C011,P007,25,850,581.77,4500,21250,19044.25,2205.75,Norte,Revendedor
V003125,2025-05-27,C056,P020,9,850,522.71,1800,7650,6504.39,1145.61,Sur,Gastronomía
V003126,2025-10-18,C007,P004,13,1100,597.05,1800,14300,9561.65,4738.35,CABA,REVENDEDOR
V003127,2025-04-21,C048,P002,1,950,480.69,1800,950,2280.69,-1330.69,Norte,Lavandería
V003128,2025-02-26,C061,P012,34,850,518.34,0,28900,17623.56,11276.44,Oeste,Revendedor
V003129,2025-09-18,C074,P002,19,1450,918.04,0,27550,17442.76,10107.24,Norte,Minorista
V003130,2025-05-20,C031,P003,23,2100,1202.02,3200,48300,30846.46,17453.54,Norte,Minorista
V003131,2025-12-18,C028,P011,13,3200,2023.15,0,41600,26300.95,15299.05,Norte,Revendedor
V003132,2025-11-27,C028,P016,20,2600,1447.5,3200,52000,32150.0,19850.0,CABA,Mayorista
V003133,2025-01-22,C080,P001,7,2100,1268.23,1800,14700,10677.61,4022.39,Sur,Gastronomía
V003134,2025-08-18,C015,P016,29,3200,1737.42,0,92800,50385.18,42414.82,CABA,Mayorista
V003135,2025-08-25,C014,P013,34,3200,2032.0,1200,108800,70288.0,38512.0,Sur,Minorista
V003136,2025-08-12,C012,P004,24,3200,2248.58,2500,76800,56465.92,20334.08,Sur,Minorista
V003137,2025-02-13,C073,P019,31,2100,1229.02,3200,65100,41299.62,23800.38,Oeste,Mayorista
V003138,2025-03-23,C053,P003,31,850,554.76,0,26350,17197.56,9152.44,Norte,Revendedor
V003139,2025-04-17,C048,P007,17,1700,1078.6,0,28900,18336.2,10563.8,Norte,Lavandería
V003140,2025-06-17,C057,P005,35,1700,916.74,1200,59500,33285.9,26214.1,Oeste,Revendedor
V003141,2025-12-02,C076,P017,11,1450,751.41,2500,15950,10765.51,5184.49,Oeste,Minorista
V003142,2025-08-28,C062,P011,3,950,611.34,3200,2850,5034.02,-2184.02,Norte,Lavandería
V003143,2025-08-08,C071,P016,14,850,574.22,1200,11900,9239.08,2660.92,CABA,Mayorista
V003144,2025-09-21,C044,P007,11,2600,1359.55,2500,28600,17455.05,11144.95,Sur,Revendedor
V003145,2025-10-14,C029,P009,21,950,601.46,4500,19950,17130.66,2819.34,CABA,Mayorista
V003146,2025-06-13,C017,P017,24,1450,844.41,1200,34800,21465.84,13334.16,CABA,Revendedor
V003147,2025-08-28,C025,P001,35,3900,2736.73,1200,136500,96985.55,39514.45,CABA,Lavandería
V003148,2025-04-25,C072,P006,31,2600,1540.75,4500,80600,52263.25,28336.75,CABA,Minorista
V003149,2025-09-14,C038,P005,21,1100,711.03,2500,23100,17431.63,5668.37,Sur,Mayorista
V003150,2025-01-01,C078,P002,1,2600,1814.22,1200,2600,3014.22,-414.22,CABA,Minorista
V003151,2025-03-14,C036,P005,13,1450,930.95,2500,18850,14602.35,4247.65,Oeste,Minorista
V003152,2025-06-28,C062,P015,31,950,628.69,4500,29450,23989.39,5460.61,Sur,Minorista
V003153,2025-12-14,C075,P019,31,950,541.77,4500,29450,21294.87,8155.13,Sur,Gastronomía
V003154,2025-07-24,C052,P015,27,1450,710.16,3200,39150,22374.32,16775.68,Sur,Revendedor
V003155,2025-05-01,C025,P010,18,850,411.56,4500,15300,11908.08,3391.92,Norte,Mayorista
V003156,2025-03-24,C037,P005,25,1700,896.08,2500,42500,24902.0,17598.0,Oeste,Mayorista
V003157,2025-03-07,C012,P019,5,1450,780.87,3200,7250,7104.35,145.65,CABA,Lavandería
V003158,2025-01-11,C047,P010,31,1250,726.4,0,38750,22518.4,16231.6,Norte,Lavandería
V003159,2025-11-24,C076,P004,6,1700,831.15,4500,10200,9486.9,713.1,CABA,Minorista
V003160,2025-02-05,C051,P005,27,850,414.27,0,22950,11185.29,11764.71,Oeste,Lavandería
V003161,2025-06-28,C072,P019,14,1450,989.95,1800,20300,15659.3,4640.7,Sur,Revendedor
V003162,2025-04-15,C029,P011,19,3200,1920.3,1200,60800,37685.7,23114.3,Norte,Lavandería
V003163,2025-02-15,C077,P006,7,1450,894.52,2500,10150,8761.64,1388.36,CABA,Gastronomía
V003164,2025-07-16,C032,P017,27,2100,1437.94,4500,56700,43324.38,13375.62,Oeste,Mayorista
V003165,2025-01-12,C027,P003,32,1100,743.76,2500,35200,26300.32,8899.68,Sur,Gastronomía
V003166,2025-03-16,C067,P005,20,2100,1279.52,1800,42000,27390.4,14609.6,Oeste,Lavandería
V003167,2025-12-09,C017,P010,1,850,573.41,4500,850,5073.41,-4223.41,Oeste,Minorista
V003168,2025-10-07,C051,P002,6,1450,927.96,2500,8700,8067.76,632.24,CABA,Gastronomía
V003169,2025-02-14,C076,P001,22,1450,768.55,1200,31900,18108.1,13791.9,Sur,Minorista
V003170,2025-07-25,C026,P002,13,1250,696.08,2500,16250,11549.04,4700.96,Oeste,Lavandería
V003171,2025-11-03,C026,P001,6,850,419.6,0,5100,2517.6,2582.4,CABA,Revendedor
V003172,2025-11-01,C076,P008,5,3200,1876.51,0,16000,9382.55,6617.45,CABA,Gastronomía
V003173,2025-09-30,C006,P006,34,1250,700.78,1800,42500,25626.52,16873.48,CABA,Gastronomía
V003174,2025-10-06,C077,P006,4,3900,2564.26,0,15600,10257.04,5342.96,Norte,Mayorista
V003175,2025-11-21,C057,P014,28,950,511.28,2500,26600,16815.84,9784.16,Sur,Mayorista
V003176,2025-10-01,C004,P017,6,1100,788.05,4500,6600,9228.3,-2628.3,Sur,Revendedor
V003177,2025-02-04,C045,P019,20,2600,1805.94,1800,52000,37918.8,14081.2,Sur,Minorista
V003178,2025-06-27,C029,P003,6,850,607.81,4500,5100,8146.86,-3046.86,Oeste,Mayorista
V003179,2025-01-05,C079,P014,32,1250,781.4,3200,40000,28204.8,11795.2,Norte,Mayorista
V003180,2025-02-18,C072,P019,8,1450,744.7,2500,11600,8457.6,3142.4,Oeste,Lavandería
V003181,2025-07-28,C046,P001,7,2100,1417.4,2500,14700,12421.8,2278.2,Sur,Minorista
V003182,2025-09-18,C064,P016,26,1100,701.77,3200,28600,21446.02,7153.98,Oeste,Lavandería
V003183,2025-05-01,C056,P018,34,1700,826.03,4500,57800,32585.02,25214.98,Sur,Mayorista
V003184,2025-08-24,C052,P006,11,1100,640.23,2500,12100,9542.53,2557.47,Sur,Revendedor
V003185,2025-12-20,C066,P001,13,2600,1649.59,0,33800,21444.67,12355.33,Sur,Gastronomía
V003186,2025-03-28,C024,P018,35,3900,1872.63,1800,136500,67342.05,69157.95,Oeste,Gastronomía
V003187,2025-10-17,C069,P004,9,1700,955.29,2500,15300,11097.61,4202.39,Sur,Lavandería
V003188,2025-03-19,C056,P011,32,2100,1157.38,3200,67200,40236.16,26963.84,Oeste,Revendedor
V003189,2025-07-09,C069,P001,21,850,596.55,4500,17850,17027.55,822.45,Norte,Minorista
V003190,2025-08-14,C014,P013,22,2600,1592.1,1200,57200,36226.2,20973.8,CABA,Mayorista
V003191,2025-10-30,C046,P013,23,950,577.84,2500,21850,15790.32,6059.68,CABA,Minorista
V003192,2025-06-07,C068,P014,3,850,586.1,1800,2550,3558.3,-1008.3,CABA,Minorista
V003193,2025-11-05,C024,P009,18,3900,2530.95,1200,70200,46757.1,23442.9,Sur,Revendedor
V003194,2025-09-09,C045,P015,4,1250,792.77,1200,5000,4371.08,628.92,Oeste,Minorista
V003195,2025-03-05,C014,P005,22,850,421.02,3200,18700,12462.44,6237.56,Sur,Minorista
V003196,2025-09-10,C036,P006,2,2100,1341.43,3200,4200,5882.86,-1682.86,Norte,Mayorista
V003197,2025-04-03,C021,P008,13,2100,1312.78,0,27300,17066.14,10233.86,CABA,Lavandería
V003198,2025-03-28,C006,P001,32,1250,605.94,1200,40000,20590.08,19409.92,Norte,Mayorista
V003199,2025-07-17,C055,P005,17,3900,2294.35,1200,66300,40203.95,26096.05,Sur,Gastronomía
V003200,2025-01-13,C042,P016,6,1450,802.17,4500,8700,9313.02,-613.02,Norte,Lavandería
V003201,2025-12-14,C064,P009,4,2100,1281.55,2500,8400,7626.2,773.8,Oeste,Gastronomía
V003202,2025-11-27,C039,P009,24,1250,676.32,4500,30000,20731.68,9268.32,CABA,Gastronomía
V003203,2025-07-14,C055,P018,35,2100,1186.38,3200,73500,44723.3,28776.7,Oeste,Gastronomía
V003204,2025-09-17,C026,P010,15,1700,1083.2,2500,25500,18748.0,6752.0,Oeste,Lavandería
V003205,2025-09-11,C028,P014,26,1450,876.12,1200,37700,23979.12,13720.88,Oeste,Minorista
V003206,2025-12-06,C059,P016,24,3200,1897.73,3200,76800,48745.52,28054.48,Norte,Mayorista
V003207,2025-03-23,C053,P020,14,1450,800.67,4500,20300,15709.38,4590.62,Sur,Revendedor
V003208,2025-12-20,C044,P018,3,1700,825.7,4500,5100,6977.1,-1877.1,Norte,Gastronomía
V003209,2025-01-31,C047,P002,12,3200,1742.7,2500,38400,23412.4,14987.6,Oeste,Minorista
V003210,2025-01-27,C059,P007,18,1100,770.29,3200,19800,17065.22,2734.78,Oeste,Revendedor
V003211,2025-01-24,C060,P015,15,2600,1813.96,3200,39000,30409.4,8590.6,Norte,Gastronomía
V003212,2025-11-22,C045,P001,16,3200,2246.69,0,51200,35947.04,15252.96,Sur,Mayorista
V003213,2025-06-21,C072,P012,8,1700,831.69,1200,13600,7853.52,5746.48,CABA,Gastronomía
V003214,2025-06-25,C003,P006,7,1450,768.98,1200,10150,6582.86,3567.14,CABA,Mayorista
V003215,2025-08-26,C077,P009,15,1250,825.18,3200,18750,15577.7,3172.3,Norte,Mayorista
V003216,2025-02-10,C013,P004,10,1250,797.05,3200,12500,11170.5,1329.5,CABA,Gastronomía
V003217,2025-03-27,C052,P012,12,2600,1757.88,1200,31200,22294.56,8905.44,Sur,Lavandería
V003218,2025-04-04,C045,P004,4,3200,1815.15,1200,12800,8460.6,4339.4,Oeste,Revendedor
V003219,2025-12-13,C045,P012,19,1700,1205.46,1800,32300,24703.74,7596.26,Sur,Minorista
V003220,2025-11-06,C011,P019,15,1700,854.26,2500,25500,15313.9,10186.1,Norte,Gastronomía
V003221,2025-07-03,C041,P008,30,850,596.46,2500,25500,20393.8,5106.2,Oeste,Lavandería
V003222,2025-04-06,C070,P004,27,2600,1372.67,2500,70200,39562.09,30637.91,Norte,Lavandería
V003223,2025-02-18,C018,P003,21,2600,1481.72,2500,54600,33616.12,20983.88,Oeste,Lavandería
V003224,2025-05-12,C013,P006,28,850,512.79,3200,23800,17558.12,6241.88,CABA,Revendedor
V003225,2025-12-02,C057,P013,11,850,528.19,0,9350,5810.09,3539.91,Sur,Revendedor
V003226,2025-04-30,C011,P020,28,1250,606.05,1200,35000,18169.4,16830.6,Norte,Minorista
V003227,2025-08-12,C064,P002,20,1700,829.25,1800,34000,18385.0,15615.0,Oeste,Mayorista
V003228,2025-12-13,C054,P015,15,950,672.06,1200,14250,11280.9,2969.1,Norte,Mayorista
V003229,2025-09-29,C072,P017,3,1450,870.72,0,4350,2612.16,1737.84,Norte,Mayorista
V003230,2025-01-30,C019,P012,16,2100,1158.08,0,33600,18529.28,15070.72,Oeste,Revendedor
V003231,2025-03-31,C031,P004,16,1450,742.12,1800,23200,13673.92,9526.08,Norte,Lavandería
V003232,2025-07-13,C060,P006,5,950,619.78,1800,4750,4898.9,-148.9,CABA,Gastronomía
V003233,2025-11-18,C034,P007,6,3200,2189.44,1200,19200,14336.64,4863.36,Norte,Mayorista
V003234,2025-08-12,C079,P012,15,950,658.14,4500,14250,14372.1,-122.1,Oeste,Revendedor
V003235,2025-09-05,C062,P004,7,1700,822.45,1200,11900,6957.15,4942.85,CABA,Lavandería
V003236,2025-11-06,C017,P013,22,950,663.41,1200,20900,15795.02,5104.98,Oeste,Revendedor
V003237,2025-02-27,C055,P005,6,850,557.16,2500,5100,5842.96,-742.96,Oeste,Revendedor
V003238,2025-03-21,C021,P004,16,2100,1293.87,0,33600,20701.92,12898.08,Norte,Lavandería
V003239,2025-04-22,C059,P014,31,950,632.22,1800,29450,21398.82,8051.18,Oeste,Revendedor
V003240,2025-09-21,C058,P016,1,2600,1649.52,1800,2600,3449.52,-849.52,CABA,Gastronomía
V003241,2025-04-11,C008,P009,18,1700,836.86,1200,30600,16263.48,14336.52,CABA,Mayorista
V003242,2025-11-27,C049,P017,16,3200,1915.67,3200,51200,33850.72,17349.28,CABA,Mayorista
V003243,2025-06-08,C045,P002,11,3900,2167.97,2500,42900,26347.67,16552.33,Sur,Lavandería
V003244,2025-01-25,C031,P002,18,850,531.34,4500,15300,14064.12,1235.88,Oeste,Gastronomía
V003245,2025-07-28,C059,P012,20,950,578.32,4500,19000,16066.4,2933.6,Oeste,Mayorista
V003246,2025-08-06,C070,P017,7,850,423.41,1200,5950,4163.87,1786.13,Oeste,Lavandería
V003247,2025-03-30,C010,P002,21,950,511.56,1800,19950,12542.76,7407.24,Sur,Minorista
V003248,2025-02-21,C070,P010,11,1100,528.77,1200,12100,7016.47,5083.53,Oeste,Gastronomía
V003249,2025-05-01,C023,P002,13,950,656.98,4500,12350,13040.74,-690.74,Sur,Revendedor
V003250,2025-03-04,C053,P008,27,850,456.46,3200,22950,15524.42,7425.58,CABA,Lavandería
V003251,2025-05-06,C049,P020,1,2600,1715.43,3200,2600,4915.43,-2315.43,Norte,Lavandería
V003252,2025-08-08,C062,P006,3,850,412.72,1200,2550,2438.16,111.84,CABA,Gastronomía
V003253,2025-12-24,C013,P002,31,850,501.18,2500,26350,18036.58,8313.42,Oeste,Gastronomía
V003254,2025-10-15,C047,P001,35,3900,2172.12,1200,136500,77224.2,59275.8,Oeste,Lavandería
V003255,2025-01-04,C068,P012,6,950,657.13,3200,5700,7142.78,-1442.78,CABA,Revendedor
V003256,2025-05-16,C039,P012,17,1700,987.49,2500,28900,19287.33,9612.67,Oeste,Revendedor
V003257,2025-07-22,C045,P011,25,950,592.81,2500,23750,17320.25,6429.75,Sur,Lavandería
V003258,2025-02-10,C031,P015,29,950,612.89,4500,27550,22273.81,5276.19,Sur,Mayorista
V003259,2025-08-06,C031,P019,23,2100,1061.7,4500,48300,28919.1,19380.9,Sur,Lavandería
V003260,2025-08-14,C070,P008,2,1700,964.29,1200,3400,3128.58,271.42,Sur,Minorista
V003261,2025-04-11,C070,P017,31,1450,982.46,0,44950,30456.26,14493.74,Oeste,Mayorista
V003262,2025-04-22,C037,P013,5,1450,799.4,2500,7250,6497.0,753.0,Sur,Mayorista
V003263,2025-09-11,C055,P007,14,850,468.56,4500,11900,11059.84,840.16,CABA,Minorista
V003264,2025-08-23,C054,P004,20,1100,693.32,0,22000,13866.4,8133.6,Norte,Mayorista
V003265,2025-06-01,C066,P008,8,3900,2243.39,3200,31200,21147.12,10052.88,Sur,Mayorista
V003266,2025-08-01,C034,P016,2,1450,831.13,2500,2900,4162.26,-1262.26,Sur,Revendedor
V003267,2025-09-19,C062,P001,14,2100,1285.81,1200,29400,19201.34,10198.66,CABA,Minorista
V003268,2025-05-23,C070,P008,32,3900,2733.62,1200,124800,88675.84,36124.16,Sur,Mayorista
V003269,2025-12-20,C011,P012,12,1100,733.78,4500,13200,13305.36,-105.36,CABA,Mayorista
V003270,2025-09-05,C008,P013,22,3900,2080.78,0,85800,45777.16,40022.84,CABA,Gastronomía
V003271,2025-01-26,C049,P005,7,950,579.85,1200,6650,5258.95,1391.05,Oeste,Revendedor
V003272,2025-03-22,C036,P016,8,3200,1683.9,0,25600,13471.2,12128.8,CABA,Lavandería
V003273,2025-12-23,C075,P013,4,2600,1456.83,2500,10400,8327.32,2072.68,Norte,Revendedor
V003274,2025-09-02,C037,P019,29,3900,2433.85,1800,113100,72381.65,40718.35,Oeste,Mayorista
V003275,2025-02-24,C063,P004,8,1450,886.11,2500,11600,9588.88,2011.12,Norte,Lavandería
V003276,2025-07-02,C067,P004,35,950,682.84,0,33250,23899.4,9350.6,Sur,Minorista
V003277,2025-09-10,C028,P011,27,1250,628.41,2500,33750,19467.07,14282.93,Oeste,Minorista
V003278,2025-03-28,C077,P015,24,1700,999.04,1200,40800,25176.96,15623.04,Sur,Minorista
V003279,2025-08-03,C077,P010,27,1250,746.4,3200,33750,23352.8,10397.2,CABA,Minorista
V003280,2025-10-21,C028,P017,4,2100,1275.32,1200,8400,6301.28,2098.72,CABA,Minorista
V003281,2025-04-17,C002,P016,5,2100,1507.52,1800,10500,9337.6,1162.4,Oeste,Mayorista
V003282,2025-02-28,C050,P008,13,2100,1472.15,1200,27300,20337.95,6962.05,CABA,Lavandería
V003283,2025-11-11,C068,P011,18,3900,1906.29,0,70200,34313.22,35886.78,Norte,Revendedor
V003284,2025-01-29,C032,P016,11,3900,2206.39,1800,42900,26070.29,16829.71,Norte,Revendedor
V003285,2025-06-20,C065,P008,22,2100,1463.52,1200,46200,33397.44,12802.56,CABA,Mayorista
V003286,2025-09-04,C036,P007,10,1100,768.44,1800,11000,9484.4,1515.6,CABA,Lavandería
V003287,2025-05-20,C009,P020,12,1700,1043.52,0,20400,12522.24,7877.76,Norte,Lavandería
V003288,2025-08-04,C023,P004,12,1250,721.74,0,15000,8660.88,6339.12,CABA,Revendedor
V003289,2025-07-22,C030,P019,17,1700,921.35,1200,28900,16862.95,12037.05,Norte,Gastronomía
V003290,2025-04-30,C013,P011,25,1250,832.79,3200,31250,24019.75,7230.25,Oeste,Minorista
V003291,2025-08-29,C077,P013,34,1700,1132.27,3200,57800,41697.18,16102.82,CABA,Revendedor
V003292,2025-08-08,C040,P012,35,2600,1332.62,1800,91000,48441.7,42558.3,CABA,Revendedor
V003293,2025-11-09,C078,P006,7,2600,1549.68,1200,18200,12047.76,6152.24,Norte,Minorista
V003294,2025-08-03,C052,P017,5,950,656.03,1200,4750,4480.15,269.85,Sur,Mayorista
V003295,2025-08-08,C058,P001,31,1100,559.95,4500,34100,21858.45,12241.55,Oeste,Gastronomía
V003296,2025-01-06,C024,P010,9,1100,698.63,4500,9900,10787.67,-887.67,Norte,Minorista
V003297,2025-12-19,C079,P017,15,850,492.01,1200,12750,8580.15,4169.85,Oeste,Mayorista
V003298,2025-08-11,C041,P010,1,950,659.28,0,950,659.28,290.72,Norte,Gastronomía
V003299,2025-05-18,C022,P010,18,1100,704.72,4500,19800,17184.96,2615.04,CABA,Mayorista
V003300,2025-12-21,C036,P008,24,850,550.33,1800,20400,15007.92,5392.08,Sur,Lavandería
V003301,2025-06-29,C012,P004,33,2100,1339.31,1800,69300,45997.23,23302.77,Sur,Gastronomía
V003302,2025-01-05,C079,P019,19,950,526.44,1800,18050,11802.36,6247.64,Oeste,Revendedor
V003303,2025-10-04,C080,P003,13,2600,1272.29,1800,33800,18339.77,15460.23,Oeste,Gastronomía
V003304,2025-06-16,C012,P020,4,3200,2234.34,1200,12800,10137.36,2662.64,Sur,Minorista
V003305,2025-12-08,C010,P001,13,1700,972.4,3200,22100,15841.2,6258.8,Norte,Mayorista
V003306,2025-10-23,C076,P006,3,1100,591.85,2500,3300,4275.55,-975.55,Sur,Lavandería
V003307,2025-10-26,C055,P020,12,1100,678.44,1200,13200,9341.28,3858.72,Oeste,Revendedor
V003308,2025-07-16,C012,P019,17,950,646.33,4500,16150,15487.61,662.39,Oeste,Revendedor
V003309,2025-12-13,C003,P020,15,1450,740.13,4500,21750,15601.95,6148.05,Oeste,Gastronomía
V003310,2025-01-02,C049,P014,12,3200,2107.91,1800,38400,27094.92,11305.08,Sur,Mayorista
V003311,2025-04-14,C039,P017,35,3900,2087.35,1200,136500,74257.25,62242.75,Norte,Mayorista
V003312,2025-08-30,C048,P004,34,2100,1227.83,3200,71400,44946.22,26453.78,Norte,Minorista
V003313,2025-09-17,C056,P012,19,1100,603.05,4500,20900,15957.95,4942.05,Oeste,Lavandería
V003314,2025-11-14,C018,P018,22,1700,824.5,1800,37400,19939.0,17461.0,Oeste,Gastronomía
V003315,2025-01-12,C074,P012,11,3200,2022.61,3200,35200,25448.71,9751.29,Norte,Revendedor
V003316,2025-05-20,C062,P001,16,3900,2271.6,3200,62400,39545.6,22854.4,Sur,Gastronomía
V003317,2025-06-17,C027,P011,7,2600,1500.63,0,18200,10504.41,7695.59,Norte,Lavandería
V003318,2025-03-05,C071,P017,13,850,415.68,3200,11050,8603.84,2446.16,Norte,Gastronomía
V003319,2025-03-11,C071,P017,30,1250,880.37,1800,37500,28211.1,9288.9,Sur,Lavandería
V003320,2025-09-22,C056,P014,29,3900,2376.4,3200,113100,72115.6,40984.4,Norte,Lavandería
V003321,2025-01-09,C053,P004,30,850,585.93,2500,25500,20077.9,5422.1,CABA,Minorista
V003322,2025-05-14,C080,P015,6,950,462.0,1200,5700,3972.0,1728.0,Norte,Lavandería
V003323,2025-02-22,C044,P013,31,1700,986.88,4500,52700,35093.28,17606.72,Norte,Minorista
V003324,2025-12-01,C044,P003,35,3200,1860.39,0,112000,65113.65,46886.35,CABA,Lavandería
V003325,2025-09-09,C038,P009,12,1250,685.23,1200,15000,9422.76,5577.24,Norte,Revendedor
V003326,2025-11-24,C056,P019,34,1700,823.61,1800,57800,29802.74,27997.26,Norte,Minorista
V003327,2025-11-27,C043,P014,27,3900,2612.36,1200,105300,71733.72,33566.28,Sur,Gastronomía
V003328,2025-06-09,C006,P005,17,1100,737.99,2500,18700,15045.83,3654.17,CABA,Lavandería
V003329,2025-12-26,C069,P019,11,1700,1143.03,0,18700,12573.33,6126.67,Norte,Minorista
V003330,2025-03-08,C043,P002,16,3200,1784.62,4500,51200,33053.92,18146.08,Sur,Lavandería
V003331,2025-03-30,C049,P010,33,950,599.45,1200,31350,20981.85,10368.15,Norte,Revendedor
V003332,2025-05-06,C053,P018,4,2100,1106.71,3200,8400,7626.84,773.16,Norte,Mayorista
V003333,2025-01-10,C011,P001,6,1100,643.97,3200,6600,7063.82,-463.82,Sur,Revendedor
V003334,2025-06-20,C011,P020,14,850,562.85,4500,11900,12379.9,-479.9,Norte,Mayorista
V003335,2025-12-29,C063,P015,23,3200,1824.8,2500,73600,44470.4,29129.6,CABA,Mayorista
V003336,2025-07-18,C042,P014,10,850,600.85,4500,8500,10508.5,-2008.5,Sur,Mayorista
V003337,2025-05-10,C039,P010,14,3900,2113.64,3200,54600,32790.96,21809.04,Sur,Mayorista
V003338,2025-04-30,C014,P018,5,1100,579.79,1800,5500,4698.95,801.05,Sur,Lavandería
V003339,2025-02-15,C062,P002,29,1250,851.46,2500,36250,27192.34,9057.66,Norte,Gastronomía
V003340,2025-07-02,C060,P015,28,1100,706.25,1200,30800,20975.0,9825.0,Sur,Mayorista
V003341,2025-07-20,C057,P018,21,850,511.93,3200,17850,13950.53,3899.47,Sur,Lavandería
V003342,2025-05-16,C064,P012,18,1450,922.22,1800,26100,18399.96,7700.04,Norte,Mayorista
V003343,2025-10-28,C046,P007,29,2600,1739.22,0,75400,50437.38,24962.62,Oeste,Lavandería
V003344,2025-07-19,C060,P014,31,1450,704.71,1200,44950,23046.01,21903.99,CABA,Lavandería
V003345,2025-08-04,C060,P012,6,1450,903.68,1800,8700,7222.08,1477.92,Oeste,Gastronomía
V003346,2025-02-15,C010,P011,31,1250,795.52,1200,38750,25861.12,12888.88,CABA,Revendedor
V003347,2025-10-29,C008,P002,3,3900,2668.64,4500,11700,12505.92,-805.92,CABA,Lavandería
V003348,2025-07-10,C051,P012,33,1100,591.93,1800,36300,21333.69,14966.31,Norte,Gastronomía
V003349,2025-05-06,C068,P011,28,1700,916.37,1200,47600,26858.36,20741.64,Oeste,Mayorista
V003350,2025-07-30,C056,P002,1,850,461.09,0,850,461.09,388.91,CABA,Minorista
V003351,2025-01-31,C032,P010,24,2100,1047.21,3200,50400,28333.04,22066.96,Sur,Gastronomía
V003352,2025-02-11,C012,P018,7,1700,1020.97,4500,11900,11646.79,253.21,Sur,Gastronomía
V003353,2025-07-25,C055,P003,20,1450,859.69,2500,29000,19693.8,9306.2,CABA,Revendedor
V003354,2025-11-26,C053,P017,32,850,465.26,2500,27200,17388.32,9811.68,Sur,Lavandería
V003355,2025-12-10,C050,P018,10,3900,1886.81,1800,39000,20668.1,18331.9,Oeste,Gastronomía
V003356,2025-07-26,C044,P020,24,850,515.46,3200,20400,15571.04,4828.96,CABA,Gastronomía
V003357,2025-03-26,C030,P008,1,1100,679.6,1200,1100,1879.6,-779.6,Sur,Lavandería
V003358,2025-05-27,C003,P011,18,2600,1672.58,3200,46800,33306.44,13493.56,Sur,Mayorista
V003359,2025-03-21,C009,P009,4,1700,843.43,0,6800,3373.72,3426.28,Sur,Lavandería
V003360,2025-01-17,C040,P016,20,2600,1789.39,1200,52000,36987.8,15012.2,CABA,Gastronomía
V003361,2025-08-21,C065,P011,11,1450,854.41,1800,15950,11198.51,4751.49,Oeste,Minorista
V003362,2025-04-07,C042,P020,17,1450,731.88,4500,24650,16941.96,7708.04,Oeste,Mayorista
V003363,2025-09-16,C062,P008,23,950,578.5,4500,21850,17805.5,4044.5,Sur,Lavandería
V003364,2025-06-08,C064,P016,20,950,502.46,1200,19000,11249.2,7750.8,Norte,Minorista
V003365,2025-09-16,C025,P001,10,1700,1025.76,1200,17000,11457.6,5542.4,Norte,Lavandería
V003366,2025-06-12,C069,P003,23,1250,885.26,3200,28750,23560.98,5189.02,Norte,Mayorista
V003367,2025-12-22,C016,P016,21,1700,1173.74,3200,35700,27848.54,7851.46,CABA,Revendedor
V003368,2025-09-25,C039,P003,11,3200,2288.03,1800,35200,26968.33,8231.67,Norte,Revendedor
V003369,2025-02-26,C049,P015,23,3900,2038.43,3200,89700,50083.89,39616.11,Oeste,Minorista
V003370,2025-10-28,C029,P010,35,3900,1957.83,4500,136500,73024.05,63475.95,CABA,Minorista
V003371,2025-04-11,C069,P003,17,2100,1103.3,1200,35700,19956.1,15743.9,Oeste,Gastronomía
V003372,2025-03-22,C014,P020,24,3900,2305.66,1200,93600,56535.84,37064.16,CABA,Revendedor
V003373,2025-02-22,C023,P003,33,1700,879.13,1200,56100,30211.29,25888.71,Norte,Minorista
V003374,2025-02-14,C038,P013,6,1250,674.84,1800,7500,5849.04,1650.96,Norte,Gastronomía
V003375,2025-04-11,C007,P003,21,1250,611.7,0,26250,12845.7,13404.3,Norte,Gastronomía
V003376,2025-01-06,C058,P015,35,950,609.15,0,33250,21320.25,11929.75,CABA,Revendedor
V003377,2025-07-28,C047,P020,20,1700,946.46,2500,34000,21429.2,12570.8,Sur,Mayorista
V003378,2025-06-06,C042,P010,8,3200,2105.84,1200,25600,18046.72,7553.28,CABA,Mayorista
V003379,2025-07-28,C079,P020,18,1700,878.3,2500,30600,18309.4,12290.6,Norte,Minorista
V003380,2025-11-13,C014,P001,27,950,665.24,4500,25650,22461.48,3188.52,Sur,Lavandería
V003381,2025-12-20,C079,P003,2,850,590.61,4500,1700,5681.22,-3981.22,Oeste,Mayorista
V003382,2025-12-07,C033,P005,8,2100,1277.92,2500,16800,12723.36,4076.64,Oeste,Mayorista
V003383,2025-12-18,C011,P016,23,2100,1093.93,2500,48300,27660.39,20639.61,Sur,Mayorista
V003384,2025-01-16,C068,P007,18,2600,1605.51,4500,46800,33399.18,13400.82,CABA,Minorista
V003385,2025-01-06,C045,P019,15,1100,702.78,4500,16500,15041.7,1458.3,Norte,Lavandería
V003386,2025-03-08,C017,P018,30,850,551.51,1200,25500,17745.3,7754.7,Oeste,Minorista
V003387,2025-01-24,C060,P009,22,3900,2333.77,1200,85800,52542.94,33257.06,Norte,Mayorista
V003388,2025-10-12,C060,P004,10,3900,2199.27,1800,39000,23792.7,15207.3,Norte,Mayorista
V003389,2025-01-23,C043,P017,2,1100,769.17,3200,2200,4738.34,-2538.34,Sur,Minorista
V003390,2025-07-14,C006,P010,2,1100,736.9,1200,2200,2673.8,-473.8,Norte,Minorista
V003391,2025-08-03,C046,P010,31,1450,853.0,2500,44950,28943.0,16007.0,Norte,Minorista
V003392,2025-10-24,C003,P009,6,3200,2282.54,3200,19200,16895.24,2304.76,Norte,Lavandería
V003393,2025-07-20,C034,P007,3,950,661.33,1800,2850,3783.99,-933.99,Norte,Lavandería
V003394,2025-03-10,C029,P017,32,3200,1926.65,3200,102400,64852.8,37547.2,Sur,Lavandería
V003395,2025-06-27,C055,P020,16,950,502.97,4500,15200,12547.52,2652.48,CABA,Lavandería
V003396,2025-11-28,C017,P005,2,950,682.24,4500,1900,5864.48,-3964.48,Oeste,Revendedor
V003397,2025-07-15,C002,P009,31,3900,2131.36,2500,120900,68572.16,52327.84,CABA,Revendedor
V003398,2025-11-12,C002,P007,33,850,450.29,0,28050,14859.57,13190.43,Norte,Revendedor
V003399,2025-10-28,C042,P008,11,3900,2143.3,0,42900,23576.3,19323.7,CABA,Gastronomía
V003400,2025-08-24,C073,P002,24,1250,692.29,1200,30000,17814.96,12185.04,Oeste,Revendedor
V003401,2025-07-03,C012,P014,31,1250,791.88,3200,38750,27748.28,11001.72,Norte,Mayorista
V003402,2025-03-06,C051,P016,1,3200,1732.49,3200,3200,4932.49,-1732.49,Sur,Revendedor
V003403,2025-07-31,C043,P013,10,3900,2705.9,1800,39000,28859.0,10141.0,Oeste,Mayorista
V003404,2025-09-27,C022,P018,1,950,576.14,1200,950,1776.14,-826.14,Oeste,Gastronomía
V003405,2025-04-18,C006,P014,33,3200,1799.31,3200,105600,62577.23,43022.77,Norte,Lavandería
V003406,2025-09-06,C053,P016,33,850,532.61,2500,28050,20076.13,7973.87,Norte,Gastronomía
V003407,2025-10-10,C029,P016,18,1450,895.94,3200,26100,19326.92,6773.08,Sur,Gastronomía
V003408,2025-03-17,C011,P008,23,1250,624.35,2500,28750,16860.05,11889.95,Norte,Gastronomía
V003409,2025-12-17,C043,P020,11,3200,2073.62,2500,35200,25309.82,9890.18,Norte,Revendedor
V003410,2025-12-29,C059,P009,6,950,616.91,1800,5700,5501.46,198.54,Sur,Mayorista
V003411,2025-08-08,C057,P011,8,950,636.1,3200,7600,8288.8,-688.8,Sur,Lavandería
V003412,2025-05-12,C043,P008,18,3900,2252.26,1800,70200,42340.68,27859.32,CABA,Gastronomía
V003413,2025-11-25,C056,P010,8,3900,2249.49,3200,31200,21195.92,10004.08,Sur,Mayorista
V003414,2025-01-05,C007,P019,14,1700,1116.45,1200,23800,16830.3,6969.7,CABA,Minorista
V003415,2025-07-22,C025,P002,6,1700,1050.85,4500,10200,10805.1,-605.1,Oeste,Mayorista
V003416,2025-05-24,C019,P005,34,1450,960.24,4500,49300,37148.16,12151.84,Oeste,Gastronomía
V003417,2025-12-06,C077,P006,31,2100,1214.75,0,65100,37657.25,27442.75,Norte,Lavandería
V003418,2025-12-02,C007,P003,33,850,464.02,1200,28050,16512.66,11537.34,Oeste,Gastronomía
V003419,2025-10-11,C001,P003,22,1250,731.59,1200,27500,17294.98,10205.02,Norte,Revendedor
V003420,2025-07-24,C052,P016,7,1700,949.13,1800,11900,8443.91,3456.09,Sur,Minorista
V003421,2025-06-26,C032,P019,10,2100,1028.62,2500,21000,12786.2,8213.8,Sur,Gastronomía
V003422,2025-07-26,C018,P016,9,850,536.34,4500,7650,9327.06,-1677.06,Oeste,Lavandería
V003423,2025-12-23,C039,P020,5,950,592.64,1200,4750,4163.2,586.8,Norte,Lavandería
V003424,2025-08-16,C020,P017,24,850,442.83,0,20400,10627.92,9772.08,Norte,Gastronomía
V003425,2025-11-29,C028,P018,16,850,545.41,2500,13600,11226.56,2373.44,Norte,Gastronomía
V003426,2025-10-09,C018,P003,11,2100,1099.93,1800,23100,13899.23,9200.77,Oeste,Revendedor
V003427,2025-07-09,C051,P016,33,1450,796.42,2500,47850,28781.86,19068.14,CABA,Lavandería
V003428,2025-10-15,C079,P001,31,1700,849.53,3200,52700,29535.43,23164.57,CABA,Revendedor
V003429,2025-09-16,C009,P015,31,1700,967.09,1200,52700,31179.79,21520.21,Norte,Gastronomía
V003430,2025-02-19,C040,P020,11,1700,900.05,0,18700,9900.55,8799.45,Sur,Gastronomía
V003431,2025-11-14,C070,P006,34,1250,755.2,4500,42500,30176.8,12323.2,Norte,Revendedor
V003432,2025-09-01,C035,P015,29,2100,1184.65,1800,60900,36154.85,24745.15,CABA,Lavandería
V003433,2025-01-10,C047,P011,20,3900,2118.47,4500,78000,46869.4,31130.6,Oeste,Gastronomía
V003434,2025-04-24,C056,P018,31,2600,1311.55,2500,80600,43158.05,37441.95,Oeste,Mayorista
V003435,2025-01-02,C075,P009,4,2600,1500.67,4500,10400,10502.68,-102.68,Oeste,Gastronomía
V003436,2025-02-27,C045,P007,24,3900,2306.13,0,93600,55347.12,38252.88,CABA,Minorista
V003437,2025-02-26,C016,P011,17,2600,1531.83,1200,44200,27241.11,16958.89,Norte,Revendedor
V003438,2025-05-15,C031,P003,17,3200,1907.53,1200,54400,33628.01,20771.99,Norte,Gastronomía
V003439,2025-08-28,C065,P011,26,1450,732.14,1800,37700,20835.64,16864.36,Norte,Lavandería
V003440,2025-06-08,C013,P013,35,1700,1173.22,1800,59500,42862.7,16637.3,Sur,Mayorista
V003441,2025-11-14,C041,P005,16,1100,669.61,1800,17600,12513.76,5086.24,Norte,Revendedor
V003442,2025-01-10,C075,P012,32,3900,2154.12,2500,124800,71431.84,53368.16,Norte,Revendedor
V003443,2025-02-20,C053,P013,3,1100,735.88,3200,3300,5407.64,-2107.64,Norte,Minorista
V003444,2025-04-10,C053,P006,16,1250,822.5,4500,20000,17660.0,2340.0,Norte,Lavandería
V003445,2025-01-01,C039,P001,30,950,513.37,3200,28500,18601.1,9898.9,Sur,Minorista
V003446,2025-05-11,C064,P019,32,1250,892.26,0,40000,28552.32,11447.68,Norte,Gastronomía
V003447,2025-10-20,C044,P002,34,1250,749.79,1800,42500,27292.86,15207.14,Norte,Lavandería
V003448,2025-01-19,C016,P015,2,1250,782.54,2500,2500,4065.08,-1565.08,CABA,Minorista
V003449,2025-02-09,C059,P012,2,850,562.63,2500,1700,3625.26,-1925.26,CABA,Lavandería
V003450,2025-08-24,C074,P009,3,2600,1586.83,4500,7800,9260.49,-1460.49,Oeste,Revendedor
V003451,2025-06-10,C041,P004,26,1100,557.0,1800,28600,16282.0,12318.0,Oeste,Revendedor
V003452,2025-10-27,C055,P015,26,1250,705.88,1200,32500,19552.88,12947.12,Sur,Lavandería
V003453,2025-05-03,C048,P012,34,3900,2253.44,2500,132600,79116.96,53483.04,CABA,Lavandería
V003454,2025-03-07,C018,P018,35,1250,681.03,0,43750,23836.05,19913.95,Oeste,Mayorista
V003455,2025-06-26,C014,P007,1,950,518.04,0,950,518.04,431.96,Sur,Gastronomía
V003456,2025-03-26,C064,P010,15,2100,1212.22,4500,31500,22683.3,8816.7,Oeste,Gastronomía
V003457,2025-09-03,C073,P014,29,950,672.76,1800,27550,21310.04,6239.96,CABA,Mayorista
V003458,2025-12-27,C002,P002,30,1250,841.38,4500,37500,29741.4,7758.6,Sur,Gastronomía
V003459,2025-10-15,C020,P013,2,3200,1669.71,1800,6400,5139.42,1260.58,Oeste,Lavandería
V003460,2025-05-02,C061,P019,17,950,488.26,3200,16150,11500.42,4649.58,Sur,Lavandería
V003461,2025-10-26,C014,P003,9,1100,780.63,1200,9900,8225.67,1674.33,CABA,Gastronomía
V003462,2025-11-17,C022,P011,11,2100,1049.63,0,23100,11545.93,11554.07,Sur,Revendedor
V003463,2025-10-18,C019,P011,20,2100,1500.28,1800,42000,31805.6,10194.4,Sur,Gastronomía
V003464,2025-11-19,C035,P013,24,1250,654.26,4500,30000,20202.24,9797.76,Norte,Gastronomía
V003465,2025-05-27,C010,P004,34,950,637.78,4500,32300,26184.52,6115.48,Norte,Minorista
V003466,2025-04-20,C049,P015,13,3200,2278.17,4500,41600,34116.21,7483.79,Norte,Mayorista
V003467,2025-01-30,C027,P018,35,950,613.32,1200,33250,22666.2,10583.8,Sur,Lavandería
V003468,2025-09-20,C039,P004,35,1450,995.96,0,50750,34858.6,15891.4,Norte,Lavandería
V003469,2025-12-10,C018,P006,2,950,515.52,3200,1900,4231.04,-2331.04,Oeste,Mayorista
V003470,2025-05-05,C042,P009,4,950,481.37,2500,3800,4425.48,-625.48, oeste ,Revendedor
V003471,2025-04-17,C050,P001,13,850,511.66,2500,11050,9151.58,1898.42,Norte,Lavandería
V003472,2025-09-05,C006,P019,1,2100,1341.35,2500,2100,3841.35,-1741.35,Sur,Minorista
V003473,2025-10-06,C031,P015,25,1100,723.48,1800,27500,19887.0,7613.0,CABA,Lavandería
V003474,2025-08-04,C062,P003,27,1100,781.03,2500,29700,23587.81,6112.19,Oeste,Minorista
V003475,2025-05-25,C070,P017,34,2100,1290.7,4500,71400,48383.8,23016.2,Norte,Minorista
V003476,2025-09-14,C050,P019,15,850,454.14,4500,12750,11312.1,1437.9,Oeste,Lavandería
V003477,2025-06-02,C043,P013,17,3900,2273.92,1800,66300,40456.64,25843.36,CABA,Revendedor
V003478,2025-11-10,C011,P013,3,1700,1108.91,4500,5100,7826.73,-2726.73,Oeste,Revendedor
V003479,2025-12-16,C003,P013,17,3900,1903.07,3200,66300,35552.19,30747.81,Sur,Minorista
V003480,2025-04-28,C039,P005,22,950,616.78,3200,20900,16769.16,4130.84,Sur,Minorista
V003481,2025-03-05,C071,P003,24,3200,1976.73,1200,76800,48641.52,28158.48,Sur,Revendedor
V003482,2025-03-14,C075,P013,30,850,502.32,1200,25500,16269.6,9230.4,CABA,Gastronomía
V003483,2025-05-07,C009,P020,16,2100,1375.23,1800,33600,23803.68,9796.32,Oeste,Lavandería
V003484,2025-01-02,C018,P006,8,2100,1295.98,0,16800,10367.84,6432.16,Sur,Gastronomía
V003485,2025-05-22,C066,P001,10,3900,2089.06,1800,39000,22690.6,16309.4,Oeste,Revendedor
V003486,2025-06-02,C025,P020,6,850,491.28,2500,5100,5447.68,-347.68,Oeste,Gastronomía
V003487,2025-02-13,C062,P010,22,1450,827.33,1200,31900,19401.26,12498.74,Norte,Minorista
V003488,2025-01-14,C021,P003,20,850,593.1,0,17000,11862.0,5138.0,Oeste,Revendedor
V003489,2025-05-06,C025,P003,22,1700,1025.4,4500,37400,27058.8,10341.2,Sur,Revendedor
V003490,2025-10-24,C002,P008,22,3900,2296.75,2500,85800,53028.5,32771.5,Sur,Minorista
V003491,2025-09-06,C004,P007,3,1700,983.61,2500,5100,5450.83,-350.83,CABA,Revendedor
V003492,2025-06-05,C010,P005,17,2100,1010.43,0,35700,17177.31,18522.69,Sur,Gastronomía
V003493,2025-10-04,C030,P018,21,1250,671.72,2500,26250,16606.12,9643.88,Norte,Minorista
V003494,2025-10-13,C059,P013,30,2600,1788.18,2500,78000,56145.4,21854.6,CABA,Minorista
V003495,2025-07-18,C036,P008,20,1700,1200.23,4500,34000,28504.6,5495.4,Sur,Mayorista
V003496,2025-02-10,C061,P008,3,1250,667.74,1800,3750,3803.22,-53.22,Sur,Lavandería
V003497,2025-06-20,C064,P009,22,950,633.72,1800,20900,15741.84,5158.16,Norte,Revendedor
V003498,2025-01-23,C076,P010,29,1250,853.11,3200,36250,27940.19,8309.81,CABA,Gastronomía
V003499,2025-07-18,C003,P011,19,1100,655.68,2500,20900,14957.92,5942.08,Norte,Revendedor
V003500,2025-06-03,C062,P014,8,950,480.51,2500,7600,6344.08,1255.92,Sur,Lavandería
V003501,2025-06-07,C058,P012,19,1700,986.68,2500,32300,21246.92,11053.08,Oeste,Revendedor
V003502,2025-10-17,C059,P005,11,2100,1352.29,1200,23100,16075.19,7024.81,Norte,Revendedor
V003503,2025-06-22,C035,P001,14,3900,1881.75,3200,54600,29544.5,25055.5,Norte,Lavandería
V003504,2025-09-28,C045,P014,1,2100,1198.99,3200,2100,4398.99,-2298.99,Oeste,Lavandería
V003505,2025-02-04,C028,P017,9,2100,1402.02,2500,18900,15118.18,3781.82,CABA,Revendedor
V003506,2025-08-15,C057,P015,29,3900,2222.61,0,113100,64455.69,48644.31,Oeste,Revendedor
V003507,2025-10-17,C053,P005,25,1250,749.1,3200,31250,21927.5,9322.5,Oeste,Lavandería
V003508,2025-02-05,C011,P002,29,1250,896.51,0,36250,25998.79,10251.21,Oeste,Revendedor
V003509,2025-11-02,C054,P006,12,850,491.0,4500,10200,10392.0,-192.0,Oeste,Gastronomía
V003510,2025-04-14,C021,P008,13,1250,615.57,1200,16250,9202.41,7047.59,Oeste,Revendedor
V003511,2025-10-29,C030,P009,18,2100,1019.37,2500,37800,20848.66,16951.34,CABA,Lavandería
V003512,2025-10-17,C034,P008,1,2100,1316.43,4500,2100,5816.43,-3716.43,Oeste,Mayorista
V003513,2025-06-24,C057,P018,26,1700,1133.64,3200,44200,32674.64,11525.36,Norte,Minorista
V003514,2025-03-11,C065,P011,16,2600,1694.41,0,41600,27110.56,14489.44,CABA,Lavandería
V003515,2025-05-16,C033,P017,22,1450,881.03,1800,31900,21182.66,10717.34,Oeste,Minorista
V003516,2025-03-01,C075,P017,1,1450,754.02,1800,1450,2554.02,-1104.02,Norte,Mayorista
V003517,2025-09-29,C001,P011,16,2600,1503.96,1800,41600,25863.36,15736.64,Oeste,Gastronomía
V003518,2025-06-20,C004,P016,28,3200,1943.07,2500,89600,56905.96,32694.04,Sur,Minorista
V003519,2025-12-14,C024,P002,15,3900,2762.09,1200,58500,42631.35,15868.65,CABA,Mayorista
V003520,2025-02-08,C062,P002,6,3900,2778.83,1800,23400,18472.98,4927.02,Sur,Lavandería
V003521,2025-04-17,C076,P019,9,3200,2158.93,3200,28800,22630.37,6169.63,Sur,Mayorista
V003522,2025-09-23,C064,P007,5,1450,974.9,1800,7250,6674.5,575.5,Norte,Lavandería
V003523,2025-03-30,C074,P004,31,3900,2239.19,1800,120900,71214.89,49685.11,CABA,Lavandería
V003524,2025-01-05,C031,P007,12,3200,1963.55,0,38400,23562.6,14837.4,Sur,Minorista
V003525,2025-01-10,C042,P003,3,1100,667.15,1800,3300,3801.45,-501.45,Norte,Minorista
V003526,2025-03-18,C003,P005,11,850,424.78,2500,9350,7172.58,2177.42,Norte,Gastronomía
V003527,2025-07-07,C035,P003,26,1450,880.38,3200,37700,26089.88,11610.12,Oeste,Minorista
V003528,2025-01-29,C035,P013,27,1100,758.85,1800,29700,22288.95,7411.05,CABA,Minorista
V003529,2025-07-02,C022,P013,29,1450,791.97,0,42050,22967.13,19082.87,Oeste,Lavandería
V003530,2025-01-29,C062,P018,22,1450,951.76,1200,31900,22138.72,9761.28,Oeste,Minorista
V003531,2025-10-21,C048,P017,32,1100,766.15,4500,35200,29016.8,6183.2,Oeste,Lavandería
V003532,2025-10-01,C002,P014,4,950,653.09,1800,3800,4412.36,-612.36,Sur,Revendedor
V003533,2025-03-20,C030,P005,26,2600,1295.1,4500,67600,38172.6,29427.4,Norte,Revendedor
V003534,2025-12-27,C013,P020,30,850,427.51,0,25500,12825.3,12674.7,CABA,Revendedor
V003535,2025-08-10,C064,P020,31,1100,535.32,1200,34100,17794.92,16305.08,Norte,Minorista
V003536,2025-10-20,C017,P002,8,3200,1654.84,4500,25600,17738.72,7861.28,Norte,Mayorista
V003537,2025-05-02,C030,P005,29,850,577.59,3200,24650,19950.11,4699.89,Oeste,Lavandería
V003538,2025-10-27,C044,P017,11,3900,2723.28,1800,42900,31756.08,11143.92,Norte,Gastronomía
V003539,2025-03-05,C010,P014,14,3900,2476.59,0,54600,34672.26,19927.74,Norte,Revendedor
V003540,2025-03-26,C003,P015,22,2600,1436.89,0,57200,31611.58,25588.42,Norte,Mayorista
V003541,2025-06-03,C072,P015,16,3900,2257.67,2500,62400,38622.72,23777.28,Oeste,Gastronomía
V003542,2025-11-04,C011,P017,35,1250,807.93,1200,43750,29477.55,14272.45,Norte,Revendedor
V003543,2025-08-29,C058,P008,28,2600,1547.53,1800,72800,45130.84,27669.16,Norte,Mayorista
V003544,2025-11-22,C040,P007,22,1450,912.68,2500,31900,22578.96,9321.04,Sur,Mayorista
V003545,2025-11-06,C049,P012,31,950,532.96,2500,29450,19021.76,10428.24,Norte,Mayorista
V003546,2025-09-23,C006,P006,4,1250,681.06,3200,5000,5924.24,-924.24,CABA,Gastronomía
V003547,2025-03-06,C038,P016,27,850,535.8,4500,22950,18966.6,3983.4,CABA,Revendedor
V003548,2025-05-27,C002,P020,5,2100,1360.3,2500,10500,9301.5,1198.5,Oeste,Lavandería
V003549,2025-08-01,C017,P010,11,2100,1200.5,4500,23100,17705.5,5394.5,Oeste,Mayorista
V003550,2025-07-07,C034,P020,10,850,453.05,3200,8500,7730.5,769.5,Oeste,Minorista
V003551,2025-11-01,C011,P009,4,950,610.76,1200,3800,3643.04,156.96,Sur,Mayorista
V003552,2025-02-25,C015,P015,12,1100,632.54,0,13200,7590.48,5609.52,Norte,Lavandería
V003553,2025-06-18,C054,P019,1,850,537.36,3200,850,3737.36,-2887.36,Norte,Mayorista
V003554,2025-11-09,C029,P007,22,3900,2365.73,4500,85800,56546.06,29253.94,Norte,Lavandería
V003555,2025-06-06,C021,P006,35,1250,850.22,4500,43750,34257.7,9492.3,Norte,Revendedor
V003556,2025-08-02,C054,P016,31,950,680.11,1200,29450,22283.41,7166.59,CABA,Mayorista
V003557,2025-03-27,C056,P006,20,2600,1702.64,1200,52000,35252.8,16747.2,Sur,Gastronomía
V003558,2025-01-06,C006,P007,10,3900,2398.75,3200,39000,27187.5,11812.5,CABA,Minorista
V003559,2025-08-10,C039,P015,27,950,653.14,4500,25650,22134.78,3515.22,Norte,Gastronomía
V003560,2025-03-16,C058,P017,32,1250,852.61,4500,40000,31783.52,8216.48,Norte,Gastronomía
V003561,2025-05-14,C007,P010,12,1250,637.48,3200,15000,10849.76,4150.24,Sur,Revendedor
V003562,2025-03-15,C008,P014,29,1700,1147.06,1800,49300,35064.74,14235.26,Oeste,Revendedor
V003563,2025-04-11,C040,P008,26,3900,1889.99,1800,101400,50939.74,50460.26,Oeste,Revendedor
V003564,2025-04-04,C045,P006,33,2600,1596.15,1200,85800,53872.95,31927.05,Norte,Lavandería
V003565,2025-04-12,C032,P017,7,1250,673.88,2500,8750,7217.16,1532.84,Oeste,Gastronomía
V003566,2025-06-24,C032,P007,4,1100,788.24,2500,4400,5652.96,-1252.96,Norte,Minorista
V003567,2025-04-02,C020,P010,31,1450,703.53,3200,44950,25009.43,19940.57,Norte,Mayorista
V003568,2025-08-23,C021,P002,16,1250,704.05,1800,20000,13064.8,6935.2,CABA,Lavandería
V003569,2025-01-25,C017,P008,9,1700,855.1,0,15300,7695.9,7604.1,Sur,Minorista
V003570,2025-07-07,C046,P011,35,2600,1281.78,3200,91000,48062.3,42937.7,Norte,Minorista
V003571,2025-05-20,C020,P005,20,1700,976.45,0,34000,19529.0,14471.0,CABA,Revendedor
V003572,2025-11-14,C021,P012,24,950,486.0,1200,22800,12864.0,9936.0,CABA,Lavandería
V003573,2025-09-22,C010,P019,6,1250,846.69,4500,7500,9580.14,-2080.14,Norte,Minorista
V003574,2025-06-28,C029,P010,17,950,596.56,2500,16150,12641.52,3508.48,CABA,Gastronomía
V003575,2025-12-21,C064,P011,23,2600,1840.42,2500,59800,44829.66,14970.34,Sur,Mayorista
V003576,2025-03-30,C066,P005,18,2100,1132.0,2500,37800,22876.0,14924.0,CABA,Lavandería
V003577,2025-03-10,C010,P018,24,2100,1127.67,1200,50400,28264.08,22135.92,CABA,Minorista
V003578,2025-08-23,C056,P003,21,850,466.99,0,17850,9806.79,8043.21,Norte,Revendedor
V003579,2025-10-15,C050,P017,23,2100,1308.21,2500,48300,32588.83,15711.17,CABA,Gastronomía
V003580,2025-04-08,C028,P014,2,3200,1568.28,3200,6400,6336.56,63.44,CABA,Minorista
V003581,2025-01-23,C011,P010,27,950,649.7,4500,25650,22041.9,3608.1,Oeste,Revendedor
V003582,2025-03-18,C063,P017,34,3200,1963.98,3200,108800,69975.32,38824.68,Oeste,Minorista
V003583,2025-05-24,C051,P004,25,1250,766.46,0,31250,19161.5,12088.5,Sur,Revendedor
V003584,2025-08-31,C069,P012,6,3200,2163.69,1800,19200,14782.14,4417.86,Sur,Revendedor
V003585,2025-01-24,C045,P002,25,1700,1221.25,3200,42500,33731.25,8768.75,Oeste,Lavandería
V003586,2025-09-03,C023,P017,3,850,505.75,1200,2550,2717.25,-167.25,Sur,Mayorista
V003587,2025-01-01,C071,P004,19,2600,1344.31,1200,49400,26741.89,22658.11,Sur,Mayorista
V003588,2025-06-30,C054,P010,2,2600,1569.84,4500,5200,7639.68,-2439.68,CABA,Revendedor
V003589,2025-04-24,C007,P013,29,3200,2119.86,3200,92800,64675.94,28124.06,Norte,Minorista
V003590,2025-11-25,C033,P012,19,3900,2385.51,2500,74100,47824.69,26275.31,Sur,Minorista
V003591,2025-05-14,C050,P016,17,3900,1905.06,2500,66300,34886.02,31413.98,Sur,Revendedor
V003592,2025-09-21,C054,P015,24,950,653.99,1800,22800,17495.76,5304.24,Sur,Minorista
V003593,2025-02-13,C055,P010,23,2100,1030.9,4500,48300,28210.7,20089.3,Norte,Lavandería
V003594,2025-04-17,C039,P008,6,3200,1573.49,4500,19200,13940.94,5259.06,Sur,Mayorista
V003595,2025-10-29,C019,P001,3,1100,620.27,1800,3300,3660.81,-360.81,Sur,Gastronomía
V003596,2025-04-20,C031,P016,31,2600,1743.83,0,80600,54058.73,26541.27,Oeste,Minorista
V003597,2025-07-13,C064,P018,31,950,590.95,1200,29450,19519.45,9930.55,Sur,Minorista
V003598,2025-07-10,C037,P018,31,1100,531.33,0,34100,16471.23,17628.77,Oeste,Gastronomía
V003599,2025-12-07,C008,P005,24,1450,813.28,0,34800,19518.72,15281.28,CABA,Gastronomía
V003600,2025-06-01,C076,P002,33,850,543.82,3200,28050,21146.06,6903.94,Oeste,Revendedor
V003601,2025-09-11,C052,P015,16,3200,1927.68,1200,51200,32042.88,19157.12,Norte,Lavandería
V003602,2025-02-19,C051,P007,1,1250,839.5,1800,1250,2639.5,-1389.5,Oeste,Revendedor
V003603,2025-04-23,C008,P001,2,3900,1946.38,1200,7800,5092.76,2707.24,Norte,Mayorista
V003604,2025-11-11,C040,P020,15,850,508.31,4500,12750,12124.65,625.35,Norte,Minorista
V003605,2025-08-13,C073,P019,27,1700,1220.07,2500,45900,35441.89,10458.11,Sur,Mayorista
V003606,2025-09-20,C080,P016,13,1700,856.71,3200,22100,14337.23,7762.77,Sur,Mayorista
V003607,2025-03-16,C044,P005,29,1700,1073.79,0,49300,31139.91,18160.09,CABA,Mayorista
V003608,2025-03-07,C032,P002,9,1250,868.99,1800,11250,9620.91,1629.09,CABA,Gastronomía
V003609,2025-07-15,C060,P015,7,1100,622.89,4500,7700,8860.23,-1160.23,Norte,Revendedor
V003610,2025-10-16,C006,P009,7,3200,2189.45,1200,22400,16526.15,5873.85,CABA,Gastronomía
V003611,2025-02-05,C053,P013,28,850,552.77,0,23800,15477.56,8322.44,Oeste,Mayorista
V003612,2025-10-24,C017,P016,34,3200,1761.73,1800,108800,61698.82,47101.18,Sur,Revendedor
V003613,2025-01-18,C075,P018,25,1250,724.89,1800,31250,19922.25,11327.75,Oeste,Lavandería
V003614,2025-07-20,C079,P011,19,1450,801.42,0,27550,15226.98,12323.02,Oeste,Mayorista
V003615,2025-05-13,C072,P005,17,3200,1953.96,2500,54400,35717.32,18682.68,Oeste,Minorista
V003616,2025-05-06,C060,P008,30,950,524.45,0,28500,15733.5,12766.5,Oeste,Minorista
V003617,2025-02-26,C069,P002,10,2100,1350.24,4500,21000,18002.4,2997.6,CABA,Gastronomía
V003618,2025-03-04,C078,P008,27,850,486.18,0,22950,13126.86,9823.14,Norte,Lavandería
V003619,2025-02-17,C065,P019,8,950,641.72,3200,7600,8333.76,-733.76,Oeste,Gastronomía
V003620,2025-07-13,C077,P005,20,2600,1503.35,3200,52000,33267.0,18733.0,Oeste,Gastronomía
V003621,2025-02-02,C006,P008,17,950,520.05,1200,16150,10040.85,6109.15,CABA,Revendedor
V003622,2025-02-23,C015,P018,7,1450,699.38,1800,10150,6695.66,3454.34,CABA,Mayorista
V003623,2025-03-22,C041,P004,29,3900,2497.73,1800,113100,74234.17,38865.83,Norte,Lavandería
V003624,2025-01-20,C065,P012,27,850,524.8,1800,22950,15969.6,6980.4,CABA,Lavandería
V003625,2025-08-21,C013,P010,33,2600,1576.58,0,85800,52027.14,33772.86,CABA,Mayorista
V003626,2025-02-23,C034,P012,25,1450,805.52,1200,36250,21338.0,14912.0,Oeste,Lavandería
V003627,2025-06-17,C061,P020,18,850,500.82,1800,15300,10814.76,4485.24,CABA,Mayorista
V003628,2025-04-20,C058,P009,17,3900,2459.23,3200,66300,45006.91,21293.09,Sur,Minorista
V003629,2025-11-06,C030,P008,7,1250,717.96,3200,8750,8225.72,524.28,Norte,Minorista
V003630,2025-04-06,C052,P010,5,850,578.02,0,4250,2890.1,1359.9,Oeste,Mayorista
V003631,2025-08-07,C058,P012,15,950,616.24,3200,14250,12443.6,1806.4,CABA,Gastronomía
V003632,2025-09-08,C051,P008,6,850,424.57,3200,5100,5747.42,-647.42,Sur,Gastronomía
V003633,2025-06-01,C053,P004,11,1700,908.15,0,18700,9989.65,8710.35,Sur,Gastronomía
V003634,2025-01-11,C008,P009,29,1450,1026.8,2500,42050,32277.2,9772.8,Sur,Revendedor
V003635,2025-06-03,C072,P013,34,3900,2126.24,1800,132600,74092.16,58507.84,CABA,Lavandería
V003636,2025-01-07,C032,P013,7,850,609.6,2500,5950,6767.2,-817.2,Sur,Minorista
V003637,2025-02-06,C057,P016,15,2600,1443.44,1800,39000,23451.6,15548.4,Oeste,Mayorista
V003638,2025-01-19,C057,P017,7,950,668.4,0,6650,4678.8,1971.2,Sur,Minorista
V003639,2025-10-21,C055,P002,3,1450,910.4,1200,4350,3931.2,418.8,CABA,Gastronomía
V003640,2025-05-27,C038,P003,23,1700,1162.48,2500,39100,29237.04,9862.96,Sur,Gastronomía
V003641,2025-04-27,C030,P008,34,1450,926.93,4500,49300,36015.62,13284.38,Sur,Gastronomía
V003642,2025-07-11,C021,P008,7,2600,1732.32,0,18200,12126.24,6073.76,Oeste,Mayorista
V003643,2025-07-04,C032,P001,4,1450,910.78,3200,5800,6843.12,-1043.12,Oeste,Lavandería
V003644,2025-11-17,C052,P012,14,2100,1369.69,4500,29400,23675.66,5724.34,Sur,Lavandería
V003645,2025-05-01,C014,P015,14,3900,2685.43,2500,54600,40096.02,14503.98,Oeste,Gastronomía
V003646,2025-09-17,C064,P005,13,3200,2167.82,3200,41600,31381.66,10218.34,Sur,Gastronomía
V003647,2025-12-05,C032,P020,10,2600,1659.12,2500,26000,19091.2,6908.8,Sur,MINORISTA
V003648,2025-05-14,C011,P008,18,3900,2059.91,0,70200,37078.38,33121.62,Sur,Revendedor
V003649,2025-07-19,C057,P002,28,850,482.52,3200,23800,16710.56,7089.44,CABA,Lavandería
V003650,2025-04-28,C041,P015,9,950,656.83,0,8550,5911.47,2638.53,Sur,Mayorista
V003651,2025-06-23,C004,P013,13,1700,1122.05,2500,22100,17086.65,5013.35,Norte,Lavandería
V003652,2025-04-17,C076,P018,29,850,428.73,1800,24650,14233.17,10416.83,Norte,Gastronomía
V003653,2025-09-06,C001,P008,16,1450,926.17,2500,23200,17318.72,5881.28,CABA,Revendedor
V003654,2025-07-22,C051,P019,10,1700,947.44,3200,17000,12674.4,4325.6,CABA,Gastronomía
V003655,2025-01-13,C080,P006,25,850,409.45,4500,21250,14736.25,6513.75,CABA,Minorista
V003656,2025-12-08,C008,P003,21,2100,1045.19,0,44100,21948.99,22151.01,Sur,Mayorista
V003657,2025-10-15,C034,P009,33,950,487.76,0,31350,16096.08,15253.92,Oeste,Minorista
V003658,2025-01-25,C072,P017,9,1250,759.26,1800,11250,8633.34,2616.66,Sur,Revendedor
V003659,2025-11-16,C007,P018,26,2600,1327.78,4500,67600,39022.28,28577.72,Oeste,Minorista
V003660,2025-02-01,C034,P009,34,950,568.58,2500,32300,21831.72,10468.28,Oeste,Lavandería
V003661,2025-07-05,C041,P014,5,3900,2001.64,0,19500,10008.2,9491.8,Oeste,Mayorista
V003662,2025-01-11,C053,P007,6,3200,2094.52,2500,19200,15067.12,4132.88,Norte,Minorista
V003663,2025-09-04,C050,P003,15,850,439.73,2500,12750,9095.95,3654.05,Norte,Minorista
V003664,2025-12-20,C056,P020,16,2100,1263.4,1800,33600,22014.4,11585.6,CABA,Lavandería
V003665,2025-08-25,C056,P009,1,1250,644.2,3200,1250,3844.2,-2594.2,CABA,Revendedor
V003666,2025-04-27,C023,P011,9,3200,1650.57,4500,28800,19355.13,9444.87,Sur,Lavandería
V003667,2025-02-22,C023,P013,16,2600,1611.9,3200,41600,28990.4,12609.6,Norte,Mayorista
V003668,2025-04-06,C041,P006,27,1450,785.83,4500,39150,25717.41,13432.59,Norte,Mayorista
V003669,2025-11-19,C055,P018,28,3200,1622.76,0,89600,45437.28,44162.72,CABA,Gastronomía
V003670,2025-04-24,C029,P002,28,1450,704.46,4500,40600,24224.88,16375.12,CABA,Gastronomía
V003671,2025-10-15,C064,P016,6,1700,945.44,1800,10200,7472.64,2727.36,CABA,Lavandería
V003672,2025-12-24,C022,P016,34,2600,1827.74,0,88400,62143.16,26256.84,Oeste,Gastronomía
V003673,2025-10-23,C013,P005,2,1450,1028.18,1200,2900,3256.36,-356.36,Sur,Mayorista
V003674,2025-03-01,C053,P006,26,2100,1373.32,1200,54600,36906.32,17693.68,Oeste,Mayorista
V003675,2025-06-15,C066,P010,5,3200,2147.56,1200,16000,11937.8,4062.2,Norte,Gastronomía
V003676,2025-12-03,C080,P019,32,2600,1728.21,4500,83200,59802.72,23397.28,Sur,Revendedor
V003677,2025-04-11,C078,P012,32,3900,2167.63,1800,124800,71164.16,53635.84,CABA,Revendedor
V003678,2025-11-26,C019,P009,29,1450,933.4,0,42050,27068.6,14981.4,CABA,Lavandería
V003679,2025-12-12,C028,P013,30,850,452.56,3200,25500,16776.8,8723.2,Sur,Mayorista
V003680,2025-07-01,C051,P015,28,950,479.58,1800,26600,15228.24,11371.76,Norte,Mayorista
V003681,2025-04-16,C027,P001,1,3200,1568.99,2500,3200,4068.99,-868.99,Oeste,Minorista
V003682,2025-09-18,C019,P019,11,1450,1041.99,3200,15950,14661.89,1288.11,Oeste,Revendedor
V003683,2025-08-27,C029,P006,8,850,589.15,4500,6800,9213.2,-2413.2,Oeste,Minorista
V003684,2025-03-29,C057,P008,28,1700,1127.1,1800,47600,33358.8,14241.2,Norte,Mayorista
V003685,2025-04-05,C001,P016,9,850,421.07,2500,7650,6289.63,1360.37,CABA,Revendedor
V003686,2025-06-01,C018,P018,31,1450,984.7,0,44950,30525.7,14424.3,Sur,Mayorista
V003687,2025-09-08,C079,P014,14,2100,1172.43,1200,29400,17614.02,11785.98,Norte,Gastronomía
V003688,2025-06-19,C012,P001,2,1700,1177.08,0,3400,2354.16,1045.84,CABA,Revendedor
V003689,2025-06-05,C069,P009,9,1100,641.33,1200,9900,6971.97,2928.03,Oeste,Minorista
V003690,2025-01-07,C027,P014,1,2600,1332.02,1200,2600,2532.02,67.98,Norte,Minorista
V003691,2025-03-20,C068,P008,1,1250,800.9,4500,1250,5300.9,-4050.9,Oeste,Gastronomía
V003692,2025-04-12,C059,P011,14,3900,1979.39,2500,54600,30211.46,24388.54,Oeste,Revendedor
V003693,2025-01-16,C078,P004,27,2100,1119.44,2500,56700,32724.88,23975.12,Sur,Revendedor
V003694,2025-07-17,C072,P016,20,850,458.74,0,17000,9174.8,7825.2,Norte,Gastronomía
V003695,2025-05-23,C033,P003,2,2100,1058.19,2500,4200,4616.38,-416.38,Norte,Revendedor
V003696,2025-08-26,C001,P001,35,1450,796.97,4500,50750,32393.95,18356.05,Norte,Revendedor
V003697,2025-01-15,C013,P011,7,2600,1502.1,1200,18200,11714.7,6485.3,Sur,Mayorista
V003698,2025-09-22,C001,P019,9,1450,729.37,1800,13050,8364.33,4685.67,CABA,Gastronomía
V003699,2025-01-10,C079,P014,27,950,622.62,1200,25650,18010.74,7639.26,CABA,Gastronomía
V003700,2025-03-25,C043,P012,11,1250,808.89,1200,13750,10097.79,3652.21,CABA,Gastronomía
V003701,2025-09-15,C071,P007,30,2600,1644.84,1200,78000,50545.2,27454.8,Norte,Gastronomía
V003702,2025-01-30,C040,P016,26,1100,775.74,4500,28600,24669.24,3930.76,Oeste,Revendedor
V003703,2025-07-06,C006,P004,6,950,664.54,1200,5700,5187.24,512.76,Norte,Gastronomía
V003704,2025-09-17,C056,P006,30,2600,1687.37,3200,78000,53821.1,24178.9,Oeste,Lavandería
V003705,2025-01-21,C029,P003,29,1450,880.97,0,42050,25548.13,16501.87,Oeste,Minorista
V003706,2025-05-11,C046,P018,33,850,552.17,3200,28050,21421.61,6628.39,Sur,Minorista
V003707,2025-10-06,C056,P003,20,1100,575.02,1200,22000,12700.4,9299.6,Norte,Gastronomía
V003708,2025-12-21,C038,P012,12,850,474.5,1800,10200,7494.0,2706.0,Sur,Lavandería
V003709,2025-06-14,C057,P016,6,950,611.18,2500,5700,6167.08,-467.08,Oeste,Minorista
V003710,2025-12-29,C040,P011,30,2100,1497.67,2500,63000,47430.1,15569.9,Norte,Gastronomía
V003711,2025-12-16,C014,P003,25,850,520.1,1800,21250,14802.5,6447.5,Sur,Minorista
V003712,2025-02-25,C045,P006,12,950,633.06,1200,11400,8796.72,2603.28,Sur,Revendedor
V003713,2025-11-01,C049,P002,1,3200,1686.34,2500,3200,4186.34,-986.34,Sur,Minorista
V003714,2025-03-08,C065,P019,34,3900,2449.91,1200,132600,84496.94,48103.06,CABA,Lavandería
V003715,2025-05-24,C050,P004,8,1250,819.16,3200,10000,9753.28,246.72,Sur,Revendedor
V003716,2025-11-01,C017,P015,7,1700,1099.94,0,11900,7699.58,4200.42,Oeste,Mayorista
V003717,2025-09-24,C063,P018,34,1700,1176.07,1200,57800,41186.38,16613.62,Norte,Revendedor
V003718,2025-11-11,C066,P013,33,950,580.51,1800,31350,20956.83,10393.17,Oeste,Revendedor
V003719,2025-08-28,C051,P008,4,3900,1880.01,0,15600,7520.04,8079.96,Sur,Mayorista
V003720,2025-09-12,C076,P010,20,1450,804.8,4500,29000,20596.0,8404.0,Norte,Gastronomía
V003721,2025-05-22,C015,P002,29,2100,1301.09,1200,60900,38931.61,21968.39,Sur,Mayorista
V003722,2025-07-17,C044,P010,15,1450,963.47,1800,21750,16252.05,5497.95,CABA,Lavandería
V003723,2025-01-16,C034,P008,22,3900,2482.51,3200,85800,57815.22,27984.78,Oeste,Revendedor
V003724,2025-09-22,C043,P019,4,2600,1754.92,4500,10400,11519.68,-1119.68,Sur,Gastronomía
V003725,2025-09-17,C041,P015,33,1250,876.58,2500,41250,31427.14,9822.86,Norte,Lavandería
V003726,2025-12-07,C071,P003,25,2600,1576.38,1200,65000,40609.5,24390.5,Norte,Minorista
V003727,2025-09-08,C027,P002,29,950,639.85,2500,27550,21055.65,6494.35,Sur,Lavandería
V003728,2025-02-18,C025,P011,2,850,508.35,3200,1700,4216.7,-2516.7,Oeste,Lavandería
V003729,2025-10-26,C021,P005,13,1250,814.65,3200,16250,13790.45,2459.55,Norte,Gastronomía
V003730,2025-01-07,C031,P007,27,3900,2422.25,1800,105300,67200.75,38099.25,Oeste,Revendedor
V003731,2025-06-20,C006,P006,15,950,630.42,1200,14250,10656.3,3593.7,Sur,Gastronomía
V003732,2025-04-11,C021,P015,16,1700,1099.3,4500,27200,22088.8,5111.2,Norte,Minorista
V003733,2025-05-26,C080,P015,10,1450,902.79,0,14500,9027.9,5472.1,Oeste,Mayorista
V003734,2025-03-07,C032,P009,31,2600,1294.7,2500,80600,42635.7,37964.3,Norte,Minorista
V003735,2025-10-27,C032,P012,21,1700,956.63,2500,35700,22589.23,13110.77,CABA,Mayorista
V003736,2025-01-19,C006,P014,8,2600,1404.92,1200,20800,12439.36,8360.64,Sur,Gastronomía
V003737,2025-05-16,C047,P019,18,2600,1746.7,0,46800,31440.6,15359.4,Oeste,Minorista
V003738,2025-10-10,C073,P008,6,1100,654.09,4500,6600,8424.54,-1824.54,CABA,Lavandería
V003739,2025-06-16,C004,P015,26,950,662.6,1200,24700,18427.6,6272.4,Oeste,Revendedor
V003740,2025-11-29,C031,P001,24,2100,1157.2,2500,50400,30272.8,20127.2,Norte,Mayorista
V003741,2025-12-10,C001,P009,24,1700,948.13,1800,40800,24555.12,16244.88,Norte,Minorista
V003742,2025-03-06,C053,P007,22,2100,1011.33,2500,46200,24749.26,21450.74,Sur,Revendedor
V003743,2025-11-07,C040,P007,15,1100,656.87,1200,16500,11053.05,5446.95,CABA,Gastronomía
V003744,2025-12-14,C053,P002,2,3200,1672.66,4500,6400,7845.32,-1445.32,Oeste,Lavandería
V003745,2025-10-17,C049,P005,28,3900,1888.26,4500,109200,57371.28,51828.72,Oeste,Mayorista
V003746,2025-02-01,C073,P015,24,1700,1092.03,2500,40800,28708.72,12091.28,CABA,Lavandería
V003747,2025-11-07,C005,P014,30,850,595.21,0,25500,17856.3,7643.7,Norte,Minorista
V003748,2025-03-30,C005,P002,14,3900,2666.05,1800,54600,39124.7,15475.3,Norte,Revendedor
V003749,2025-01-17,C059,P014,31,1100,768.86,2500,34100,26334.66,7765.34,Oeste,Minorista
V003750,2025-10-10,C025,P008,15,3900,2559.67,0,58500,38395.05,20104.95,Oeste,Revendedor
V003751,2025-07-13,C079,P005,8,850,581.42,1200,6800,5851.36,948.64,CABA,Lavandería
V003752,2025-02-13,C021,P006,27,850,584.64,3200,22950,18985.28,3964.72,Oeste,Mayorista
V003753,2025-09-19,C030,P015,29,1450,759.28,0,42050,22019.12,20030.88,Norte,Gastronomía
V003754,2025-11-14,C072,P011,32,3200,1947.22,2500,102400,64811.04,37588.96,Oeste,Revendedor
V003755,2025-03-16,C008,P013,13,1100,569.92,4500,14300,11908.96,2391.04,CABA,Minorista
V003756,2025-03-27,C054,P019,4,1450,786.02,4500,5800,7644.08,-1844.08,Sur,Gastronomía
V003757,2025-09-15,C075,P011,9,1450,866.89,0,13050,7802.01,5247.99,Sur,Minorista
V003758,2025-11-28,C055,P009,29,1100,711.42,1800,31900,22431.18,9468.82,Norte,Mayorista
V003759,2025-07-05,C060,P007,29,3200,1893.72,1800,92800,56717.88,36082.12,Sur,Lavandería
V003760,2025-10-08,C069,P009,1,2600,1250.25,4500,2600,5750.25,-3150.25,Norte,Lavandería
V003761,2025-06-12,C062,P015,30,850,610.78,0,25500,18323.4,7176.6,Oeste,Revendedor
V003762,2025-09-21,C065,P020,30,1100,672.08,1200,33000,21362.4,11637.6,Sur,Revendedor
V003763,2025-02-01,C077,P005,33,1100,763.91,4500,36300,29709.03,6590.97,CABA,Lavandería
V003764,2025-05-12,C016,P015,2,850,477.69,2500,1700,3455.38,-1755.38,CABA,Revendedor
V003765,2025-08-06,C005,P011,25,2100,1281.55,0,52500,32038.75,20461.25,Oeste,Minorista
V003766,2025-12-20,C052,P013,20,2600,1852.91,3200,52000,40258.2,11741.8,Norte,Minorista
V003767,2025-03-15,C060,P019,34,1250,869.27,1200,42500,30755.18,11744.82,Norte,Mayorista
V003768,2025-10-13,C047,P008,24,1450,724.96,2500,34800,19899.04,14900.96,CABA,Minorista
V003769,2025-10-23,C078,P003,17,3200,1551.15,2500,54400,28869.55,25530.45,CABA,Minorista
V003770,2025-08-30,C001,P017,26,2600,1792.27,0,67600,46599.02,21000.98,Norte,Mayorista
V003771,2025-01-21,C062,P015,7,850,504.14,1800,5950,5328.98,621.02,CABA,Gastronomía
V003772,2025-04-26,C029,P014,24,2600,1620.59,2500,62400,41394.16,21005.84,Oeste,Gastronomía
V003773,2025-07-31,C011,P002,21,950,476.88,3200,19950,13214.48,6735.52,CABA,Minorista
V003774,2025-12-13,C061,P002,7,2600,1594.49,1800,18200,12961.43,5238.57,CABA,Mayorista
V003775,2025-01-07,C048,P002,10,1700,1087.37,3200,17000,14073.7,2926.3,Sur,Mayorista
V003776,2025-12-18,C030,P020,12,850,424.71,4500,10200,9596.52,603.48,Oeste,Revendedor
V003777,2025-08-29,C047,P020,31,1450,921.65,4500,44950,33071.15,11878.85,Norte,Mayorista
V003778,2025-11-03,C055,P011,29,1450,784.53,1200,42050,23951.37,18098.63,Norte,Mayorista
V003779,2025-07-16,C079,P009,11,850,465.38,2500,9350,7619.18,1730.82,Norte,Minorista
V003780,2025-06-28,C028,P015,19,850,600.0,4500,16150,15900.0,250.0,Norte,Minorista
V003781,2025-04-07,C031,P015,15,2600,1740.59,2500,39000,28608.85,10391.15,Sur,Lavandería
V003782,2025-10-01,C015,P013,1,3200,1781.94,2500,3200,4281.94,-1081.94,CABA,Lavandería
V003783,2025-06-04,C077,P002,24,3200,1765.07,4500,76800,46861.68,29938.32,Sur,Revendedor
V003784,2025-09-18,C011,P009,18,3900,2445.09,3200,70200,47211.62,22988.38,CABA,Mayorista
V003785,2025-06-22,C065,P013,11,1450,951.6,4500,15950,14967.6,982.4,Norte,Lavandería
V003786,2025-05-11,C034,P011,2,3900,2449.7,3200,7800,8099.4,-299.4,Sur,Mayorista
V003787,2025-04-04,C034,P012,16,1700,875.31,2500,27200,16504.96,10695.04,CABA,Minorista
V003788,2025-03-01,C012,P002,34,1700,1142.68,0,57800,38851.12,18948.88,Norte,Lavandería
V003789,2025-12-13,C055,P017,21,3900,2080.14,1200,81900,44882.94,37017.06,CABA,Mayorista
V003790,2025-07-02,C074,P014,8,3200,2047.49,0,25600,16379.92,9220.08,Sur,Mayorista
V003791,2025-11-30,C036,P018,1,850,588.49,1200,850,1788.49,-938.49,Sur,Gastronomía
V003792,2025-03-21,C045,P020,32,1100,530.28,1800,35200,18768.96,16431.04,Norte,Revendedor
V003793,2025-03-25,C074,P017,31,3200,2199.91,4500,99200,72697.21,26502.79,Oeste,Minorista
V003794,2025-05-25,C061,P009,35,1450,851.51,2500,50750,32302.85,18447.15,CABA,Gastronomía
V003795,2025-03-31,C075,P008,30,950,565.85,3200,28500,20175.5,8324.5,Norte,Lavandería
V003796,2025-04-03,C011,P009,28,950,560.43,2500,26600,18192.04,8407.96,Norte,Revendedor
V003797,2025-01-25,C035,P012,10,3900,2650.92,1200,39000,27709.2,11290.8,Sur,Lavandería
V003798,2025-08-08,C080,P017,34,3900,2297.88,3200,132600,81327.92,51272.08,Sur,Lavandería
V003799,2025-06-19,C038,P009,22,3200,1734.13,2500,70400,40650.86,29749.14,Norte,Minorista
V003800,2025-05-01,C036,P001,8,3900,2738.93,1200,31200,23111.44,8088.56,Oeste,Lavandería
V003801,2025-01-02,C043,P020,28,1100,711.58,1800,30800,21724.24,9075.76,CABA,Revendedor
V003802,2025-04-17,C033,P013,16,3200,1998.96,0,51200,31983.36,19216.64,Oeste,Gastronomía
V003803,2025-09-28,C037,P010,31,3900,2098.89,4500,120900,69565.59,51334.41,Norte,Lavandería
V003804,2025-03-02,C009,P012,27,3200,2152.95,1200,86400,59329.65,27070.35,Oeste,Mayorista
V003805,2025-02-01,C060,P001,27,1700,1066.22,3200,45900,31987.94,13912.06,CABA,Gastronomía
V003806,2025-04-29,C014,P013,3,1100,714.53,2500,3300,4643.59,-1343.59,Norte,Mayorista
V003807,2025-05-08,C007,P007,29,1100,741.42,4500,31900,26001.18,5898.82,Sur,Minorista
V003808,2025-10-02,C053,P006,19,1450,854.89,1800,27550,18042.91,9507.09,Sur,Mayorista
V003809,2025-02-02,C014,P005,5,1250,763.08,0,6250,3815.4,2434.6,Sur,Revendedor
V003810,2025-04-06,C072,P016,35,850,592.86,2500,29750,23250.1,6499.9,CABA,Gastronomía
V003811,2025-12-23,C039,P012,33,1700,1025.55,2500,56100,36343.15,19756.85,Oeste,Gastronomía
V003812,2025-08-10,C042,P010,6,3200,2250.31,1200,19200,14701.86,4498.14,Oeste,Gastronomía
V003813,2025-03-13,C010,P006,34,3200,1828.78,3200,108800,65378.52,43421.48,CABA,Gastronomía
V003814,2025-11-11,C035,P013,34,1450,757.11,3200,49300,28941.74,20358.26,Oeste,Revendedor
V003815,2025-05-27,C058,P002,22,1100,539.74,0,24200,11874.28,12325.72,Oeste,Mayorista
V003816,2025-11-12,C070,P018,30,950,636.73,1200,28500,20301.9,8198.1,Oeste,Mayorista
V003817,2025-01-09,C027,P014,25,3200,1871.22,1800,80000,48580.5,31419.5, oeste ,Lavandería
V003818,2025-09-04,C070,P013,9,2100,1484.15,4500,18900,17857.35,1042.65,Norte,Mayorista
V003819,2025-08-30,C019,P017,30,2100,1502.7,4500,63000,49581.0,13419.0,Oeste,Mayorista
V003820,2025-01-04,C065,P016,29,3200,1709.95,1800,92800,51388.55,41411.45,Sur,Minorista
V003821,2025-01-04,C053,P006,35,1250,847.16,1800,43750,31450.6,12299.4,Norte,Gastronomía
V003822,2025-09-03,C032,P011,28,1100,578.92,4500,30800,20709.76,10090.24,Oeste,Lavandería
V003823,2025-09-13,C005,P002,17,1700,902.89,3200,28900,18549.13,10350.87,Norte,Revendedor
V003824,2025-08-29,C028,P002,9,2600,1385.67,4500,23400,16971.03,6428.97,Oeste,Mayorista
V003825,2025-10-09,C045,P015,2,1450,942.8,1800,2900,3685.6,-785.6,CABA,Mayorista
V003826,2025-06-19,C044,P011,19,2100,1270.69,4500,39900,28643.11,11256.89,Oeste,Revendedor
V003827,2025-08-19,C059,P002,19,950,479.71,2500,18050,11614.49,6435.51,CABA,Gastronomía
V003828,2025-10-26,C054,P010,26,2600,1393.3,2500,67600,38725.8,28874.2,Norte,Lavandería
V003829,2025-11-08,C002,P010,18,3200,2051.48,1800,57600,38726.64,18873.36,Sur,Lavandería
V003830,2025-04-27,C027,P006,12,3900,2665.86,4500,46800,36490.32,10309.68,Oeste,Gastronomía
V003831,2025-10-06,C078,P011,23,3200,1893.31,4500,73600,48046.13,25553.87,Sur,Minorista
V003832,2025-01-06,C055,P006,16,3900,2117.02,1800,62400,35672.32,26727.68,Norte,Mayorista
V003833,2025-08-04,C036,P002,32,2100,1020.11,3200,67200,35843.52,31356.48,Norte,Mayorista
V003834,2025-01-31,C011,P005,4,1250,857.84,1200,5000,4631.36,368.64,CABA,Minorista
V003835,2025-05-04,C065,P016,6,2100,1080.47,1200,12600,7682.82,4917.18,Oeste,Gastronomía
V003836,2025-08-06,C071,P020,4,1700,1179.57,3200,6800,7918.28,-1118.28,CABA,Minorista
V003837,2025-10-04,C003,P004,24,1250,662.01,1800,30000,17688.24,12311.76,Oeste,Gastronomía
V003838,2025-07-26,C059,P001,9,2600,1554.39,3200,23400,17189.51,6210.49,Sur,Minorista
V003839,2025-06-13,C049,P012,28,3900,2216.53,4500,109200,66562.84,42637.16,Norte,Gastronomía
V003840,2025-09-11,C044,P019,22,3900,2405.56,1800,85800,54722.32,31077.68,CABA,Gastronomía
V003841,2025-06-15,C031,P013,9,3900,2536.63,0,35100,22829.67,12270.33,Sur,Minorista
V003842,2025-06-03,C066,P012,19,950,583.49,3200,18050,14286.31,3763.69,Norte,Mayorista
V003843,2025-12-20,C041,P005,24,1100,741.58,0,26400,17797.92,8602.08,Sur,Revendedor
V003844,2025-11-27,C065,P006,5,2100,1335.66,0,10500,6678.3,3821.7,CABA,Revendedor
V003845,2025-11-19,C024,P003,20,1700,1016.5,4500,34000,24830.0,9170.0,Norte,Gastronomía
V003846,2025-03-18,C008,P007,3,1100,653.03,2500,3300,4459.09,-1159.09,Norte,Lavandería
V003847,2025-04-14,C004,P017,10,1450,1026.97,1200,14500,11469.7,3030.3,Norte,Mayorista
V003848,2025-03-30,C012,P006,19,1450,699.34,4500,27550,17787.46,9762.54,Oeste,Revendedor
V003849,2025-04-13,C056,P008,19,850,525.48,0,16150,9984.12,6165.88,Oeste,Minorista
V003850,2025-10-10,C005,P012,11,1700,1011.1,1800,18700,12922.1,5777.9,CABA,Minorista
V003851,2025-05-25,C062,P020,17,950,487.08,4500,16150,12780.36,3369.64,Oeste,Mayorista
V003852,2025-06-16,C039,P014,1,950,582.24,3200,950,3782.24,-2832.24,CABA,Minorista
V003853,2025-04-15,C039,P008,17,3200,2081.32,2500,54400,37882.44,16517.56,CABA,Mayorista
V003854,2025-04-20,C077,P020,28,1100,763.62,2500,30800,23881.36,6918.64,Sur,Minorista
V003855,2025-04-06,C064,P008,19,1100,558.62,0,20900,10613.78,10286.22,Oeste,Minorista
V003856,2025-03-26,C080,P003,14,3200,1600.19,1200,44800,23602.66,21197.34,CABA,Minorista
V003857,2025-05-29,C076,P010,3,1100,691.17,3200,3300,5273.51,-1973.51,CABA,Revendedor
V003858,2025-10-07,C068,P003,25,2100,1160.22,1800,52500,30805.5,21694.5,Oeste,Mayorista
V003859,2025-03-01,C074,P004,3,3200,1654.33,4500,9600,9462.99,137.01,Oeste,Mayorista
V003860,2025-06-14,C051,P018,14,950,556.84,1200,13300,8995.76,4304.24,Oeste,Lavandería
V003861,2025-11-17,C052,P016,4,1450,1034.88,4500,5800,8639.52,-2839.52,CABA,Lavandería
V003862,2025-02-13,C002,P007,6,3900,1979.78,3200,23400,15078.68,8321.32,Sur,Gastronomía
V003863,2025-01-19,C042,P001,8,1250,816.65,1200,10000,7733.2,2266.8,CABA,Mayorista
V003864,2025-05-20,C034,P019,24,2100,1022.02,2500,50400,27028.48,23371.52,CABA,Gastronomía
V003865,2025-09-23,C061,P013,23,850,576.58,2500,19550,15761.34,3788.66,Sur,Gastronomía
V003866,2025-12-27,C020,P012,30,1100,587.69,2500,33000,20130.7,12869.3,Oeste,Minorista
V003867,2025-07-21,C004,P007,32,3200,2095.17,0,102400,67045.44,35354.56,CABA,Gastronomía
V003868,2025-12-20,C057,P001,13,3900,2444.88,1200,50700,32983.44,17716.56,CABA,Lavandería
V003869,2025-07-24,C060,P001,1,1700,1058.27,1800,1700,2858.27,-1158.27,Sur,Revendedor
V003870,2025-07-23,C051,P020,16,1100,788.52,1200,17600,13816.32,3783.68,Oeste,Lavandería
V003871,2025-01-31,C004,P016,7,1700,1029.35,0,11900,7205.45,4694.55,CABA,Revendedor
V003872,2025-09-11,C009,P009,4,3200,1859.22,1200,12800,8636.88,4163.12,Oeste,Mayorista
V003873,2025-06-02,C028,P001,26,1700,1178.94,2500,44200,33152.44,11047.56,Norte,Gastronomía
V003874,2025-12-23,C070,P017,13,3900,2691.25,1200,50700,36186.25,14513.75,Oeste,Lavandería
V003875,2025-06-21,C077,P001,32,1100,565.53,1800,35200,19896.96,15303.04,Oeste,Gastronomía
V003876,2025-10-09,C044,P009,23,1700,1223.57,0,39100,28142.11,10957.89,Oeste,Revendedor
V003877,2025-02-28,C074,P014,2,1250,875.8,3200,2500,4951.6,-2451.6,Oeste,Mayorista
V003878,2025-08-08,C064,P018,14,3200,2081.61,1200,44800,30342.54,14457.46,Sur,Revendedor
V003879,2025-11-22,C025,P005,16,3200,1549.05,1800,51200,26584.8,24615.2,Oeste,Lavandería
V003880,2025-05-11,C057,P012,34,1450,839.83,1800,49300,30354.22,18945.78,Sur,Lavandería
V003881,2025-12-31,C035,P004,26,1250,747.33,0,32500,19430.58,13069.42,Oeste,Minorista
V003882,2025-07-24,C030,P004,30,1700,956.84,1200,51000,29905.2,21094.8,Sur,Lavandería
V003883,2025-07-24,C005,P004,17,1700,1025.46,0,28900,17432.82,11467.18,CABA,Minorista
V003884,2025-05-18,C033,P003,24,2600,1359.24,0,62400,32621.76,29778.24,Norte,Mayorista
V003885,2025-12-26,C049,P003,5,2100,1279.66,0,10500,6398.3,4101.7,CABA,Gastronomía
V003886,2025-07-17,C004,P007,25,950,476.37,3200,23750,15109.25,8640.75,Oeste,Lavandería
V003887,2025-01-12,C043,P011,22,1450,827.92,1800,31900,20014.24,11885.76,Norte,Mayorista
V003888,2025-07-23,C065,P008,25,3200,2114.35,1200,80000,54058.75,25941.25,Sur,Lavandería
V003889,2025-02-15,C035,P001,13,1450,1001.3,4500,18850,17516.9,1333.1,Norte,Gastronomía
V003890,2025-05-24,C044,P019,23,2100,1405.12,0,48300,32317.76,15982.24,CABA,Mayorista
V003891,2025-01-04,C012,P003,27,1100,568.18,1200,29700,16540.86,13159.14,Oeste,Revendedor
V003892,2025-07-12,C076,P016,18,1100,710.28,4500,19800,17285.04,2514.96,Sur,Mayorista
V003893,2025-07-19,C068,P008,35,1700,1084.51,0,59500,37957.85,21542.15,Norte,Lavandería
V003894,2025-01-11,C075,P007,17,850,567.3,3200,14450,12844.1,1605.9,CABA,Lavandería
V003895,2025-12-16,C047,P002,35,950,471.88,2500,33250,19015.8,14234.2,Norte,Minorista
V003896,2025-05-04,C036,P017,17,3200,1744.9,4500,54400,34163.3,20236.7,Sur,Lavandería
V003897,2025-01-18,C002,P014,12,2600,1827.04,1800,31200,23724.48,7475.52,Norte,Minorista
V003898,2025-06-06,C024,P020,23,1450,795.21,4500,33350,22789.83,10560.17,Sur,Lavandería
V003899,2025-10-22,C043,P010,9,950,679.66,4500,8550,10616.94,-2066.94,Sur,Gastronomía
V003900,2025-08-11,C017,P016,22,1100,660.13,0,24200,14522.86,9677.14,CABA,Lavandería
V003901,2025-02-04,C058,P007,18,1450,856.41,4500,26100,19915.38,6184.62,Norte,Gastronomía
V003902,2025-10-27,C024,P008,21,950,642.07,4500,19950,17983.47,1966.53,Oeste,Revendedor
V003903,2025-04-27,C021,P014,18,3200,2001.44,4500,57600,40525.92,17074.08,CABA,Minorista
V003904,2025-01-28,C012,P015,1,2600,1595.06,0,2600,1595.06,1004.94,Oeste,Revendedor
V003905,2025-05-26,C044,P015,26,950,624.19,1200,24700,17428.94,7271.06,CABA,Gastronomía
V003906,2025-10-17,C039,P018,19,950,615.34,1800,18050,13491.46,4558.54,Oeste,Mayorista
V003907,2025-06-10,C045,P005,35,1250,791.97,2500,43750,30218.95,13531.05,Oeste,Revendedor
V003908,2025-08-30,C046,P013,32,3900,2801.96,0,124800,89662.72,35137.28,Oeste,Minorista
V003909,2025-03-12,C054,P011,25,1450,917.75,4500,36250,27443.75,8806.25,Sur,Minorista
V003910,2025-02-12,C044,P017,9,950,646.56,2500,8550,8319.04,230.96,CABA,Revendedor
V003911,2025-11-01,C036,P003,1,2600,1702.1,0,2600,1702.1,897.9,CABA,Lavandería
V003912,2025-03-03,C010,P010,26,1450,784.59,4500,37700,24899.34,12800.66,CABA,Minorista
V003913,2025-10-26,C065,P008,4,3900,2300.2,1800,15600,11000.8,4599.2,Oeste,Gastronomía
V003914,2025-09-08,C028,P017,35,1700,1211.79,1200,59500,43612.65,15887.35,Oeste,Lavandería
V003915,2025-12-09,C062,P010,32,2600,1250.95,2500,83200,42530.4,40669.6,CABA,Mayorista
V003916,2025-06-24,C032,P006,22,950,491.76,4500,20900,15318.72,5581.28,CABA,Revendedor
V003917,2025-03-25,C022,P013,31,3900,2781.41,0,120900,86223.71,34676.29,Sur,Lavandería
V003918,2025-07-30,C003,P005,35,2100,1189.74,4500,73500,46140.9,27359.1,Oeste,Revendedor
V003919,2025-04-21,C074,P012,30,950,549.45,2500,28500,18983.5,9516.5,Oeste,Minorista
V003920,2025-01-01,C002,P007,31,850,577.72,4500,26350,22409.32,3940.68,CABA,Lavandería
V003921,2025-01-24,C032,P016,34,850,515.66,3200,28900,20732.44,8167.56,Sur,Lavandería
V003922,2025-10-24,C029,P006,3,2600,1747.54,4500,7800,9742.62,-1942.62,CABA,Revendedor
V003923,2025-09-21,C031,P009,33,1450,902.67,4500,47850,34288.11,13561.89,Sur,Lavandería
V003924,2025-06-05,C070,P015,27,1100,690.54,1800,29700,20444.58,9255.42,CABA,Lavandería
V003925,2025-05-27,C035,P011,26,1700,996.19,2500,44200,28400.94,15799.06,Sur,Lavandería
V003926,2025-07-04,C036,P003,33,1100,660.57,2500,36300,24298.81,12001.19,Norte,Lavandería
V003927,2025-09-02,C074,P012,1,850,447.54,1800,850,2247.54,-1397.54,Oeste,Mayorista
V003928,2025-02-01,C024,P014,12,2100,1316.17,1200,25200,16994.04,8205.96,CABA,Mayorista
V003929,2025-03-06,C050,P009,23,1100,779.6,1800,25300,19730.8,5569.2,Sur,Mayorista
V003930,2025-05-04,C002,P020,3,2600,1718.18,1800,7800,6954.54,845.46,CABA,Lavandería
V003931,2025-04-27,C043,P003,28,3200,1799.29,4500,89600,54880.12,34719.88,Oeste,Gastronomía
V003932,2025-08-27,C052,P016,24,950,484.53,4500,22800,16128.72,6671.28,Oeste,Lavandería
V003933,2025-11-21,C074,P019,2,850,554.9,1800,1700,2909.8,-1209.8,Oeste,Lavandería
V003934,2025-07-28,C077,P007,13,1100,658.04,1200,14300,9754.52,4545.48,Oeste,Gastronomía
V003935,2025-03-08,C020,P018,23,2100,1088.31,3200,48300,28231.13,20068.87,Oeste,Lavandería
V003936,2025-03-13,C029,P016,12,1100,616.97,3200,13200,10603.64,2596.36,Oeste,Minorista
V003937,2025-01-19,C030,P008,31,850,409.41,4500,26350,17191.71,9158.29,Norte,Mayorista
V003938,2025-12-02,C027,P009,3,1250,822.92,0,3750,2468.76,1281.24,Norte,Mayorista
V003939,2025-04-08,C030,P007,8,3200,2217.4,3200,25600,20939.2,4660.8,Oeste,Revendedor
V003940,2025-05-24,C047,P013,6,1100,623.05,2500,6600,6238.3,361.7,CABA,Gastronomía
V003941,2025-08-26,C029,P015,7,3900,2362.24,4500,27300,21035.68,6264.32,Norte,Minorista
V003942,2025-09-02,C054,P019,25,3200,1548.72,4500,80000,43218.0,36782.0,Sur,Gastronomía
V003943,2025-07-09,C046,P010,20,1100,553.31,2500,22000,13566.2,8433.8,Oeste,Lavandería
V003944,2025-11-14,C021,P014,19,850,473.93,4500,16150,13504.67,2645.33,Oeste,Lavandería
V003945,2025-04-12,C078,P014,34,3200,1814.52,1200,108800,62893.68,45906.32,Norte,Mayorista
V003946,2025-09-27,C072,P007,3,1250,780.97,3200,3750,5542.91,-1792.91,Sur,Revendedor
V003947,2025-04-22,C028,P003,24,850,456.56,0,20400,10957.44,9442.56,Norte,Revendedor
V003948,2025-12-12,C054,P012,24,950,611.25,4500,22800,19170.0,3630.0,CABA,Mayorista
V003949,2025-06-19,C002,P013,28,2100,1449.98,4500,58800,45099.44,13700.56,Sur,Minorista
V003950,2025-07-26,C059,P008,20,2600,1508.55,0,52000,30171.0,21829.0,Norte,Revendedor
V003951,2025-10-23,C069,P014,16,1100,675.71,1800,17600,12611.36,4988.64,CABA,Minorista
V003952,2025-04-29,C068,P011,12,1450,747.03,2500,17400,11464.36,5935.64,Sur,Mayorista
V003953,2025-03-20,C014,P011,23,3900,2582.77,1200,89700,60603.71,29096.29,Sur,Gastronomía
V003954,2025-04-16,C074,P014,15,3900,2437.08,3200,58500,39756.2,18743.8,Norte,Revendedor
V003955,2025-05-28,C001,P007,23,1700,1137.45,1800,39100,27961.35,11138.65,Sur,Gastronomía
V003956,2025-08-11,C048,P007,5,2600,1284.32,2500,13000,8921.6,4078.4,Oeste,Minorista
V003957,2025-01-28,C020,P003,2,1100,722.38,2500,2200,3944.76,-1744.76,Oeste,Lavandería
V003958,2025-12-10,C049,P008,11,1700,1116.22,4500,18700,16778.42,1921.58,Sur,Mayorista
V003959,2025-12-27,C024,P006,14,1450,1015.51,2500,20300,16717.14,3582.86,Norte,Revendedor
V003960,2025-04-20,C077,P003,28,2100,1010.56,0,58800,28295.68,30504.32,CABA,Minorista
V003961,2025-11-05,C002,P010,34,2100,1207.75,4500,71400,45563.5,25836.5,CABA,Lavandería
V003962,2025-04-17,C020,P014,20,1450,1017.54,2500,29000,22850.8,6149.2,Oeste,Lavandería
V003963,2025-09-21,C046,P020,24,1450,727.8,2500,34800,19967.2,14832.8,CABA,Revendedor
V003964,2025-12-10,C003,P020,13,2600,1308.36,2500,33800,19508.68,14291.32,Norte,Gastronomía
V003965,2025-11-23,C072,P004,1,1450,817.82,2500,1450,3317.82,-1867.82,Oeste,Gastronomía
V003966,2025-08-03,C056,P019,20,1450,1014.13,1200,29000,21482.6,7517.4,Oeste,Revendedor
V003967,2025-08-14,C071,P002,21,1100,660.31,3200,23100,17066.51,6033.49,CABA,Gastronomía
V003968,2025-07-19,C056,P012,6,3200,1682.98,3200,19200,13297.88,5902.12,Norte,Lavandería
V003969,2025-08-15,C012,P019,34,3200,1921.89,2500,108800,67844.26,40955.74,Norte,Mayorista
V003970,2025-05-16,C046,P002,26,3200,1780.92,1200,83200,47503.92,35696.08,CABA,Lavandería
V003971,2025-03-22,C042,P002,10,1250,613.52,3200,12500,9335.2,3164.8,Sur,Gastronomía
V003972,2025-07-21,C078,P006,17,1250,689.45,1200,21250,12920.65,8329.35,Norte,Gastronomía
V003973,2025-09-28,C052,P020,22,1100,791.14,1200,24200,18605.08,5594.92,CABA,Gastronomía
V003974,2025-07-19,C005,P008,33,2600,1287.62,3200,85800,45691.46,40108.54,CABA,Mayorista
V003975,2025-06-19,C040,P014,19,2100,1223.29,1800,39900,25042.51,14857.49,CABA,Mayorista
V003976,2025-09-02,C052,P009,29,1450,855.93,4500,42050,29321.97,12728.03,CABA,Minorista
V003977,2025-08-07,C011,P006,12,950,641.25,0,11400,7695.0,3705.0,Oeste,Revendedor
V003978,2025-12-15,C052,P011,23,3200,2141.68,4500,73600,53758.64,19841.36,CABA,Revendedor
V003979,2025-11-24,C006,P002,20,950,527.56,3200,19000,13751.2,5248.8,Oeste,Mayorista
V003980,2025-04-21,C048,P005,35,2100,1368.18,4500,73500,52386.3,21113.7,Sur,Minorista
V003981,2025-02-21,C029,P017,21,1700,1121.68,0,35700,23555.28,12144.72,Oeste,Revendedor
V003982,2025-06-23,C062,P007,34,850,429.61,0,28900,14606.74,14293.26,CABA,Mayorista
V003983,2025-05-31,C046,P015,7,3200,1607.15,1800,22400,13050.05,9349.95,CABA,Lavandería
V003984,2025-12-01,C012,P020,19,3900,2403.84,3200,74100,48872.96,25227.04,CABA,Mayorista
V003985,2025-07-25,C048,P002,23,1700,865.29,0,39100,19901.67,19198.33,Oeste,Revendedor
V003986,2025-07-30,C069,P015,6,3200,1868.62,4500,19200,15711.72,3488.28,Sur,Minorista
V003987,2025-09-05,C001,P018,1,1450,908.39,1200,1450,2108.39,-658.39,Oeste,Mayorista
V003988,2025-10-13,,P001,32,950,592.84,0,30400,18970.88,11429.12,Oeste,Revendedor
V003989,2025-04-23,C027,P005,5,1250,683.83,1800,6250,5219.15,1030.85,Oeste,Mayorista
V003990,2025-01-22,C073,P009,3,850,600.51,1200,2550,3001.53,-451.53,Sur,Minorista
V003991,2025-08-30,C064,P012,34,3200,1803.85,1200,108800,62530.9,46269.1,Sur,Gastronomía
V003992,2025-10-04,C001,P013,26,950,471.57,1200,24700,13460.82,11239.18,Sur,Mayorista
V003993,2025-01-17,C030,P002,25,3900,2804.86,1800,97500,71921.5,25578.5,CABA,Lavandería
V003994,2025-06-12,C063,P003,11,950,482.88,2500,10450,7811.68,2638.32,CABA,Minorista
V003995,2025-10-05,C011,P004,9,1250,862.44,3200,11250,10961.96,288.04,Oeste,Mayorista
V003996,2025-01-31,C024,P011,23,3900,2690.83,3200,89700,65089.09,24610.91,Sur,Revendedor
V003997,2025-03-11,C008,P014,10,1250,634.51,1800,12500,8145.1,4354.9,Norte,Revendedor
V003998,2025-08-09,C072,P017,7,850,587.82,4500,5950,8614.74,-2664.74,Sur,Minorista
V003999,2025-10-20,C052,P018,4,1450,821.04,1800,5800,5084.16,715.84,Oeste,Minorista
V004000,2025-02-03,C019,P002,14,2100,1010.97,0,29400,14153.58,15246.42,Sur,Gastronomía
V004001,2025-02-22,C072,P001,17,1450,956.01,2500,24650,18752.17,5897.83,CABA,Revendedor
V004002,2025-12-26,C010,P020,32,950,514.52,3200,30400,19664.64,10735.36,Oeste,Gastronomía
V004003,2025-08-06,C073,P011,17,1450,892.98,1800,24650,16980.66,7669.34,CABA,Lavandería
V004004,2025-01-06,C076,P011,33,850,492.45,1200,28050,17450.85,10599.15,Sur,Gastronomía
V004005,2025-06-24,C051,P014,15,3900,2468.87,1800,58500,38833.05,19666.95,CABA,Lavandería
V004006,2025-05-13,C019,P020,18,950,525.55,4500,17100,13959.9,3140.1,CABA,Gastronomía
V004007,2025-11-14,C046,P015,29,2100,1098.29,1200,60900,33050.41,27849.59,Norte,Lavandería
V004008,2025-07-27,C050,P020,6,3900,2626.81,1200,23400,16960.86,6439.14,CABA,Minorista
V004009,2025-07-20,C037,P016,9,3200,2288.95,2500,28800,23100.55,5699.45,CABA,Lavandería
V004010,2025-05-31,C049,P017,21,3900,2720.61,1200,81900,58332.81,23567.19,Sur,Mayorista
V004011,2025-11-08,C058,P013,6,950,628.95,2500,5700,6273.7,-573.7,Oeste,Revendedor
V004012,2025-07-24,C056,P001,13,1450,903.67,1200,18850,12947.71,5902.29,Norte,Lavandería
V004013,2025-10-08,C077,P014,31,850,433.49,1800,26350,15238.19,11111.81,Sur,Mayorista
V004014,2025-09-12,C063,P010,3,1100,544.61,1800,3300,3433.83,-133.83,Sur,Mayorista
V004015,2025-04-16,C012,P005,21,1100,600.21,1200,23100,13804.41,9295.59,Norte,Mayorista
V004016,2025-06-24,C050,P002,1,3200,1782.55,3200,3200,4982.55,-1782.55,Norte,Revendedor
V004017,2025-07-19,C009,P015,12,950,538.53,0,11400,6462.36,4937.64,Norte,Mayorista
V004018,2025-01-05,C047,P008,22,1250,830.26,1200,27500,19465.72,8034.28,CABA,Revendedor
V004019,2025-05-20,C048,P014,2,1700,1065.95,3200,3400,5331.9,-1931.9,Oeste,Gastronomía
V004020,2025-12-06,C020,P008,10,1100,719.56,4500,11000,11695.6,-695.6,CABA,Minorista
V004021,2025-11-06,C011,P005,18,1450,1005.41,1200,26100,19297.38,6802.62,CABA,Gastronomía
V004022,2025-12-24,C010,P009,2,3200,2247.35,2500,6400,6994.7,-594.7,Oeste,Gastronomía
V004023,2025-12-22,C026,P015,31,3900,2585.29,1200,120900,81343.99,39556.01,Norte,Minorista
V004024,2025-03-18,C013,P004,28,3200,1649.11,0,89600,46175.08,43424.92,Oeste,Lavandería
V004025,2025-11-15,C073,P017,6,3200,1619.75,0,19200,9718.5,9481.5,CABA,Revendedor
V004026,2025-07-16,C020,P010,11,2100,1181.28,2500,23100,15494.08,7605.92,Sur,Mayorista
V004027,2025-12-14,C043,P012,33,2600,1529.83,1800,85800,52284.39,33515.61,Norte,Mayorista
V004028,2025-08-02,C028,P010,33,3200,2265.87,1200,105600,75973.71,29626.29,Oeste,Lavandería
V004029,2025-11-17,C020,P011,20,1450,956.25,1200,29000,20325.0,8675.0,Norte,Mayorista
V004030,2025-06-17,C015,P003,30,3200,2057.9,1200,96000,62937.0,33063.0,CABA,Gastronomía
V004031,2025-01-24,C032,P009,22,1700,910.0,4500,37400,24520.0,12880.0,Oeste,Revendedor
V004032,2025-08-30,C021,P001,17,2600,1495.55,2500,44200,27924.35,16275.65,Sur,Lavandería
V004033,2025-12-29,C006,P018,9,3200,1955.31,2500,28800,20097.79,8702.21,Norte,Gastronomía
V004034,2025-12-28,C065,P015,6,1100,542.68,2500,6600,5756.08,843.92,Norte,Mayorista
V004035,2025-02-06,C028,P013,24,3900,2049.45,1800,93600,50986.8,42613.2,Oeste,Lavandería
V004036,2025-03-07,C013,P002,31,1450,943.73,0,44950,29255.63,15694.37,Norte,Gastronomía
V004037,2025-04-23,C001,P004,1,2100,1049.14,1800,2100,2849.14,-749.14,Norte,Mayorista
V004038,2025-10-30,C077,P013,20,1700,1104.79,1800,34000,23895.8,10104.2,Norte,Mayorista
V004039,2025-04-20,C009,P020,31,950,640.86,4500,29450,24366.66,5083.34,Norte,Mayorista
V004040,2025-04-27,C032,P009,29,1100,692.27,3200,31900,23275.83,8624.17,Sur,Minorista
V004041,2025-02-17,C004,P002,14,1450,774.75,1800,20300,12646.5,7653.5,Sur,Gastronomía
V004042,2025-12-31,C070,P012,27,950,623.27,3200,25650,20028.29,5621.71,CABA,Lavandería
V004043,2025-09-20,C052,P002,9,950,539.53,3200,8550,8055.77,494.23,Oeste,Lavandería
V004044,2025-11-07,C033,P007,30,2100,1500.73,1200,63000,46221.9,16778.1,Oeste,Lavandería
V004045,2025-05-28,C075,P002,14,1250,635.26,1200,17500,10093.64,7406.36,Oeste,Mayorista
V004046,2025-11-05,C042,P009,3,2600,1256.6,2500,7800,6269.8,1530.2,Oeste,Minorista
V004047,2025-06-09,C068,P007,26,3200,1891.83,2500,83200,51687.58,31512.42,Sur,Lavandería
V004048,2025-05-11,C001,P015,2,1250,720.81,2500,2500,3941.62,-1441.62,Norte,Lavandería
V004049,2025-01-07,C001,P015,25,1100,570.78,3200,27500,17469.5,10030.5,Oeste,Minorista
V004050,2025-04-03,C069,P005,8,3900,2647.94,1200,31200,22383.52,8816.48,Sur,Revendedor
V004051,2025-03-26,C062,P018,17,2600,1331.41,1800,44200,24433.97,19766.03,Oeste,Revendedor
V004052,2025-04-16,C026,P001,20,1700,1078.69,2500,34000,24073.8,9926.2,Oeste,Minorista
V004053,2025-07-25,C052,P013,3,1450,884.99,1200,4350,3854.97,495.03,CABA,Mayorista
V004054,2025-04-14,C033,P009,14,1700,1028.59,4500,23800,18900.26,4899.74,Norte,Revendedor
V004055,2025-10-15,C012,P004,34,1450,1037.54,2500,49300,37776.36,11523.64,Norte,Minorista
V004056,2025-03-20,C034,P006,8,850,586.08,4500,6800,9188.64,-2388.64,Oeste,Lavandería
V004057,2025-10-13,C012,P016,2,1450,890.57,4500,2900,6281.14,-3381.14,Oeste,Lavandería
V004058,2025-05-10,C068,P004,6,2100,1374.21,3200,12600,11445.26,1154.74,Norte,Gastronomía
V004059,2025-10-10,C048,P019,17,1100,547.34,1200,18700,10504.78,8195.22,Sur,Revendedor
V004060,2025-04-12,C014,P007,27,1250,872.88,2500,33750,26067.76,7682.24,Norte,Revendedor
V004061,2025-09-12,C023,P016,26,2600,1514.87,2500,67600,41886.62,25713.38,Sur,Lavandería
V004062,2025-07-07,C073,P007,24,3200,1862.51,1200,76800,45900.24,30899.76,Norte,Minorista
V004063,2025-09-06,C033,P020,5,3900,2195.9,3200,19500,14179.5,5320.5,CABA,Revendedor
V004064,2025-12-01,C070,P010,12,2100,1404.46,1200,25200,18053.52,7146.48,Oeste,Mayorista
V004065,2025-11-08,C078,P001,32,2100,1065.95,0,67200,34110.4,33089.6,CABA,Minorista
V004066,2025-02-08,C011,P008,7,1700,941.64,0,11900,6591.48,5308.52,Norte,Gastronomía
V004067,2025-04-04,C026,P014,17,2600,1633.93,0,44200,27776.81,16423.19,Norte,Revendedor
V004068,2025-11-06,C002,P003,1,3200,2266.18,0,3200,2266.18,933.82,Sur,Gastronomía
V004069,2025-08-24,C078,P001,20,3900,2406.16,0,78000,48123.2,29876.8,Norte,Lavandería
V004070,2025-04-25,C068,P001,25,2600,1630.57,3200,65000,43964.25,21035.75,Sur,Lavandería
V004071,2025-12-08,C030,P013,29,1100,786.14,3200,31900,25998.06,5901.94,Sur,Minorista
V004072,2025-01-24,C024,P007,30,1100,642.14,1200,33000,20464.2,12535.8,Oeste,Minorista
V004073,2025-07-06,C066,P013,29,1100,764.49,1800,31900,23970.21,7929.79,Sur,Minorista
V004074,2025-12-07,C047,P012,29,3900,2054.96,2500,113100,62093.84,51006.16,Sur,Minorista
V004075,2025-03-02,C015,P011,20,3900,1961.74,2500,78000,41734.8,36265.2,Sur,Mayorista
V004076,2025-11-17,C024,P014,1,3900,2268.87,1800,3900,4068.87,-168.87,Sur,Revendedor
V004077,2025-10-10,C069,P018,27,950,463.96,3200,25650,15726.92,9923.08,Norte,Revendedor
V004078,2025-08-31,C026,P012,33,2100,1505.1,2500,69300,52168.3,17131.7,Norte,Mayorista
V004079,2025-12-23,C025,P014,18,1450,1003.53,0,26100,18063.54,8036.46,Oeste,Lavandería
V004080,2025-04-13,C020,P016,26,2600,1658.5,1800,67600,44921.0,22679.0,Sur,Gastronomía
V004081,2025-06-21,C067,P015,25,2100,1319.99,3200,52500,36199.75,16300.25,Norte,Lavandería
V004082,2025-02-10,C045,P012,16,1450,993.08,1800,23200,17689.28,5510.72,Norte,Minorista
V004083,2025-11-23,C017,P009,2,1700,914.47,2500,3400,4328.94,-928.94,Oeste,Revendedor
V004084,2025-11-28,C001,P018,18,3200,2005.36,1800,57600,37896.48,19703.52,Oeste,Revendedor
V004085,2025-05-13,C043,P001,16,2600,1750.15,1800,41600,29802.4,11797.6,Norte,Revendedor
V004086,2025-01-17,C062,P017,1,1700,909.67,1200,1700,2109.67,-409.67,Oeste,Revendedor
V004087,2025-07-10,C052,P019,13,1100,718.51,0,14300,9340.63,4959.37,Oeste,Lavandería
V004088,2025-11-04,C049,P010,34,850,550.11,1800,28900,20503.74,8396.26,CABA,Lavandería
V004089,2025-04-24,C059,P007,4,1450,726.4,0,5800,2905.6,2894.4,Sur,Mayorista
V004090,2025-04-01,C033,P001,21,950,466.46,4500,19950,14295.66,5654.34,Oeste,Lavandería
V004091,2025-07-04,C067,P008,35,2600,1642.14,2500,91000,59974.9,31025.1,Oeste,Mayorista
V004092,2025-05-30,C051,P015,18,2100,1142.3,2500,37800,23061.4,14738.6,Sur,Minorista
V004093,2025-05-07,C028,P005,32,1250,846.67,3200,40000,30293.44,9706.56,Sur,Gastronomía
V004094,2025-02-27,C043,P020,10,850,552.58,3200,8500,8725.8,-225.8,Norte,Minorista
V004095,2025-01-28,C012,P001,12,2600,1520.2,2500,31200,20742.4,10457.6,CABA,Revendedor
V004096,2025-06-17,C015,P013,20,3200,1737.5,2500,64000,37250.0,26750.0,Sur,Revendedor
V004097,2025-11-21,C061,P007,34,1250,898.75,0,42500,30557.5,11942.5,Sur,Minorista
V004098,2025-05-15,C033,P007,21,2600,1786.02,1800,54600,39306.42,15293.58,Norte,Lavandería
V004099,2025-09-28,C076,P007,22,850,600.95,1800,18700,15020.9,3679.1,Oeste,Lavandería
V004100,2025-01-17,C024,P015,2,2100,1441.8,2500,4200,5383.6,-1183.6,Norte,Lavandería
V004101,2025-08-29,C008,P016,6,3200,2058.39,0,19200,12350.34,6849.66,Oeste,Revendedor
V004102,2025-04-04,C031,P013,7,1250,771.0,1200,8750,6597.0,2153.0,Oeste,Lavandería
V004103,2025-08-25,C033,P012,34,1450,1030.06,0,49300,35022.04,14277.96,Oeste,Mayorista
V004104,2025-09-13,C053,P017,29,850,476.23,4500,24650,18310.67,6339.33,CABA,Lavandería
V004105,2025-10-24,C009,P002,26,1700,864.6,0,44200,22479.6,21720.4,Sur,Gastronomía
V004106,2025-01-21,C064,P002,30,3200,1693.43,3200,96000,54002.9,41997.1,Norte,Lavandería
V004107,2025-09-29,C035,P017,13,850,454.51,3200,11050,9108.63,1941.37,Norte,Lavandería
V004108,2025-04-20,C056,P011,19,850,585.07,1800,16150,12916.33,3233.67,Oeste,Lavandería
V004109,2025-04-05,C066,P002,1,1250,635.31,2500,1250,3135.31,-1885.31,Oeste,Lavandería
V004110,2025-05-12,C032,P003,28,2600,1712.38,1800,72800,49746.64,23053.36,Norte,Gastronomía
V004111,2025-05-17,C006,P018,21,3900,2073.81,1200,81900,44750.01,37149.99,Oeste,Minorista
V004112,2025-08-25,C048,P014,1,1700,879.04,3200,1700,4079.04,-2379.04,CABA,Minorista
V004113,2025-07-05,C021,P007,3,1100,688.26,3200,3300,5264.78,-1964.78,Sur,Lavandería
V004114,2025-04-11,C029,P001,11,1250,707.46,2500,13750,10282.06,3467.94,Norte,Gastronomía
V004115,2025-01-02,C032,P001,29,3900,2473.54,0,113100,71732.66,41367.34,Norte,Gastronomía
V004116,2025-01-31,C024,P015,14,1100,534.8,1200,15400,8687.2,6712.8,Norte,Mayorista
V004117,2025-02-17,C072,P011,1,850,467.61,1200,850,1667.61,-817.61,CABA,Revendedor
V004118,2025-03-13,C005,P013,34,1100,741.25,0,37400,25202.5,12197.5,Norte,Revendedor
V004119,2025-03-05,C005,P019,16,850,593.55,1800,13600,11296.8,2303.2,Norte,Revendedor
V004120,2025-05-28,C058,P007,34,1700,996.93,2500,57800,36395.62,21404.38,Sur,Mayorista
V004121,2025-10-28,C068,P005,18,1700,1076.34,1800,30600,21174.12,9425.88,Oeste,Revendedor
V004122,2025-02-23,C048,P003,35,1100,656.31,4500,38500,27470.85,11029.15,Oeste,Revendedor
V004123,2025-03-12,C056,P009,9,3900,2204.31,0,35100,19838.79,15261.21,Norte,Mayorista
V004124,2025-07-05,C047,P015,27,3200,2137.68,4500,86400,62217.36,24182.64,CABA,Gastronomía
V004125,2025-06-23,C076,P002,16,850,599.12,0,13600,9585.92,4014.08,Sur,Revendedor
V004126,2025-06-18,C039,P009,33,2600,1489.91,4500,85800,53667.03,32132.97,Norte,Minorista
V004127,2025-12-29,C038,P017,19,3900,2564.13,4500,74100,53218.47,20881.53,Norte,Minorista
V004128,2025-09-19,C074,P005,17,1450,837.71,1800,24650,16041.07,8608.93,CABA,Mayorista
V004129,2025-06-20,C004,P015,27,3900,2742.74,1800,105300,75853.98,29446.02,Norte,Revendedor
V004130,2025-12-24,C027,P012,22,3200,1928.28,0,70400,42422.16,27977.84,Oeste,Mayorista
V004131,2025-08-17,C057,P011,20,2600,1727.01,2500,52000,37040.2,14959.8,Sur,Lavandería
V004132,2025-05-20,C048,P019,12,1700,931.82,4500,20400,15681.84,4718.16,CABA,Mayorista
V004133,2025-04-22,C066,P015,10,1450,952.36,1200,14500,10723.6,3776.4,Sur,Revendedor
V004134,2025-08-29,C079,P002,2,2600,1286.77,1800,5200,4373.54,826.46,Norte,Gastronomía
V004135,2025-11-04,C037,P018,20,3900,2515.96,2500,78000,52819.2,25180.8,Sur,Gastronomía
V004136,2025-02-24,C056,P014,9,1250,803.32,1800,11250,9029.88,2220.12,Sur,Lavandería
V004137,2025-03-02,C020,P011,24,3900,2078.85,0,93600,49892.4,43707.6,Oeste,Lavandería
V004138,2025-08-09,C058,P009,2,2100,1159.77,1200,4200,3519.54,680.46,Oeste,Lavandería
V004139,2025-03-17,C062,P013,24,1250,841.58,1800,30000,21997.92,8002.08,Norte,Minorista
V004140,2025-12-22,C026,P009,7,2600,1813.59,4500,18200,17195.13,1004.87,CABA,Minorista
V004141,2025-06-23,C037,P012,22,3200,1720.83,1800,70400,39658.26,30741.74,Norte,Gastronomía
V004142,2025-11-15,C044,P012,28,1100,780.97,2500,30800,24367.16,6432.84,Oeste,Mayorista
V004143,2025-07-10,C062,P014,27,3200,1577.45,3200,86400,45791.15,40608.85,Norte,Minorista
V004144,2025-06-04,C075,P003,2,3200,1856.54,4500,6400,8213.08,-1813.08,CABA,Gastronomía
V004145,2025-04-13,C011,P016,6,1700,1187.57,4500,10200,11625.42,-1425.42,Sur,Revendedor
V004146,2025-06-14,C021,P003,30,3900,2088.7,2500,117000,65161.0,51839.0,Sur,Minorista
V004147,2025-11-12,C032,P003,27,850,514.8,3200,22950,17099.6,5850.4,Norte,Minorista
V004148,2025-02-15,C005,P012,24,3200,1687.22,0,76800,40493.28,36306.72,CABA,Minorista
V004149,2025-07-09,C027,P006,3,1100,635.16,0,3300,1905.48,1394.52,CABA,Revendedor
V004150,2025-12-29,C025,P008,14,3900,2277.69,2500,54600,34387.66,20212.34,CABA,Mayorista
V004151,2025-01-02,C031,P018,29,3200,1666.22,4500,92800,52820.38,39979.62,CABA,Revendedor
V004152,2025-09-30,C079,P007,34,1450,794.6,2500,49300,29516.4,19783.6,CABA,Lavandería
V004153,2025-08-20,C056,P013,16,1450,1002.48,1200,23200,17239.68,5960.32,CABA,Revendedor
V004154,2025-04-30,C039,P017,6,1100,605.6,4500,6600,8133.6,-1533.6,Sur,Lavandería
V004155,2025-05-30,C062,P009,10,2100,1162.7,0,21000,11627.0,9373.0,Norte,Lavandería
V004156,2025-11-28,C072,P007,11,2600,1621.95,2500,28600,20341.45,8258.55,Sur,Mayorista
V004157,2025-08-15,C077,P011,34,950,611.75,3200,32300,23999.5,8300.5,Sur,Lavandería
V004158,2025-06-04,C035,P020,11,1450,831.08,2500,15950,11641.88,4308.12,CABA,Gastronomía
V004159,2025-05-12,C050,P020,14,3900,2449.14,1800,54600,36087.96,18512.04,Oeste,Minorista
V004160,2025-06-17,C043,P014,26,1450,923.45,1200,37700,25209.7,12490.3,Norte,Minorista
V004161,2025-03-20,C049,P019,1,3200,2256.95,2500,3200,4756.95,-1556.95,Norte,Revendedor
V004162,2025-07-18,C050,P014,34,950,674.59,0,32300,22936.06,9363.94,Oeste,Mayorista
V004163,2025-10-23,C019,P008,9,1450,829.53,2500,13050,9965.77,3084.23,Oeste,Mayorista
V004164,2025-01-27,C029,P015,14,1250,745.79,3200,17500,13641.06,3858.94, norte ,Minorista
V004165,2025-07-18,C009,P007,33,2100,1255.94,1800,69300,43246.02,26053.98,Norte,Lavandería
V004166,2025-09-14,C032,P002,17,1700,949.77,2500,28900,18646.09,10253.91,Norte,Lavandería
V004167,2025-12-06,C052,P012,30,3200,1831.97,4500,96000,59459.1,36540.9,CABA,Minorista
V004168,2025-06-30,C044,P003,9,2100,1329.15,2500,18900,14462.35,4437.65,Sur,GASTRONOMÍA
V004169,2025-11-24,C033,P020,17,1250,890.43,1200,21250,16337.31,4912.69,Oeste,Lavandería
V004170,2025-01-19,C048,P014,7,1450,1030.82,1800,10150,9015.74,1134.26,Oeste,Gastronomía
V004171,2025-05-10,C023,P002,4,1450,748.52,4500,5800,7494.08,-1694.08,Sur,Lavandería
V004172,2025-05-09,C059,P004,24,1100,541.39,1800,26400,14793.36,11606.64,CABA,Revendedor
V004173,2025-02-17,C074,P017,23,850,572.11,2500,19550,15658.53,3891.47,Norte,Minorista
V004174,2025-05-01,C029,P011,21,850,518.86,4500,17850,15396.06,2453.94,Norte,Mayorista
V004175,2025-04-06,C024,P019,33,2600,1809.0,2500,85800,62197.0,23603.0,Oeste,Mayorista
V004176,2025-09-08,C076,P002,18,1100,582.7,3200,19800,13688.6,6111.4,CABA,Minorista
V004177,2025-07-25,C006,P017,5,2600,1274.97,1800,13000,8174.85,4825.15,Oeste,Mayorista
V004178,2025-11-05,C011,P017,18,1700,1003.32,4500,30600,22559.76,8040.24,Norte,Revendedor
V004179,2025-07-28,C047,P020,2,1700,1161.68,2500,3400,4823.36,-1423.36,CABA,Mayorista
V004180,2025-06-29,C079,P020,28,950,674.31,1800,26600,20680.68,5919.32,Oeste,Gastronomía
V004181,2025-09-15,C025,P002,20,850,536.01,2500,17000,13220.2,3779.8,Norte,Minorista
V004182,2025-04-24,C006,P014,5,850,529.45,1200,4250,3847.25,402.75,Oeste,Minorista
V004183,2025-07-25,C071,P019,30,1450,814.02,1200,43500,25620.6,17879.4,Sur,Minorista
V004184,2025-05-25,C058,P008,10,850,465.82,0,8500,4658.2,3841.8,Oeste,Lavandería
V004185,2025-05-25,C032,P003,12,2100,1222.19,1800,25200,16466.28,8733.72,Sur,Minorista
V004186,2025-03-31,C029,P007,26,950,662.19,1800,24700,19016.94,5683.06,Norte,Revendedor
V004187,2025-01-12,C054,P005,17,2600,1451.34,1800,44200,26472.78,17727.22,Oeste,Lavandería
V004188,2025-08-22,C018,P002,16,2100,1325.04,2500,33600,23700.64,9899.36,CABA,Mayorista
V004189,2025-08-21,C041,P004,1,850,589.41,1800,850,2389.41,-1539.41,Sur,Revendedor
V004190,2025-09-07,C006,P014,1,1700,1004.64,0,1700,1004.64,695.36,CABA,Mayorista
V004191,2025-02-12,C067,P003,25,2600,1790.57,3200,65000,47964.25,17035.75,Oeste,Mayorista
V004192,2025-05-04,C047,P007,15,1250,605.01,1800,18750,10875.15,7874.85,Norte,Revendedor
V004193,2025-05-25,C075,P011,6,2100,1174.75,0,12600,7048.5,5551.5,Sur,Revendedor
V004194,2025-06-01,C025,P005,7,3200,1710.49,1200,22400,13173.43,9226.57,Norte,Mayorista
V004195,2025-07-22,C034,P014,34,1700,1072.26,4500,57800,40956.84,16843.16,Norte,Minorista
V004196,2025-10-21,C004,P005,3,1450,719.95,4500,4350,6659.85,-2309.85,CABA,Gastronomía
V004197,2025-12-30,C040,P018,33,850,566.93,0,28050,18708.69,9341.31,CABA,Revendedor
V004198,2025-04-24,C025,P010,26,1700,1111.15,1200,44200,30089.9,14110.1,Sur,Mayorista
V004199,2025-05-02,C001,P011,31,1700,1101.56,1200,52700,35348.36,17351.64,Sur,Minorista
V004200,2025-01-02,C074,P018,19,950,548.48,1800,18050,12221.12,5828.88,Oeste,Lavandería
V004201,2025-08-18,C005,P005,7,2600,1254.69,4500,18200,13282.83,4917.17,Norte,Lavandería
V004202,2025-02-01,C015,P006,22,3900,2030.76,4500,85800,49176.72,36623.28,Oeste,Mayorista
V004203,2025-11-18,C073,P016,6,2600,1648.57,3200,15600,13091.42,2508.58,Norte,Lavandería
V004204,2025-09-28,C014,P015,25,3900,2288.01,0,97500,57200.25,40299.75,Norte,Revendedor
V004205,2025-02-18,C064,P008,16,850,563.75,0,13600,9020.0,4580.0,CABA,Gastronomía
V004206,2025-07-05,C076,P003,25,3900,2591.86,1200,97500,65996.5,31503.5,Oeste,Minorista
V004207,2025-09-07,C076,P007,25,1450,919.97,0,36250,22999.25,13250.75,Norte,Gastronomía
V004208,2025-01-23,C050,P012,19,1700,1153.84,4500,32300,26422.96,5877.04,Norte,Revendedor
V004209,2025-04-14,C048,P015,2,2600,1779.95,2500,5200,6059.9,-859.9,Norte,Minorista
V004210,2025-10-23,C034,P013,12,850,503.67,4500,10200,10544.04,-344.04,Norte,Lavandería
V004211,2025-03-17,C024,P015,8,3900,2491.29,1200,31200,21130.32,10069.68,Sur,Minorista
V004212,2025-03-07,C050,P003,8,3200,1870.93,0,25600,14967.44,10632.56,CABA,Minorista
V004213,2025-11-07,C029,P014,1,3900,2479.79,3200,3900,5679.79,-1779.79,Norte,Revendedor
V004214,2025-01-02,C072,P003,30,850,417.99,1200,25500,13739.7,11760.3,Oeste,Lavandería
V004215,2025-12-20,C052,P006,34,850,478.32,4500,28900,20762.88,8137.12,Sur,Lavandería
V004216,2025-09-09,C064,P002,6,1450,929.52,2500,8700,8077.12,622.88,Oeste,Lavandería
V004217,2025-09-17,C017,P004,7,3900,2186.36,4500,27300,19804.52,7495.48,Sur,Gastronomía
V004218,2025-08-11,C004,P016,29,1250,790.72,3200,36250,26130.88,10119.12,Norte,Lavandería
V004219,2025-12-23,C073,P004,11,1100,537.75,0,12100,5915.25,6184.75,Oeste,Gastronomía
V004220,2025-07-25,C031,P019,30,1450,950.25,4500,43500,33007.5,10492.5,Oeste,Gastronomía
V004221,2025-01-23,C007,P016,23,950,552.77,4500,21850,17213.71,4636.29,Norte,Revendedor
V004222,2025-08-02,C061,P007,24,3200,1628.66,1200,76800,40287.84,36512.16,CABA,Lavandería
V004223,2025-09-12,C034,P017,29,1450,869.7,3200,42050,28421.3,13628.7,Oeste,Gastronomía
V004224,2025-11-11,C080,P011,20,1250,761.11,1800,25000,17022.2,7977.8,Sur,Revendedor
V004225,2025-10-24,C076,P016,8,1100,620.58,0,8800,4964.64,3835.36,CABA,Revendedor
V004226,2025-04-13,C008,P013,17,2100,1330.77,0,35700,22623.09,13076.91,Oeste,Lavandería
V004227,2025-09-09,C015,P019,6,3900,2265.33,3200,23400,16791.98,6608.02,Oeste,Mayorista
V004228,2025-07-09,C031,P002,14,950,511.93,3200,13300,10367.02,2932.98,Sur,Revendedor
V004229,2025-04-21,C006,P011,26,3200,1637.84,4500,83200,47083.84,36116.16,Sur,Gastronomía
V004230,2025-04-29,C031,P011,22,1100,639.81,1200,24200,15275.82,8924.18,CABA,Mayorista
V004231,2025-11-03,C036,P018,32,1450,863.06,0,46400,27617.92,18782.08,CABA,Mayorista
V004232,2025-10-13,C021,P013,13,1450,955.61,0,18850,12422.93,6427.07,Sur,Mayorista
V004233,2025-10-20,C022,P005,9,3900,2078.88,2500,35100,21209.92,13890.08,Sur,Revendedor
V004234,2025-08-09,C043,P001,16,3900,2481.36,4500,62400,44201.76,18198.24,Sur,Gastronomía
V004235,2025-11-26,C008,P011,21,2600,1680.26,2500,54600,37785.46,16814.54,Sur,Revendedor
V004236,2025-02-10,C059,P010,14,950,664.54,4500,13300,13803.56,-503.56,Norte,Mayorista
V004237,2025-06-04,C041,P007,23,1250,750.87,4500,28750,21770.01,6979.99,CABA,Minorista
V004238,2025-12-20,C043,P016,23,850,582.84,1200,19550,14605.32,4944.68,Sur,Mayorista
V004239,2025-01-26,C080,P009,33,850,557.55,1200,28050,19599.15,8450.85,Sur,Revendedor
V004240,2025-12-26,C048,P015,23,2100,1101.97,3200,48300,28545.31,19754.69,Norte,Mayorista
V004241,2025-04-13,C074,P004,27,3200,1825.97,2500,86400,51801.19,34598.81,CABA,Revendedor
V004242,2025-10-02,C041,P011,2,2100,1296.61,1800,4200,4393.22,-193.22,Oeste,Revendedor
V004243,2025-11-26,C035,P009,7,850,568.31,0,5950,3978.17,1971.83,CABA,Gastronomía
V004244,2025-03-16,C063,P019,31,1450,912.54,1800,44950,30088.74,14861.26,Norte,Revendedor
V004245,2025-03-18,C015,P001,7,3200,2150.17,3200,22400,18251.19,4148.81,Sur,Revendedor
V004246,2025-11-15,C015,P007,10,3900,2101.71,2500,39000,23517.1,15482.9,Norte,Mayorista
V004247,2025-09-28,C040,P017,5,950,476.33,4500,4750,6881.65,-2131.65,Sur,Minorista
V004248,2025-04-07,C039,P015,24,2100,1034.82,0,50400,24835.68,25564.32,Sur,Gastronomía
V004249,2025-12-18,C021,P013,12,1450,985.6,1800,17400,13627.2,3772.8,Norte,Gastronomía
V004250,2025-08-02,C021,P001,12,950,645.36,1800,11400,9544.32,1855.68,Norte,Lavandería
V004251,2025-11-15,C022,P005,16,3900,2138.28,2500,62400,36712.48,25687.52,CABA,Lavandería
V004252,2025-05-07,C038,P008,18,2100,1201.04,0,37800,21618.72,16181.28,Norte,Gastronomía
V004253,2025-08-30,C007,P002,27,850,570.41,1200,22950,16601.07,6348.93,CABA,Minorista
V004254,2025-08-15,C074,P012,7,2100,1103.7,1200,14700,8925.9,5774.1,CABA,Gastronomía
V004255,2025-11-20,C011,P006,1,1100,571.68,4500,1100,5071.68,-3971.68,CABA,Lavandería
V004256,2025-06-23,C052,P003,25,3200,1567.95,3200,80000,42398.75,37601.25,Norte,Lavandería
V004257,2025-05-10,C011,P017,22,1450,738.4,1200,31900,17444.8,14455.2,Oeste,Lavandería
V004258,2025-07-20,C047,P001,9,3200,1797.54,3200,28800,19377.86,9422.14,CABA,Gastronomía
V004259,2025-08-09,C041,P018,8,2600,1651.6,0,20800,13212.8,7587.2,Norte,Lavandería
V004260,2025-10-08,C022,P019,4,1700,888.49,1800,6800,5353.96,1446.04,Oeste,Mayorista
V004261,2025-02-13,C075,P004,7,1450,751.69,3200,10150,8461.83,1688.17,Norte,Revendedor
V004262,2025-02-27,C038,P004,19,850,561.22,1200,16150,11863.18,4286.82,Norte,Lavandería
V004263,2025-10-23,C075,P007,8,1450,993.44,2500,11600,10447.52,1152.48,Norte,Mayorista
V004264,2025-01-03,C016,P006,2,950,558.65,0,1900,1117.3,782.7,Oeste,Minorista
V004265,2025-11-14,C065,P010,20,2100,1319.61,3200,42000,29592.2,12407.8,Sur,Lavandería
V004266,2025-07-06,C080,P010,35,950,613.56,1200,33250,22674.6,10575.4,Sur,Mayorista
V004267,2025-11-04,C016,P008,25,2600,1801.44,1800,65000,46836.0,18164.0,CABA,Lavandería
V004268,2025-06-09,C035,P019,8,1700,894.09,1200,13600,8352.72,5247.28,CABA,Revendedor
V004269,2025-12-02,C004,P004,7,1250,618.49,1800,8750,6129.43,2620.57,Oeste,Mayorista
V004270,2025-02-22,C046,P013,35,1100,762.22,1200,38500,27877.7,10622.3,Norte,Mayorista
V004271,2025-10-06,C033,P001,9,1100,760.69,4500,9900,11346.21,-1446.21,Norte,Lavandería
V004272,2025-03-31,C051,P016,6,1250,899.72,1200,7500,6598.32,901.68,CABA,Mayorista
V004273,2025-06-10,C032,P009,11,1250,761.07,2500,13750,10871.77,2878.23,CABA,Lavandería
V004274,2025-08-31,C050,P001,20,1100,691.44,4500,22000,18328.8,3671.2,Oeste,Revendedor
V004275,2025-10-02,C064,P014,26,2600,1436.69,3200,67600,40553.94,27046.06,Sur,Lavandería
V004276,2025-03-10,C010,P002,29,1700,888.82,1800,49300,27575.78,21724.22,CABA,Minorista
V004277,2025-05-04,C028,P002,24,950,460.26,4500,22800,15546.24,7253.76,Sur,Mayorista
V004278,2025-05-26,C060,P005,23,1450,759.63,1800,33350,19271.49,14078.51,Norte,Minorista
V004279,2025-08-12,C069,P019,14,3900,2038.5,2500,54600,31039.0,23561.0,Oeste,Revendedor
V004280,2025-10-10,C041,P006,15,3200,2041.01,3200,48000,33815.15,14184.85,Oeste,Revendedor
V004281,2025-10-23,C025,P013,13,1100,733.15,2500,14300,12030.95,2269.05,Sur,Revendedor
V004282,2025-01-11,C062,P002,18,1100,699.79,1200,19800,13796.22,6003.78,Norte,Lavandería
V004283,2025-11-30,C030,P003,34,3900,2435.55,3200,132600,86008.7,46591.3,Oeste,Minorista
V004284,2025-02-11,C055,P019,12,950,604.38,1800,11400,9052.56,2347.44,Oeste,Gastronomía
V004285,2025-12-29,C060,P002,23,850,574.28,4500,19550,17708.44,1841.56,CABA,Lavandería
V004286,2025-09-03,C048,P001,20,3900,2136.47,3200,78000,45929.4,32070.6,Sur,Mayorista
V004287,2025-06-27,C059,P013,33,2100,1362.99,2500,69300,47478.67,21821.33,Oeste,Minorista
V004288,2025-05-02,C070,P001,21,3900,2207.47,3200,81900,49556.87,32343.13,Norte,Revendedor
V004289,2025-05-24,C046,P009,11,1100,765.66,3200,12100,11622.26,477.74,Norte,Gastronomía
V004290,2025-02-21,C026,P007,3,1700,1065.83,1800,5100,4997.49,102.51,Norte,Minorista
V004291,2025-10-25,C053,P007,23,950,665.92,4500,21850,19816.16,2033.84,CABA,Minorista
V004292,2025-11-02,C053,P016,20,1700,859.76,1200,34000,18395.2,15604.8,Sur,Mayorista
V004293,2025-07-25,C046,P020,1,1700,1115.46,1800,1700,2915.46,-1215.46,CABA,Lavandería
V004294,2025-05-02,C064,P005,10,1250,678.24,2500,12500,9282.4,3217.6,Sur,Revendedor
V004295,2025-08-27,C006,P007,12,1250,789.99,3200,15000,12679.88,2320.12,CABA,Mayorista
V004296,2025-09-22,C011,P015,5,3200,2162.69,4500,16000,15313.45,686.55,Oeste,Gastronomía
V004297,2025-06-07,C057,P011,9,950,472.1,1200,8550,5448.9,3101.1,Sur,Gastronomía
V004298,2025-10-25,C055,P008,32,1250,621.1,1800,40000,21675.2,18324.8,Oeste,Mayorista
V004299,2025-02-23,C003,P018,33,2100,1089.63,1200,69300,37157.79,32142.21,CABA,Lavandería
V004300,2025-06-21,C075,P009,2,850,455.91,3200,1700,4111.82,-2411.82,CABA,Revendedor
V004301,2025-01-10,C032,P014,20,3200,2267.01,4500,64000,49840.2,14159.8,CABA,Minorista
V004302,2025-01-23,C017,P003,33,1100,608.4,4500,36300,24577.2,11722.8,Norte,Minorista
V004303,2025-10-06,C012,P015,3,1100,664.7,2500,3300,4494.1,-1194.1,CABA,Lavandería
V004304,2025-11-21,C071,P016,35,2600,1648.31,4500,91000,62190.85,28809.15,Oeste,Mayorista
V004305,2025-02-02,C037,P019,31,850,450.76,1200,26350,15173.56,11176.44,CABA,Gastronomía
V004306,2025-04-07,C040,P016,17,1250,817.27,1800,21250,15693.59,5556.41,Norte,Mayorista
V004307,2025-02-23,C006,P014,24,950,654.54,0,22800,15708.96,7091.04,Norte,Lavandería
V004308,2025-01-01,C009,P001,19,950,501.44,1200,18050,10727.36,7322.64,Norte,Gastronomía
V004309,2025-06-20,C059,P019,20,1100,540.49,2500,22000,13309.8,8690.2,Oeste,Mayorista
V004310,2025-12-14,C030,P020,23,2100,1388.53,4500,48300,36436.19,11863.81,Sur,Mayorista
V004311,2025-12-03,C011,P016,25,950,618.06,3200,23750,18651.5,5098.5,Sur,Revendedor
V004312,2025-08-21,C063,P014,31,2600,1820.72,0,80600,56442.32,24157.68,Oeste,Revendedor
V004313,2025-09-03,C060,P003,9,1250,781.94,0,11250,7037.46,4212.54,Oeste,Revendedor
V004314,2025-08-22,C021,P002,18,3200,1901.99,0,57600,34235.82,23364.18,Norte,Gastronomía
V004315,2025-03-01,C076,P009,21,1700,1117.62,2500,35700,25970.02,9729.98,CABA,Lavandería
V004316,2025-04-25,C036,P004,35,3200,2226.3,0,112000,77920.5,34079.5,Sur,Revendedor
V004317,2025-12-03,C052,P010,3,1250,787.91,0,3750,2363.73,1386.27,Norte,Lavandería
V004318,2025-06-13,C066,P011,13,3900,1971.26,3200,50700,28826.38,21873.62,Norte,Mayorista
V004319,2025-12-05,C051,P005,3,1700,1183.42,1800,5100,5350.26,-250.26,Oeste,Mayorista
V004320,2025-10-26,C024,P015,6,3900,2167.96,0,23400,13007.76,10392.24,Sur,Mayorista
V004321,2025-09-22,C041,P014,30,850,436.62,0,25500,13098.6,12401.4,Sur,Minorista
V004322,2025-07-01,C026,P015,18,1100,542.56,1800,19800,11566.08,8233.92,Norte,Gastronomía
V004323,2025-06-22,C029,P011,18,1450,1022.07,0,26100,18397.26,7702.74,Sur,Revendedor
V004324,2025-12-29,C076,P014,30,2600,1683.89,3200,78000,53716.7,24283.3,Oeste,Mayorista
V004325,2025-02-24,C005,P002,30,1100,707.29,0,33000,21218.7,11781.3,Norte,Minorista
V004326,2025-11-13,C040,P016,5,950,634.36,1800,4750,4971.8,-221.8,Sur,Minorista
V004327,2025-12-19,C057,P012,32,3200,2068.11,1800,102400,67979.52,34420.48,CABA,Minorista
V004328,2025-12-22,C040,P018,28,2100,1251.67,3200,58800,38246.76,20553.24,Sur,Gastronomía
V004329,2025-05-20,C020,P014,9,1450,800.62,2500,13050,9705.58,3344.42,CABA,Gastronomía
V004330,2025-10-16,C071,P014,31,950,482.22,0,29450,14948.82,14501.18,CABA,Revendedor
V004331,2025-08-26,C060,P001,15,1250,647.11,2500,18750,12206.65,6543.35,CABA,Gastronomía
V004332,2025-12-04,C038,P008,2,2600,1400.43,1800,5200,4600.86,599.14,Sur,Lavandería
V004333,2025-09-29,C073,P020,31,1450,905.05,4500,44950,32556.55,12393.45,CABA,Mayorista
V004334,2025-11-24,C008,P009,15,3200,2290.65,2500,48000,36859.75,11140.25,Sur,Revendedor
V004335,2025-11-01,C065,P019,10,1450,836.57,3200,14500,11565.7,2934.3,Oeste,Gastronomía
V004336,2025-08-28,C003,P010,34,950,480.0,4500,32300,20820.0,11480.0,Oeste,Minorista
V004337,2025-02-17,C066,P014,19,1250,640.77,0,23750,12174.63,11575.37,Norte,Gastronomía
V004338,2025-12-19,C049,P012,7,3200,2140.52,1200,22400,16183.64,6216.36,Sur,Gastronomía
V004339,2025-11-01,C011,P016,4,850,458.13,1200,3400,3032.52,367.48,Sur,Gastronomía
V004340,2025-04-12,C020,P012,25,2600,1432.72,4500,65000,40318.0,24682.0,Norte,Mayorista
V004341,2025-07-14,C018,P011,6,1100,582.25,0,6600,3493.5,3106.5,Norte,Gastronomía
V004342,2025-02-25,C009,P004,2,1100,535.33,0,2200,1070.66,1129.34,Sur,Minorista
V004343,2025-05-07,C052,P019,14,850,567.95,1800,11900,9751.3,2148.7,Oeste,Mayorista
V004344,2025-02-08,C040,P009,11,2100,1403.22,2500,23100,17935.42,5164.58,Oeste,Gastronomía
V004345,2025-04-13,C072,P009,9,1700,1132.18,0,15300,10189.62,5110.38,CABA,Lavandería
V004346,2025-02-25,C041,P020,20,1450,951.63,2500,29000,21532.6,7467.4,CABA,Revendedor
V004347,2025-05-21,C043,P011,14,2600,1724.23,1800,36400,25939.22,10460.78,Oeste,Lavandería
V004348,2025-09-29,C017,P020,24,850,516.91,1800,20400,14205.84,6194.16,Norte,Minorista
V004349,2025-04-04,C025,P005,13,1700,1042.51,3200,22100,16752.63,5347.37,Oeste,Gastronomía
V004350,2025-09-19,C008,P007,22,1100,662.11,0,24200,14566.42,9633.58,Norte,Minorista
V004351,2025-09-11,C041,P002,32,3200,1603.61,4500,102400,55815.52,46584.48,Sur,Mayorista
V004352,2025-07-04,C034,P010,9,1700,889.78,4500,15300,12508.02,2791.98,Sur,Lavandería
V004353,2025-09-08,C062,P009,19,1450,892.79,1800,27550,18763.01,8786.99,Oeste,Minorista
V004354,2025-06-06,C055,P010,4,850,496.69,2500,3400,4486.76,-1086.76,Oeste,Lavandería
V004355,2025-06-02,C070,P014,9,2600,1475.23,1800,23400,15077.07,8322.93,Oeste,Lavandería
V004356,2025-08-25,C076,P008,23,1450,923.32,2500,33350,23736.36,9613.64,CABA,Revendedor
V004357,2025-02-21,C018,P004,2,1450,704.48,1200,2900,2608.96,291.04,Norte,Gastronomía
V004358,2025-07-01,C026,P020,28,850,426.89,2500,23800,14452.92,9347.08,CABA,Revendedor
V004359,2025-11-11,C029,P005,17,2600,1267.4,3200,44200,24745.8,19454.2,Oeste,Lavandería
V004360,2025-03-11,C047,P004,31,1450,766.05,4500,44950,28247.55,16702.45,Sur,Minorista
V004361,2025-04-22,C017,P012,4,1250,824.86,4500,5000,7799.44,-2799.44,Norte,Mayorista
V004362,2025-12-12,C077,P017,34,1450,1025.81,1200,49300,36077.54,13222.46,Sur,Revendedor
V004363,2025-10-21,C046,P005,16,2100,1053.77,2500,33600,19360.32,14239.68,Norte,Revendedor
V004364,2025-08-01,C034,P011,20,3900,2525.94,1800,78000,52318.8,25681.2,Norte,Lavandería
V004365,2025-09-17,C015,P006,29,1250,817.69,2500,36250,26213.01,10036.99,Norte,Mayorista
V004366,2025-08-13,C014,P017,15,1100,752.4,4500,16500,15786.0,714.0,Norte,Minorista
V004367,2025-03-24,C028,P020,14,2100,1442.7,1200,29400,21397.8,8002.2,Sur,Lavandería
V004368,2025-02-22,C060,P014,18,850,564.35,1800,15300,11958.3,3341.7,CABA,Gastronomía
V004369,2025-07-19,C044,P012,7,950,493.25,2500,6650,5952.75,697.25,Oeste,Revendedor
V004370,2025-02-10,C016,P001,23,850,599.3,4500,19550,18283.9,1266.1,Oeste,Revendedor
V004371,2025-11-05,C021,P002,31,1450,932.35,1800,44950,30702.85,14247.15,Norte,Mayorista
V004372,2025-09-27,C018,P015,27,2600,1548.47,1800,70200,43608.69,26591.31,Oeste,Mayorista
V004373,2025-11-16,C027,P011,17,1250,873.2,1200,21250,16044.4,5205.6,Sur,Mayorista
V004374,2025-03-10,C057,P017,14,3900,2263.46,4500,54600,36188.44,18411.56,Oeste,Minorista
V004375,2025-06-26,C016,P002,1,1100,628.15,2500,1100,3128.15,-2028.15,Sur,Mayorista
V004376,2025-02-04,C033,P007,17,3200,1831.96,3200,54400,34343.32,20056.68,Sur,Gastronomía
V004377,2025-04-21,C064,P003,24,1700,1010.37,0,40800,24248.88,16551.12,CABA,Gastronomía
V004378,2025-04-03,C001,P018,13,950,582.79,1200,12350,8776.27,3573.73,CABA,Revendedor
V004379,2025-07-05,C007,P016,14,1250,740.12,1200,17500,11561.68,5938.32,CABA,Mayorista
V004380,2025-11-10,C061,P007,18,950,625.19,3200,17100,14453.42,2646.58,Norte,Minorista
V004381,2025-03-23,C059,P012,2,3200,1650.72,3200,6400,6501.44,-101.44,CABA,Minorista
V004382,2025-11-08,C008,P016,10,1100,535.27,4500,11000,9852.7,1147.3,Sur,Minorista
V004383,2025-03-22,C016,P017,18,1700,889.43,3200,30600,19209.74,11390.26,Norte,Revendedor
V004384,2025-07-31,C005,P005,16,1250,622.62,1800,20000,11761.92,8238.08,Sur,Gastronomía
V004385,2025-02-28,C059,P012,29,3900,1899.66,1200,113100,56290.14,56809.86,Oeste,Minorista
V004386,2025-10-10,C068,P018,4,2100,1443.32,3200,8400,8973.28,-573.28,Norte,Minorista
V004387,2025-08-27,C044,P001,11,1450,738.37,1200,15950,9322.07,6627.93,CABA,Minorista
V004388,2025-08-16,C066,P018,28,2600,1653.37,3200,72800,49494.36,23305.64,Sur,Gastronomía
V004389,2025-06-24,C070,P011,1,3900,2189.1,0,3900,2189.1,1710.9,Norte,Gastronomía
V004390,2025-01-23,C038,P020,29,1100,765.93,2500,31900,24711.97,7188.03,Sur,Revendedor
V004391,2025-05-30,C051,P005,29,1100,660.45,1800,31900,20953.05,10946.95,CABA,Revendedor
V004392,2025-03-05,C037,P005,3,1450,972.04,1200,4350,4116.12,233.88,Norte,Gastronomía
V004393,2025-01-24,C034,P013,10,950,567.03,2500,9500,8170.3,1329.7,Norte,Mayorista
V004394,2025-06-01,C078,P007,19,950,553.07,4500,18050,15008.33,3041.67,Sur,Lavandería
V004395,2025-05-12,C005,P015,27,3900,2350.06,4500,105300,67951.62,37348.38,Norte,Revendedor
V004396,2025-06-11,C058,P009,5,950,468.45,4500,4750,6842.25,-2092.25,Sur,Lavandería
V004397,2025-11-25,C020,P014,19,950,570.91,3200,18050,14047.29,4002.71,Oeste,Revendedor
V004398,2025-08-19,C069,P020,21,1250,736.35,0,26250,15463.35,10786.65,CABA,Mayorista
V004399,2025-05-23,C074,P007,8,2100,1381.23,1800,16800,12849.84,3950.16,Oeste,Gastronomía
V004400,2025-05-07,C057,P018,1,1450,849.26,1800,1450,2649.26,-1199.26,CABA,Lavandería
V004401,2025-11-18,C076,P007,25,1700,843.86,3200,42500,24296.5,18203.5,Sur,Gastronomía
V004402,2025-07-21,C075,P006,28,3900,2002.63,0,109200,56073.64,53126.36,Oeste,Mayorista
V004403,2025-08-29,C027,P011,32,950,488.14,2500,30400,18120.48,12279.52,Sur,Mayorista
V004404,2025-02-07,C020,P008,1,850,520.72,1800,850,2320.72,-1470.72,Sur,Revendedor
V004405,2025-10-22,C045,P019,8,1700,911.52,4500,13600,11792.16,1807.84,Norte,Mayorista
V004406,2025-06-24,C050,P013,2,850,526.39,4500,1700,5552.78,-3852.78,CABA,Gastronomía
V004407,2025-09-09,C069,P007,27,3900,1915.22,1200,105300,52910.94,52389.06,CABA,Mayorista
V004408,2025-05-18,C010,P008,26,1700,1082.93,1200,44200,29356.18,14843.82,Norte,Lavandería
V004409,2025-10-02,C035,P020,29,2600,1757.41,0,75400,50964.89,24435.11,Sur,Minorista
V004410,2025-08-07,C006,P001,32,1450,1022.65,0,46400,32724.8,13675.2,Norte,Mayorista
V004411,2025-05-07,C057,P002,4,1450,951.17,0,5800,3804.68,1995.32,Sur,Gastronomía
V004412,2025-05-26,C026,P013,29,950,606.55,4500,27550,22089.95,5460.05,Sur,Mayorista
V004413,2025-09-15,C059,P014,12,950,662.69,2500,11400,10452.28,947.72,Sur,Gastronomía
V004414,2025-01-04,C042,P009,24,3200,1871.71,0,76800,44921.04,31878.96,Oeste,Gastronomía
V004415,2025-10-04,C064,P010,5,1450,755.28,3200,7250,6976.4,273.6,Norte,Mayorista
V004416,2025-11-18,C009,P009,7,3900,2342.91,2500,27300,18900.37,8399.63,Oeste,Lavandería
V004417,2025-04-17,C034,P019,12,950,600.32,1200,11400,8403.84,2996.16,Oeste,Mayorista
V004418,2025-10-23,C075,P017,11,950,527.6,0,10450,5803.6,4646.4,CABA,Lavandería
V004419,2025-12-24,C016,P007,9,850,467.05,1800,7650,6003.45,1646.55,Norte,Gastronomía
V004420,2025-08-03,C059,P016,5,1700,1154.66,4500,8500,10273.3,-1773.3,Norte,Minorista
V004421,2025-08-26,C049,P013,1,1450,805.85,3200,1450,4005.85,-2555.85,Oeste,Revendedor
V004422,2025-02-13,C013,P013,20,1700,995.59,2500,34000,22411.8,11588.2,Sur,Lavandería
V004423,2025-07-24,C048,P016,28,2100,1210.04,1800,58800,35681.12,23118.88,Sur,Lavandería
V004424,2025-01-24,C072,P012,9,850,510.03,4500,7650,9090.27,-1440.27,Norte,Mayorista
V004425,2025-10-28,C056,P010,22,1700,1194.04,0,37400,26268.88,11131.12,Sur,Gastronomía
V004426,2025-02-01,C037,P019,35,3200,1916.24,1200,112000,68268.4,43731.6,Sur,Mayorista
V004427,2025-08-28,C047,P010,18,1100,571.99,2500,19800,12795.82,7004.18,CABA,Revendedor
V004428,2025-07-05,C006,P014,11,3900,2645.95,2500,42900,31605.45,11294.55,Oeste,Revendedor
V004429,2025-08-10,C036,P002,4,2100,1411.4,1200,8400,6845.6,1554.4,Norte,Lavandería
V004430,2025-08-10,C026,P019,3,1250,648.67,0,3750,1946.01,1803.99,Norte,Mayorista
V004431,2025-01-29,C025,P003,35,1250,899.95,1200,43750,32698.25,11051.75,Oeste,Minorista
V004432,2025-02-10,C014,P004,33,1450,928.67,2500,47850,33146.11,14703.89,Norte,Gastronomía
V004433,2025-09-14,C069,P011,22,3200,1918.58,1800,70400,44008.76,26391.24,Oeste,Gastronomía
V004434,2025-07-02,C020,P019,26,950,534.34,1800,24700,15692.84,9007.16,Oeste,Lavandería
V004435,2025-11-08,C059,P009,23,2600,1689.49,3200,59800,42058.27,17741.73,Oeste,Gastronomía
V004436,2025-02-07,C058,P019,35,1250,795.05,2500,43750,30326.75,13423.25,CABA,Mayorista
V004437,2025-06-18,C045,P013,28,3900,2276.38,1200,109200,64938.64,44261.36,Oeste,Revendedor
V004438,2025-12-31,C074,P012,35,2100,1342.8,0,73500,46998.0,26502.0,Sur,Revendedor
V004439,2025-03-14,C042,P013,3,950,592.8,4500,2850,6278.4,-3428.4,CABA,Lavandería
V004440,2025-03-08,C034,P014,20,2600,1510.64,1200,52000,31412.8,20587.2,Oeste,Lavandería
V004441,2025-12-17,C069,P010,9,2100,1272.71,1800,18900,13254.39,5645.61,CABA,Lavandería
V004442,2025-10-30,C059,P007,28,2600,1600.3,3200,72800,48008.4,24791.6,CABA,Minorista
V004443,2025-01-03,C017,P016,5,3900,2582.43,4500,19500,17412.15,2087.85,Norte,Mayorista
V004444,2025-01-05,C025,P018,30,1100,554.63,1200,33000,17838.9,15161.1,CABA,Gastronomía
V004445,2025-11-23,C010,P019,3,1450,1008.86,4500,4350,7526.58,-3176.58,Sur,Mayorista
V004446,2025-06-06,C035,P014,12,1100,537.41,2500,13200,8948.92,4251.08,Norte,Lavandería
V004447,2025-07-28,C028,P008,14,1700,830.88,1200,23800,12832.32,10967.68,Norte,Mayorista
V004448,2025-03-09,C050,P005,21,1250,802.08,0,26250,16843.68,9406.32,Norte,Minorista
V004449,2025-05-01,C007,P016,21,1700,1201.32,3200,35700,28427.72,7272.28,Norte,Minorista
V004450,2025-12-11,C036,P006,4,1100,761.41,3200,4400,6245.64,-1845.64,Norte,Mayorista
V004451,2025-06-27,C007,P016,18,1700,821.91,4500,30600,19294.38,11305.62,Oeste,Mayorista
V004452,2025-04-05,C066,P002,30,850,436.5,1800,25500,14895.0,10605.0,CABA,Gastronomía
V004453,2025-04-14,C012,P001,1,2600,1550.15,4500,2600,6050.15,-3450.15,Oeste,Mayorista
V004454,2025-12-13,C043,P008,9,2600,1544.22,4500,23400,18397.98,5002.02,Oeste,Lavandería
V004455,2025-08-12,C046,P011,17,2600,1496.25,2500,44200,27936.25,16263.75,Oeste,Lavandería
V004456,2025-07-02,C061,P008,22,1700,942.47,0,37400,20734.34,16665.66,Norte,Lavandería
V004457,2025-02-19,C024,P013,27,2100,1061.3,4500,56700,33155.1,23544.9,Oeste,Revendedor
V004458,2025-04-22,C074,P005,18,1100,650.15,0,19800,11702.7,8097.3,Oeste,Minorista
V004459,2025-06-27,C008,P004,14,1450,985.02,1200,20300,14990.28,5309.72,Oeste,Revendedor
V004460,2025-01-26,C056,P006,31,3900,2671.98,3200,120900,86031.38,34868.62,Norte,Revendedor
V004461,2025-04-03,C037,P015,31,1250,664.57,3200,38750,23801.67,14948.33,CABA,Mayorista
V004462,2025-11-05,C078,P002,15,2600,1821.43,4500,39000,31821.45,7178.55,CABA,Mayorista
V004463,2025-08-15,C045,P020,16,3900,2524.22,1800,62400,42187.52,20212.48,Norte,Lavandería
V004464,2025-12-08,C012,P010,12,950,636.07,0,11400,7632.84,3767.16,Sur,Mayorista
V004465,2025-04-01,C005,P013,21,3900,1955.16,0,81900,41058.36,40841.64,Norte,Gastronomía
V004466,2025-04-08,C051,P009,14,2100,1142.59,1800,29400,17796.26,11603.74,Oeste,Mayorista
V004467,2025-10-16,C054,P019,6,1450,747.28,4500,8700,8983.68,-283.68,CABA,Minorista
V004468,2025-08-26,C020,P006,29,2100,1369.77,1200,60900,40923.33,19976.67,Norte,Mayorista
V004469,2025-08-25,C066,P002,33,2600,1823.17,1800,85800,61964.61,23835.39,Sur,Minorista
V004470,2025-01-29,C078,P007,13,3200,2112.47,1200,41600,28662.11,12937.89,CABA,Minorista
V004471,2025-01-23,C076,P002,4,2100,1114.7,1200,8400,5658.8,2741.2,Norte,Revendedor
V004472,2025-08-06,C061,P015,22,1450,836.07,3200,31900,21593.54,10306.46,Sur,Minorista
V004473,2025-09-03,C022,P018,20,2600,1656.23,1200,52000,34324.6,17675.4,Norte,Gastronomía
V004474,2025-08-04,C028,P008,12,1450,981.38,1800,17400,13576.56,3823.44,Sur,Revendedor
V004475,2025-05-26,C009,P011,19,2100,1378.36,1800,39900,27988.84,11911.16,CABA,Lavandería
V004476,2025-06-10,C064,P007,21,950,642.42,3200,19950,16690.82,3259.18,Norte,Minorista
V004477,2025-09-13,C051,P019,25,1700,1103.08,3200,42500,30777.0,11723.0,Norte,Revendedor
V004478,2025-07-29,C042,P014,1,850,568.27,4500,850,5068.27,-4218.27,Oeste,Mayorista
V004479,2025-08-18,C041,P005,12,3900,2661.06,4500,46800,36432.72,10367.28,Norte,Revendedor
V004480,2025-05-12,C018,P003,1,3900,2021.53,1200,3900,3221.53,678.47,Norte,Minorista
V004481,2025-05-16,C044,P012,31,3900,2465.33,4500,120900,80925.23,39974.77,Oeste,Lavandería
V004482,2025-11-25,C017,P008,32,2100,1216.26,1800,67200,40720.32,26479.68,CABA,Gastronomía
V004483,2025-03-15,C055,P010,14,850,445.72,2500,11900,8740.08,3159.92,CABA,Revendedor
V004484,2025-02-09,C029,P016,10,1100,683.85,1200,11000,8038.5,2961.5,CABA,Minorista
V004485,2025-11-14,C026,P012,10,1450,1006.59,4500,14500,14565.9,-65.9,Oeste,Revendedor
V004486,2025-03-20,C022,P020,24,850,425.74,4500,20400,14717.76,5682.24,Norte,Revendedor
V004487,2025-07-21,C018,P018,17,850,502.02,2500,14450,11034.34,3415.66,Norte,Mayorista
V004488,2025-11-05,C007,P018,30,3200,2253.18,4500,96000,72095.4,23904.6,Norte,Lavandería
V004489,2025-07-26,C059,P020,2,850,601.98,2500,1700,3703.96,-2003.96,Oeste,Gastronomía
V004490,2025-06-05,C052,P014,26,2100,1314.21,4500,54600,38669.46,15930.54,Oeste,Lavandería
V004491,2025-12-17,C001,P019,20,1250,755.41,3200,25000,18308.2,6691.8,Oeste,Gastronomía
V004492,2025-01-09,C068,P011,22,3900,2041.2,4500,85800,49406.4,36393.6,Sur,Mayorista
V004493,2025-10-20,C062,P006,25,2100,1293.04,1200,52500,33526.0,18974.0,Oeste,Mayorista
V004494,2025-06-17,C058,P006,32,1250,789.6,1800,40000,27067.2,12932.8,Sur,Revendedor
V004495,2025-11-07,C022,P016,4,1450,858.7,1200,5800,4634.8,1165.2,Oeste,Gastronomía
V004496,2025-11-23,C033,P014,27,2100,1061.1,1800,56700,30449.7,26250.3,CABA,Gastronomía
V004497,2025-11-03,C050,P003,35,850,607.99,3200,29750,24479.65,5270.35,Sur,Mayorista
V004498,2025-09-15,C071,P013,34,3200,2270.0,3200,108800,80380.0,28420.0,Oeste,Gastronomía
V004499,2025-05-09,C078,P009,2,1250,804.05,4500,2500,6108.1,-3608.1,Norte,Minorista
V004500,2025-09-24,C055,P020,21,2100,1411.2,1200,44100,30835.2,13264.8,Norte,Gastronomía
V004501,2025-01-25,C072,P018,15,1250,860.65,3200,18750,16109.75,2640.25,Oeste,Revendedor
V004502,2025-01-15,C016,P013,13,1450,859.18,3200,18850,14369.34,4480.66,CABA,Mayorista
V004503,2025-11-27,C027,P016,32,3900,2779.4,1200,124800,90140.8,34659.2,CABA,Minorista
V004504,2025-12-11,C021,P006,2,950,543.91,0,1900,1087.82,812.18,Norte,Mayorista
V004505,2025-01-16,C001,P005,16,3900,1965.04,1200,62400,32640.64,29759.36,Oeste,Minorista
V004506,2025-04-10,C032,P013,14,950,522.37,0,13300,7313.18,5986.82,Oeste,Minorista
V004507,2025-03-27,C063,P002,12,1250,636.66,3200,15000,10839.92,4160.08,Sur,Lavandería
V004508,2025-04-06,C005,P004,12,3900,2197.43,0,46800,26369.16,20430.84,Oeste,Minorista
V004509,2025-12-06,C059,P016,21,2100,1463.64,4500,44100,35236.44,8863.56,CABA,Minorista
V004510,2025-12-24,C001,P004,6,2600,1482.76,1800,15600,10696.56,4903.44,Oeste,Mayorista
V004511,2025-05-31,C040,P017,16,1450,1040.93,3200,23200,19854.88,3345.12, sur ,Minorista
V004512,2025-07-10,C010,P011,19,2600,1437.97,3200,49400,30521.43,18878.57,CABA,Minorista
V004513,2025-08-27,C008,P018,29,850,435.21,1200,24650,13821.09,10828.91,Oeste,Minorista
V004514,2025-05-11,C007,P002,16,3200,1543.43,3200,51200,27894.88,23305.12,Oeste,Gastronomía
V004515,2025-11-18,C073,P004,12,1250,650.32,2500,15000,10303.84,4696.16,CABA,Minorista
V004516,2025-07-11,C077,P007,12,1450,938.87,3200,17400,14466.44,2933.56,Oeste,Mayorista
V004517,2025-12-16,C045,P006,29,2100,1088.73,1200,60900,32773.17,28126.83,CABA,Mayorista
V004518,2025-02-15,C029,P004,7,2100,1243.53,1800,14700,10504.71,4195.29,Norte,Mayorista
V004519,2025-09-28,C028,P006,25,2600,1672.09,0,65000,41802.25,23197.75,CABA,Lavandería
V004520,2025-08-17,C065,P004,8,2100,1505.56,2500,16800,14544.48,2255.52,Sur,Mayorista
V004521,2025-11-03,C001,P006,21,950,531.95,3200,19950,14370.95,5579.05,Sur,Gastronomía
V004522,2025-03-28,C056,P015,15,850,442.81,0,12750,6642.15,6107.85,Norte,Minorista
V004523,2025-09-05,C044,P007,2,1450,1025.01,0,2900,2050.02,849.98,Norte,Mayorista
V004524,2025-02-09,C078,P017,18,950,469.83,1800,17100,10256.94,6843.06,CABA,Lavandería
V004525,2025-06-15,C041,P001,34,1450,870.63,1200,49300,30801.42,18498.58,Norte,Lavandería
V004526,2025-09-08,C058,P002,15,2600,1562.63,2500,39000,25939.45,13060.55,Sur,Revendedor
V004527,2025-09-09,C007,P001,15,850,540.68,2500,12750,10610.2,2139.8,Norte,Gastronomía
V004528,2025-01-21,C044,P017,15,1700,949.69,0,25500,14245.35,11254.65,CABA,Lavandería
V004529,2025-03-25,C057,P006,30,3900,2791.06,1200,117000,84931.8,32068.2,Oeste,Revendedor
V004530,2025-04-06,C073,P001,8,3200,2233.17,1200,25600,19065.36,6534.64,CABA,Gastronomía
V004531,2025-02-25,C012,P006,5,1250,676.69,2500,6250,5883.45,366.55,Oeste,Lavandería
V004532,2025-10-01,C004,P003,3,1700,828.02,1800,5100,4284.06,815.94,CABA,Lavandería
V004533,2025-06-11,C009,P003,31,1450,993.84,2500,44950,33309.04,11640.96,CABA,Minorista
V004534,2025-08-24,C007,P013,18,3200,1806.06,2500,57600,35009.08,22590.92,Sur,Revendedor
V004535,2025-10-12,C052,P007,6,1100,764.08,1800,6600,6384.48,215.52,CABA,Lavandería
V004536,2025-12-05,C078,P001,20,1450,884.97,0,29000,17699.4,11300.6,Oeste,Revendedor
V004537,2025-12-03,C067,P004,4,950,478.75,1800,3800,3715.0,85.0,Norte,Lavandería
V004538,2025-09-13,C052,P015,29,2100,1462.67,3200,60900,45617.43,15282.57,Norte,Mayorista
V004539,2025-05-18,C073,P013,2,950,566.34,3200,1900,4332.68,-2432.68,Oeste,Minorista
V004540,2025-08-19,C055,P010,22,950,668.49,2500,20900,17206.78,3693.22,Sur,Minorista
V004541,2025-03-08,C020,P007,1,1450,940.98,1800,1450,2740.98,-1290.98,Oeste,Gastronomía
V004542,2025-08-20,C065,P006,29,2600,1658.04,1800,75400,49883.16,25516.84,Oeste,Mayorista
V004543,2025-01-31,C080,P012,12,3200,1741.65,3200,38400,24099.8,14300.2,Sur,Mayorista
V004544,2025-07-04,C065,P016,12,2600,1845.37,3200,31200,25344.44,5855.56,Oeste,Mayorista
V004545,2025-11-18,C044,P016,2,1100,712.81,1800,2200,3225.62,-1025.62,CABA,Revendedor
V004546,2025-05-05,C074,P017,26,2100,1106.51,3200,54600,31969.26,22630.74,Norte,Lavandería
V004547,2025-05-27,C069,P010,18,1100,706.81,1200,19800,13922.58,5877.42,Oeste,Gastronomía
V004548,2025-07-21,C045,P005,16,3900,1944.48,4500,62400,35611.68,26788.32,Sur,Lavandería
V004549,2025-07-27,C022,P005,31,1250,700.05,1200,38750,22901.55,15848.45,Oeste,Gastronomía
V004550,2025-01-02,C050,P006,4,950,549.71,1200,3800,3398.84,401.16,Oeste,Gastronomía
V004551,2025-01-31,C015,P009,9,950,541.36,4500,8550,9372.24,-822.24,Oeste,Gastronomía
V004552,2025-12-19,C044,P006,27,1250,720.35,3200,33750,22649.45,11100.55,Sur,Mayorista
V004553,2025-04-22,C025,P012,30,850,465.8,1800,25500,15774.0,9726.0,Norte,Gastronomía
V004554,2025-03-02,C040,P007,18,1450,1021.04,0,26100,18378.72,7721.28,CABA,Minorista
V004555,2025-08-28,C044,P009,17,1450,1041.09,1800,24650,19498.53,5151.47,Sur,Gastronomía
V004556,2025-03-27,C011,P018,35,1450,758.51,4500,50750,31047.85,19702.15,Norte,Lavandería
V004557,2025-05-02,C065,P004,24,950,492.8,0,22800,11827.2,10972.8,CABA,Lavandería
V004558,2025-05-20,C063,P020,12,1450,925.9,1800,17400,12910.8,4489.2,Oeste,Revendedor
V004559,2025-11-02,C065,P015,12,1450,849.44,1200,17400,11393.28,6006.72,Norte,Mayorista
V004560,2025-11-30,C080,P020,34,2600,1481.79,4500,88400,54880.86,33519.14,CABA,Gastronomía
V004561,2025-05-03,C001,P002,30,1700,1146.28,1800,51000,36188.4,14811.6,Norte,Minorista
V004562,2025-09-28,C029,P009,31,3900,2038.07,4500,120900,67680.17,53219.83,Oeste,Minorista
V004563,2025-06-23,C060,P018,11,1450,808.85,1200,15950,10097.35,5852.65,CABA,Minorista
V004564,2025-09-15,C012,P005,17,2100,1501.76,1200,35700,26729.92,8970.08,Sur,Revendedor
V004565,2025-11-24,C050,P006,20,1250,823.43,4500,25000,20968.6,4031.4,CABA,Gastronomía
V004566,2025-11-20,C054,P001,28,2100,1379.14,3200,58800,41815.92,16984.08,Sur,Minorista
V004567,2025-01-14,C049,P020,27,1250,824.99,1800,33750,24074.73,9675.27,CABA,Mayorista
V004568,2025-02-02,C067,P016,3,2100,1178.44,2500,6300,6035.32,264.68,CABA,Gastronomía
V004569,2025-08-13,C011,P012,1,950,480.51,1200,950,1680.51,-730.51,Norte,Minorista
V004570,2025-03-13,C025,P003,27,850,408.34,1800,22950,12825.18,10124.82,CABA,Mayorista
V004571,2025-09-04,C022,P018,35,2100,1405.76,3200,73500,52401.6,21098.4,Oeste,Mayorista
V004572,2025-02-27,C023,P002,26,950,516.25,4500,24700,17922.5,6777.5,Norte,Mayorista
V004573,2025-07-10,C005,P015,26,2100,1319.41,4500,54600,38804.66,15795.34,Sur,Revendedor
V004574,2025-05-14,C021,P002,4,950,521.19,1800,3800,3884.76,-84.76,Norte,Mayorista
V004575,2025-05-12,C051,P001,31,1250,852.66,1200,38750,27632.46,11117.54,Oeste,Revendedor
V004576,2025-08-05,C009,P012,24,1100,664.97,1800,26400,17759.28,8640.72,Norte,Lavandería
V004577,2025-06-15,C061,P014,14,2600,1686.25,3200,36400,26807.5,9592.5,Oeste,Revendedor
V004578,2025-04-28,C004,P011,21,2600,1546.18,2500,54600,34969.78,19630.22,Oeste,Lavandería
V004579,2025-08-16,C056,P001,31,1450,946.52,0,44950,29342.12,15607.88,CABA,Gastronomía
V004580,2025-10-28,C028,P020,18,3200,1615.39,0,57600,29077.02,28522.98,Norte,Mayorista
V004581,2025-10-19,C008,P008,22,2100,1382.01,1200,46200,31604.22,14595.78,Norte,Revendedor
V004582,2025-11-20,C053,P020,25,2100,1369.21,3200,52500,37430.25,15069.75,Sur,Mayorista
V004583,2025-07-02,C040,P015,26,850,592.98,1800,22100,17217.48,4882.52,CABA,Mayorista
V004584,2025-02-14,C008,P003,33,1450,741.08,1200,47850,25655.64,22194.36,Oeste,Lavandería
V004585,2025-06-09,C037,P004,34,850,586.8,1200,28900,21151.2,7748.8,Norte,Gastronomía
V004586,2025-10-26,C038,P002,33,1700,1216.93,3200,56100,43358.69,12741.31,Oeste,Gastronomía
V004587,2025-07-27,C048,P008,22,1100,739.49,4500,24200,20768.78,3431.22,Oeste,Lavandería
V004588,2025-08-21,C076,P011,3,2600,1698.99,2500,7800,7596.97,203.03,Norte,Gastronomía
V004589,2025-08-23,C029,P016,17,3200,2159.94,4500,54400,41218.98,13181.02,Norte,Mayorista
V004590,2025-06-19,C010,P006,11,1700,1198.79,4500,18700,17686.69,1013.31,Norte,Lavandería
V004591,2025-08-23,C076,P002,6,2600,1750.59,1200,15600,11703.54,3896.46,Oeste,Lavandería
V004592,2025-10-29,C023,P020,18,3900,2513.77,2500,70200,47747.86,22452.14,Norte,Mayorista
V004593,2025-04-18,C080,P013,32,1450,932.17,3200,46400,33029.44,13370.56,CABA,Mayorista
V004594,2025-01-31,C029,P017,22,1450,709.24,0,31900,15603.28,16296.72,CABA,Revendedor
V004595,2025-05-15,C012,P011,6,1100,602.68,2500,6600,6116.08,483.92,Norte,Lavandería
V004596,2025-06-13,C029,P018,22,950,617.23,1200,20900,14779.06,6120.94,Sur,Lavandería
V004597,2025-12-28,C032,P011,11,3900,2138.12,0,42900,23519.32,19380.68,Norte,Mayorista
V004598,2025-08-11,C022,P001,18,850,512.27,1200,15300,10420.86,4879.14,CABA,Lavandería
V004599,2025-05-06,C027,P009,27,950,471.72,3200,25650,15936.44,9713.56,Sur,Revendedor
V004600,2025-09-11,C025,P015,10,3200,1673.9,2500,32000,19239.0,12761.0,Norte,Revendedor
V004601,2025-04-07,C028,P017,3,1450,731.64,3200,4350,5394.92,-1044.92,CABA,Lavandería
V004602,2025-02-13,C050,P002,16,1250,895.62,4500,20000,18829.92,1170.08,Oeste,Minorista
V004603,2025-09-16,C048,P010,19,950,576.64,1800,18050,12756.16,5293.84,Oeste,Lavandería
V004604,2025-12-01,C056,P002,12,850,536.61,1200,10200,7639.32,2560.68,CABA,Mayorista
V004605,2025-08-30,C071,P018,4,1100,708.62,0,4400,2834.48,1565.52,CABA,Revendedor
V004606,2025-05-04,C054,P016,27,2600,1834.27,2500,70200,52025.29,18174.71,Sur,Mayorista
V004607,2025-08-02,C044,P015,25,1450,820.26,1800,36250,22306.5,13943.5,Norte,Revendedor
V004608,2025-01-30,C027,P009,33,950,595.85,4500,31350,24163.05,7186.95,Norte,Mayorista
V004609,2025-07-03,C015,P004,4,1100,628.8,1200,4400,3715.2,684.8,Norte,Gastronomía
V004610,2025-04-16,C031,P002,35,3900,2556.76,1200,136500,90686.6,45813.4,Oeste,Mayorista
V004611,2025-04-07,C011,P007,24,950,526.98,4500,22800,17147.52,5652.48,Norte,Gastronomía
V004612,2025-01-15,C060,P001,10,2100,1134.2,2500,21000,13842.0,7158.0,Oeste,Lavandería
V004613,2025-01-08,C050,P015,19,950,528.92,0,18050,10049.48,8000.52,Norte,Gastronomía
V004614,2025-09-17,C062,P014,11,950,668.62,2500,10450,9854.82,595.18,Norte,Revendedor
V004615,2025-05-06,C033,P005,30,3900,2296.58,0,117000,68897.4,48102.6,Oeste,Revendedor
V004616,2025-05-25,C007,P014,21,2600,1820.97,1800,54600,40040.37,14559.63,Oeste,Minorista
V004617,2025-03-22,C030,P012,33,3900,2065.05,2500,128700,70646.65,58053.35,CABA,Mayorista
V004618,2025-07-11,C070,P006,35,1450,880.69,3200,50750,34024.15,16725.85,CABA,Revendedor
V004619,2025-12-09,C076,P010,23,950,543.57,4500,21850,17002.11,4847.89,Norte,Revendedor
V004620,2025-10-26,C009,P019,18,1700,1157.17,2500,30600,23329.06,7270.94,Norte,Gastronomía
V004621,2025-08-10,C033,P011,10,1250,847.4,0,12500,8474.0,4026.0,CABA,Gastronomía
V004622,2025-02-07,C048,P006,20,1100,786.27,4500,22000,20225.4,1774.6,Sur,Lavandería
V004623,2025-10-03,C047,P011,17,2600,1803.72,0,44200,30663.24,13536.76,Sur,Lavandería
V004624,2025-11-03,C045,P002,8,1450,826.76,0,11600,6614.08,4985.92,Oeste,Lavandería
V004625,2025-09-08,C019,P011,3,1100,767.6,4500,3300,6802.8,-3502.8,CABA,Minorista
V004626,2025-12-20,C040,P003,30,2600,1809.79,0,78000,54293.7,23706.3,Sur,Mayorista
V004627,2025-05-19,C055,P002,16,950,550.3,1200,15200,10004.8,5195.2,Norte,Minorista
V004628,2025-09-07,C076,P020,9,950,543.86,1800,8550,6694.74,1855.26,Norte,Lavandería
V004629,2025-06-15,C023,P016,23,1450,921.36,4500,33350,25691.28,7658.72,Oeste,Mayorista
V004630,2025-10-15,C052,P016,33,1700,1191.53,1800,56100,41120.49,14979.51,CABA,Lavandería
V004631,2025-07-20,C067,P017,5,1700,962.3,2500,8500,7311.5,1188.5,CABA,Gastronomía
V004632,2025-07-06,C054,P014,6,2100,1216.95,3200,12600,10501.7,2098.3,Norte,Minorista
V004633,2025-10-17,C031,P014,16,2100,1134.45,4500,33600,22651.2,10948.8,CABA,Gastronomía
V004634,2025-10-19,C048,P011,8,2100,1066.75,0,16800,8534.0,8266.0,Oeste,Mayorista
V004635,2025-10-28,C043,P014,13,1100,562.77,1800,14300,9116.01,5183.99,CABA,Revendedor
V004636,2025-03-18,C048,P013,26,950,591.31,0,24700,15374.06,9325.94,Oeste,Lavandería
V004637,2025-10-18,C058,P010,25,3900,2326.97,1800,97500,59974.25,37525.75,Sur,Revendedor
V004638,2025-09-17,C078,P014,13,950,586.34,1200,12350,8822.42,3527.58,CABA,Gastronomía
V004639,2025-03-24,C064,P002,17,1250,716.6,1200,21250,13382.2,7867.8,Oeste,Gastronomía
V004640,2025-10-16,C011,P014,17,1100,590.06,0,18700,10031.02,8668.98,Oeste,Lavandería
V004641,2025-05-25,C052,P019,1,950,567.23,1200,950,1767.23,-817.23,CABA,Revendedor
V004642,2025-02-16,C074,P017,28,1250,740.01,4500,35000,25220.28,9779.72,CABA,Revendedor
V004643,2025-07-05,C045,P008,25,850,493.69,1200,21250,13542.25,7707.75,Oeste,Mayorista
V004644,2025-01-07,C053,P007,23,2100,1245.11,4500,48300,33137.53,15162.47,Norte,Lavandería
V004645,2025-08-21,C048,P013,19,1100,730.32,3200,20900,17076.08,3823.92,Norte,Minorista
V004646,2025-01-01,C039,P001,3,1250,856.54,1200,3750,3769.62,-19.62,Sur,Mayorista
V004647,2025-01-10,C028,P005,20,3200,1669.72,2500,64000,35894.4,28105.6,Norte,Lavandería
V004648,2025-04-16,C042,P005,15,1700,1158.33,0,25500,17374.95,8125.05,CABA,Revendedor
V004649,2025-09-21,C020,P001,16,3200,1538.54,2500,51200,27116.64,24083.36,Norte,Revendedor
V004650,2025-12-08,C053,P005,5,3200,1793.16,4500,16000,13465.8,2534.2,CABA,Minorista
V004651,2025-02-18,C021,P017,6,2600,1550.28,3200,15600,12501.68,3098.32,CABA,Mayorista
V004652,2025-11-23,C051,P014,25,2100,1123.18,4500,52500,32579.5,19920.5,Norte,Lavandería
V004653,2025-03-31,C065,P003,16,1100,637.33,1800,17600,11997.28,5602.72,Norte,Gastronomía
V004654,2025-01-06,C025,P007,32,3900,1918.1,1200,124800,62579.2,62220.8,Norte,Minorista
V004655,2025-04-26,C063,P012,14,1700,1074.24,1200,23800,16239.36,7560.64,CABA,Mayorista
V004656,2025-03-21,C033,P011,9,2600,1842.58,1800,23400,18383.22,5016.78,Sur,Lavandería
V004657,2025-02-20,C075,P011,4,1250,616.35,2500,5000,4965.4,34.6,Sur,Revendedor
V004658,2025-02-01,C059,P003,9,2100,1174.2,1800,18900,12367.8,6532.2,Norte,Revendedor
V004659,2025-11-06,C010,P017,23,1100,739.02,3200,25300,20197.46,5102.54,Oeste,Revendedor
V004660,2025-09-15,C022,P001,5,1700,865.29,3200,8500,7526.45,973.55,Sur,Lavandería
V004661,2025-09-12,C053,P009,6,1250,719.99,0,7500,4319.94,3180.06,Sur,Gastronomía
V004662,2025-08-14,C053,P012,9,3200,2228.91,1200,28800,21260.19,7539.81,Oeste,Lavandería
V004663,2025-02-25,C073,P011,18,3900,2495.76,0,70200,44923.68,25276.32,Oeste,Revendedor
V004664,2025-06-06,C072,P009,19,1250,801.27,4500,23750,19724.13,4025.87,Norte,Gastronomía
V004665,2025-08-23,C062,P014,26,950,620.58,1200,24700,17335.08,7364.92,Sur,Gastronomía
V004666,2025-11-17,C044,P001,3,3900,2668.36,4500,11700,12505.08,-805.08,Norte,Revendedor
V004667,2025-06-27,C052,P015,33,1250,642.49,1200,41250,22402.17,18847.83,Norte,Revendedor
V004668,2025-04-07,C050,P001,8,3900,2602.26,0,31200,20818.08,10381.92,Oeste,Lavandería
V004669,2025-01-16,C054,P013,7,3200,2131.2,4500,22400,19418.4,2981.6,Oeste,Lavandería
V004670,2025-01-18,C068,P016,35,850,611.03,2500,29750,23886.05,5863.95,Oeste,Minorista
V004671,2025-12-09,C018,P001,15,1250,765.17,3200,18750,14677.55,4072.45,CABA,Minorista
V004672,2025-03-22,C002,P019,28,2100,1437.62,2500,58800,42753.36,16046.64,Oeste,Lavandería
V004673,2025-03-25,C003,P007,29,1250,688.57,1800,36250,21768.53,14481.47,Oeste,Lavandería
V004674,2025-07-05,C054,P016,1,2600,1647.73,3200,2600,4847.73,-2247.73,CABA,Gastronomía
V004675,2025-07-27,C042,P016,19,1250,776.69,2500,23750,17257.11,6492.89,Sur,Minorista
V004676,2025-06-12,C034,P013,29,1250,780.31,0,36250,22628.99,13621.01,Sur,Gastronomía
V004677,2025-11-02,C001,P019,22,1450,1039.73,3200,31900,26074.06,5825.94,Sur,Mayorista
V004678,2025-12-05,C007,P012,34,3200,1865.28,0,108800,63419.52,45380.48,CABA,Mayorista
V004679,2025-06-19,C028,P004,9,3900,2621.55,2500,35100,26093.95,9006.05,Sur,Mayorista
V004680,2025-06-11,C035,P016,33,850,548.03,3200,28050,21284.99,6765.01,Norte,Revendedor
V004681,2025-01-27,C040,P001,6,1450,830.36,1800,8700,6782.16,1917.84,Sur,Minorista
V004682,2025-01-21,C004,P003,4,850,499.95,3200,3400,5199.8,-1799.8,Norte,Gastronomía
V004683,2025-07-20,C057,P008,20,2600,1424.63,2500,52000,30992.6,21007.4,Oeste,Revendedor
V004684,2025-11-22,C005,P018,18,950,504.03,3200,17100,12272.54,4827.46,Norte,Revendedor
V004685,2025-07-13,C064,P003,34,1250,643.04,1200,42500,23063.36,19436.64,CABA,Gastronomía
V004686,2025-05-31,C017,P018,17,1100,622.63,0,18700,10584.71,8115.29,CABA,Minorista
V004687,2025-10-26,C006,P007,23,3900,2153.02,4500,89700,54019.46,35680.54,CABA,Revendedor
V004688,2025-05-31,C022,P019,19,950,644.26,1800,18050,14040.94,4009.06,Sur,Revendedor
V004689,2025-11-16,C076,P002,15,1100,593.18,3200,16500,12097.7,4402.3,Sur,LAVANDERÍA
V004690,2025-08-28,C050,P014,3,2100,1427.02,4500,6300,8781.06,-2481.06,Norte,Minorista
V004691,2025-04-14,C040,P001,14,3900,2444.73,2500,54600,36726.22,17873.78,Oeste,Revendedor
V004692,2025-08-25,C037,P010,13,850,515.72,3200,11050,9904.36,1145.64,Oeste,Lavandería
V004693,2025-05-03,C021,P019,14,3900,2688.75,2500,54600,40142.5,14457.5,CABA,Mayorista
V004694,2025-07-17,C049,P008,33,1100,759.65,2500,36300,27568.45,8731.55,CABA,Gastronomía
V004695,2025-06-08,C072,P003,21,950,506.72,0,19950,10641.12,9308.88,CABA,Lavandería
V004696,2025-09-18,C054,P002,22,2600,1765.43,2500,57200,41339.46,15860.54,Sur,Lavandería
V004697,2025-02-06,C076,P005,9,850,586.41,0,7650,5277.69,2372.31,Oeste,Revendedor
V004698,2025-08-16,C041,P015,18,850,480.93,3200,15300,11856.74,3443.26,Oeste,Mayorista
V004699,2025-12-14,C002,P007,27,850,485.13,2500,22950,15598.51,7351.49,Sur,Minorista
V004700,2025-11-01,C022,P009,31,1100,627.79,1800,34100,21261.49,12838.51,Sur,Minorista
V004701,2025-04-07,C052,P010,27,2600,1839.57,4500,70200,54168.39,16031.61,Norte,Minorista
V004702,2025-12-22,C040,P011,15,2600,1470.39,1200,39000,23255.85,15744.15,Norte,Lavandería
V004703,2025-06-03,C039,P017,35,1100,787.54,1800,38500,29363.9,9136.1,Oeste,Lavandería
V004704,2025-12-02,C078,P019,4,950,642.13,1800,3800,4368.52,-568.52,CABA,Minorista
V004705,2025-02-27,C041,P014,31,1250,836.2,3200,38750,29122.2,9627.8,Norte,Minorista
V004706,2025-06-13,C059,P014,19,2100,1257.2,0,39900,23886.8,16013.2,Norte,Minorista
V004707,2025-12-05,C053,P018,1,3900,2381.74,3200,3900,5581.74,-1681.74,Oeste,Minorista
V004708,2025-10-26,C029,P009,28,1700,1102.64,1200,47600,32073.92,15526.08,Sur,Gastronomía
V004709,2025-09-18,C055,P002,16,1450,955.8,1800,23200,17092.8,6107.2,Sur,Mayorista
V004710,2025-12-19,C031,P007,35,3900,2013.08,1800,136500,72257.8,64242.2,Norte,Mayorista
V004711,2025-05-23,C042,P015,4,1700,847.47,1800,6800,5189.88,1610.12,Sur,Revendedor
V004712,2025-11-23,C018,P013,13,3200,1953.73,4500,41600,29898.49,11701.51,Oeste,Mayorista
V004713,2025-05-18,C019,P015,6,2100,1063.49,3200,12600,9580.94,3019.06,Sur,Mayorista
V004714,2025-12-19,C066,P013,30,1450,863.53,4500,43500,30405.9,13094.1,Oeste,Mayorista
V004715,2025-11-20,C061,P001,14,3200,1800.61,1800,44800,27008.54,17791.46,Sur,Revendedor
V004716,2025-08-16,C024,P014,34,950,586.14,1200,32300,21128.76,11171.24,CABA,Revendedor
V004717,2025-03-21,C023,P019,18,950,631.99,4500,17100,15875.82,1224.18,Oeste,Mayorista
V004718,2025-03-13,C066,P001,26,1100,620.01,4500,28600,20620.26,7979.74,Norte,Minorista
V004719,2025-09-14,C047,P009,22,1700,929.51,3200,37400,23649.22,13750.78,Oeste,Gastronomía
V004720,2025-10-03,C068,P008,6,1450,962.51,0,8700,5775.06,2924.94,Oeste,Gastronomía
V004721,2025-07-25,C029,P001,13,1100,661.34,2500,14300,11097.42,3202.58,Sur,Mayorista
V004722,2025-06-17,C039,P020,1,1450,1038.38,3200,1450,4238.38,-2788.38,Sur,Gastronomía
V004723,2025-08-15,C013,P014,33,3900,2540.11,4500,128700,88323.63,40376.37,Oeste,Minorista
V004724,2025-04-10,C019,P012,4,3200,1856.89,3200,12800,10627.56,2172.44,Sur,Revendedor
V004725,2025-06-10,C050,P010,14,1450,848.51,0,20300,11879.14,8420.86,Oeste,Mayorista
V004726,2025-01-11,C074,P006,24,3200,1873.43,3200,76800,48162.32,28637.68,Norte,Lavandería
V004727,2025-08-28,C028,P013,14,950,546.43,1200,13300,8850.02,4449.98,CABA,Revendedor
V004728,2025-05-31,C050,P002,7,2600,1346.4,2500,18200,11924.8,6275.2,Oeste,Revendedor
V004729,2025-01-08,C031,P007,26,1450,907.82,3200,37700,26803.32,10896.68,Norte,Lavandería
V004730,2025-05-25,C074,P003,6,2100,1414.74,1200,12600,9688.44,2911.56,Norte,Mayorista
V004731,2025-12-15,C005,P008,7,850,553.52,4500,5950,8374.64,-2424.64,CABA,Lavandería
V004732,2025-07-30,C031,P013,28,1100,787.97,1200,30800,23263.16,7536.84,Norte,Gastronomía
V004733,2025-06-12,C040,P003,19,850,516.82,1800,16150,11619.58,4530.42,Sur,Revendedor
V004734,2025-07-13,C020,P006,23,950,630.15,0,21850,14493.45,7356.55,CABA,Revendedor
V004735,2025-06-09,C068,P014,6,850,486.06,2500,5100,5416.36,-316.36,CABA,Minorista
V004736,2025-04-04,C050,P001,19,2100,1305.93,4500,39900,29312.67,10587.33,CABA,Lavandería
V004737,2025-05-15,C079,P011,13,3200,2172.91,3200,41600,31447.83,10152.17,CABA,Lavandería
V004738,2025-03-10,C040,P009,5,850,492.95,4500,4250,6964.75,-2714.75,Sur,Revendedor
V004739,2025-10-06,C037,P011,31,1250,854.51,1200,38750,27689.81,11060.19,CABA,Lavandería
V004740,2025-06-28,C008,P006,18,1100,764.78,3200,19800,16966.04,2833.96,Oeste,Gastronomía
V004741,2025-05-17,C033,P001,30,950,638.46,4500,28500,23653.8,4846.2,CABA,Lavandería
V004742,2025-03-29,C079,P017,24,850,442.46,4500,20400,15119.04,5280.96,CABA,Gastronomía
V004743,2025-11-24,C004,P014,28,2600,1306.83,3200,72800,39791.24,33008.76,Norte,Mayorista
V004744,2025-04-24,C026,P004,32,950,514.08,3200,30400,19650.56,10749.44,Norte,Gastronomía
V004745,2025-05-11,C009,P006,11,1450,958.3,3200,15950,13741.3,2208.7,Oeste,Mayorista
V004746,2025-01-03,C024,P017,5,1700,1136.74,1200,8500,6883.7,1616.3,CABA,Revendedor
V004747,2025-10-28,C046,P005,8,2600,1792.71,3200,20800,17541.68,3258.32,CABA,Minorista
V004748,2025-03-22,C054,P020,28,1100,616.22,0,30800,17254.16,13545.84,Norte,Minorista
V004749,2025-09-02,C030,P005,18,3900,1931.3,3200,70200,37963.4,32236.6,Norte,Mayorista
V004750,2025-01-28,C032,P006,24,850,559.34,1200,20400,14624.16,5775.84,Sur,Gastronomía
V004751,2025-11-04,C051,P005,16,3200,1712.91,1800,51200,29206.56,21993.44,Norte,Minorista
V004752,2025-12-14,C030,P016,26,1700,920.81,3200,44200,27141.06,17058.94,Norte,Mayorista
V004753,2025-10-15,C046,P017,2,1250,667.43,0,2500,1334.86,1165.14,Sur,Gastronomía
V004754,2025-02-19,C037,P018,27,1250,848.85,3200,33750,26118.95,7631.05,CABA,Revendedor
V004755,2025-06-13,C003,P011,4,1450,1022.2,3200,5800,7288.8,-1488.8,Sur,Minorista
V004756,2025-06-21,C075,P001,21,950,583.02,1200,19950,13443.42,6506.58,Sur,Lavandería
V004757,2025-03-29,C014,P002,4,2600,1405.96,1800,10400,7423.84,2976.16,Sur,Revendedor
V004758,2025-12-20,C030,P019,7,950,563.54,2500,6650,6444.78,205.22,Norte,Minorista
V004759,2025-01-16,C026,P009,23,2100,1274.05,3200,48300,32503.15,15796.85,Norte,Revendedor
V004760,2025-07-22,C043,P016,14,2600,1431.31,1800,36400,21838.34,14561.66,Sur,Lavandería
V004761,2025-07-13,C001,P015,9,1250,718.13,4500,11250,10963.17,286.83,CABA,Gastronomía
V004762,2025-08-29,C034,P004,10,850,521.9,3200,8500,8419.0,81.0,CABA,Mayorista
V004763,2025-08-12,C067,P020,14,3200,2027.07,1800,44800,30178.98,14621.02,Oeste,Revendedor
V004764,2025-12-14,C075,P010,1,1450,771.15,1200,1450,1971.15,-521.15,Norte,Minorista
V004765,2025-07-25,C003,P005,26,3900,2596.61,1800,101400,69311.86,32088.14,Sur,Lavandería
V004766,2025-07-11,C017,P014,27,3200,1758.47,3200,86400,50678.69,35721.31,CABA,Mayorista
V004767,2025-12-08,C013,P014,13,2100,1244.82,0,27300,16182.66,11117.34,Sur,Gastronomía
V004768,2025-03-18,C034,P018,5,1250,701.49,2500,6250,6007.45,242.55,Sur,Gastronomía
V004769,2025-03-22,C079,P017,15,3900,2078.12,1200,58500,32371.8,26128.2,Norte,Mayorista
V004770,2025-11-03,C047,P005,26,850,514.47,3200,22100,16576.22,5523.78,Norte,Mayorista
V004771,2025-04-03,C077,P018,30,1250,687.08,0,37500,20612.4,16887.6,CABA,Minorista
V004772,2025-05-11,C080,P020,32,1450,854.44,1800,46400,29142.08,17257.92,Norte,Lavandería
V004773,2025-04-14,C058,P015,3,1450,960.78,3200,4350,6082.34,-1732.34,CABA,Revendedor
V004774,2025-08-02,C059,P018,5,3900,2162.19,2500,19500,13310.95,6189.05,Norte,Revendedor
V004775,2025-09-03,C058,P008,25,950,633.79,0,23750,15844.75,7905.25,Oeste,Gastronomía
V004776,2025-01-11,C044,P016,14,2100,1280.88,4500,29400,22432.32,6967.68,CABA,Minorista
V004777,2025-09-23,C003,P010,8,2600,1851.02,1800,20800,16608.16,4191.84,Sur,Revendedor
V004778,2025-11-24,C036,P007,3,2600,1781.82,1200,7800,6545.46,1254.54,CABA,Revendedor
V004779,2025-12-05,C065,P015,30,950,610.45,2500,28500,20813.5,7686.5,CABA,Lavandería
V004780,2025-06-13,C065,P015,12,1250,723.05,1800,15000,10476.6,4523.4,CABA,Minorista
V004781,2025-01-17,C034,P018,22,2600,1869.96,4500,57200,45639.12,11560.88,Sur,Lavandería
V004782,2025-02-26,C019,P013,21,2600,1681.21,3200,54600,38505.41,16094.59,CABA,Revendedor
V004783,2025-03-15,C076,P004,11,2600,1721.08,3200,28600,22131.88,6468.12,Norte,Mayorista
V004784,2025-05-13,C074,P019,5,3900,2694.92,0,19500,13474.6,6025.4,Norte,Minorista
V004785,2025-12-23,C045,P018,22,1700,894.87,4500,37400,24187.14,13212.86,Oeste,Minorista
V004786,2025-12-28,C036,P007,30,2100,1110.41,3200,63000,36512.3,26487.7,Norte,Gastronomía
V004787,2025-10-17,C052,P016,2,2600,1760.67,2500,5200,6021.34,-821.34,Norte,Gastronomía
V004788,2025-10-08,C013,P009,20,850,408.97,4500,17000,12679.4,4320.6,Norte,Minorista
V004789,2025-08-16,C048,P014,3,1100,590.95,0,3300,1772.85,1527.15,CABA,Lavandería
V004790,2025-06-09,C006,P015,32,1100,682.26,3200,35200,25032.32,10167.68,Oeste,Mayorista
V004791,2025-10-15,C065,P011,20,1100,647.71,1200,22000,14154.2,7845.8,Norte,Gastronomía
V004792,2025-10-29,C063,P019,10,1700,862.88,4500,17000,13128.8,3871.2,Sur,Mayorista
V004793,2025-07-30,C053,P011,18,2600,1705.24,1800,46800,32494.32,14305.68,Sur,Revendedor
V004794,2025-12-26,C032,P016,5,850,579.26,1800,4250,4696.3,-446.3,Oeste,Revendedor
V004795,2025-12-23,C019,P012,4,2100,1357.37,2500,8400,7929.48,470.52,Sur,Minorista
V004796,2025-10-13,C042,P007,26,850,564.64,0,22100,14680.64,7419.36,Sur,Gastronomía
V004797,2025-04-25,C003,P009,4,1100,620.45,0,4400,2481.8,1918.2,CABA,Gastronomía
V004798,2025-03-03,C026,P004,27,2100,1434.75,2500,56700,41238.25,15461.75,Norte,Mayorista
V004799,2025-09-03,C001,P015,8,1100,760.68,3200,8800,9285.44,-485.44,Sur,Minorista
V004800,2025-08-13,C056,P007,21,850,491.73,1800,17850,12126.33,5723.67,Oeste,Lavandería
V004801,2025-03-22,C073,P020,2,1450,769.31,3200,2900,4738.62,-1838.62,CABA,Lavandería
V004802,2025-07-28,C060,P013,9,1100,751.92,2500,9900,9267.28,632.72,CABA,Mayorista
V004803,2025-06-28,C040,P008,5,2100,1330.74,1200,10500,7853.7,2646.3,CABA,Gastronomía
V004804,2025-09-19,C040,P014,18,2600,1326.69,2500,46800,26380.42,20419.58,CABA,Gastronomía
V004805,2025-07-16,C060,P017,11,850,547.14,2500,9350,8518.54,831.46,CABA,Lavandería
V004806,2025-12-22,C014,P011,23,850,543.28,1200,19550,13695.44,5854.56,Sur,Minorista
V004807,2025-05-02,C033,P001,31,1250,628.08,1200,38750,20670.48,18079.52,Oeste,Minorista
V004808,2025-12-31,C056,P013,29,2100,1212.6,1800,60900,36965.4,23934.6,Norte,Minorista
V004809,2025-06-16,C030,P006,18,1100,693.58,4500,19800,16984.44,2815.56,CABA,Lavandería
V004810,2025-10-17,C036,P008,22,1250,810.38,3200,27500,21028.36,6471.64,Sur,Minorista
V004811,2025-08-27,C071,P001,24,3200,2219.11,1200,76800,54458.64,22341.36,CABA,Gastronomía
V004812,2025-08-20,C029,P006,8,1250,713.45,2500,10000,8207.6,1792.4,Sur,Gastronomía
V004813,2025-07-02,C043,P012,9,2100,1063.55,0,18900,9571.95,9328.05,CABA,Lavandería
V004814,2025-01-06,C045,P012,32,850,482.29,1200,27200,16633.28,10566.72,Norte,Minorista
V004815,2025-10-15,C052,P018,32,1450,796.67,1200,46400,26693.44,19706.56,Oeste,Gastronomía
V004816,2025-12-11,C076,P019,35,3900,2278.24,1200,136500,80938.4,55561.6,Norte,Revendedor
V004817,2025-07-23,C077,P005,26,1250,694.09,0,32500,18046.34,14453.66,CABA,Lavandería
V004818,2025-11-28,C024,P011,23,950,539.49,2500,21850,14908.27,6941.73,Sur,Gastronomía
V004819,2025-02-08,C075,P007,31,3200,1728.36,1800,99200,55379.16,43820.84,Oeste,Minorista
V004820,2025-03-30,C059,P007,18,1450,976.92,1800,26100,19384.56,6715.44,CABA,Minorista
V004821,2025-11-16,C064,P014,11,950,501.0,1800,10450,7311.0,3139.0,Sur,Minorista
V004822,2025-07-23,C036,P013,5,1700,876.67,4500,8500,8883.35,-383.35,Sur,Gastronomía
V004823,2025-05-08,C020,P005,9,1450,1010.23,2500,13050,11592.07,1457.93,CABA,Revendedor
V004824,2025-02-18,C001,P004,18,3200,2066.68,1200,57600,38400.24,19199.76,Sur,Minorista
V004825,2025-11-12,C072,P018,18,850,565.98,3200,15300,13387.64,1912.36,Norte,Mayorista
V004826,2025-08-18,C039,P018,8,1100,764.08,3200,8800,9312.64,-512.64,CABA,Lavandería
V004827,2025-11-04,C032,P001,1,3200,2190.09,1800,3200,3990.09,-790.09,CABA,Gastronomía
V004828,2025-12-02,C066,P002,35,950,517.05,1200,33250,19296.75,13953.25,Oeste,Gastronomía
V004829,2025-12-31,C004,P011,3,3200,2180.24,0,9600,6540.72,3059.28,CABA,Gastronomía
V004830,2025-07-12,C029,P011,34,2100,1416.42,3200,71400,51358.28,20041.72,CABA,Mayorista
V004831,2025-02-24,C031,P003,7,2100,1361.63,3200,14700,12731.41,1968.59,Norte,Lavandería
V004832,2025-01-12,C018,P003,11,1450,1011.19,2500,15950,13623.09,2326.91,Sur,Gastronomía
V004833,2025-03-15,C065,P004,10,1700,1046.92,1200,17000,11669.2,5330.8,Sur,Mayorista
V004834,2025-01-27,C059,P009,33,3200,2137.67,1800,105600,72343.11,33256.89,Norte,Revendedor
V004835,2025-02-08,C023,P013,1,3900,2011.12,1200,3900,3211.12,688.88,Oeste,Minorista
V004836,2025-05-13,C056,P012,27,1700,1018.14,0,45900,27489.78,18410.22,Sur,Lavandería
V004837,2025-07-01,C063,P017,7,1250,606.81,3200,8750,7447.67,1302.33,Norte,Minorista
V004838,2025-06-05,C031,P017,26,1450,921.94,2500,37700,26470.44,11229.56,Norte,Gastronomía
V004839,2025-01-21,C068,P013,10,3900,2693.35,1200,39000,28133.5,10866.5,Oeste,Mayorista
V004840,2025-04-26,C003,P016,10,1450,1006.88,3200,14500,13268.8,1231.2,Sur,Lavandería
V004841,2025-05-11,C013,P006,27,950,659.51,4500,25650,22306.77,3343.23,Norte,Gastronomía
V004842,2025-09-08,C033,P011,35,2100,1067.76,4500,73500,41871.6,31628.4,CABA,Gastronomía
V004843,2025-09-16,C026,P019,16,1450,1003.81,0,23200,16060.96,7139.04,Oeste,Gastronomía
V004844,2025-05-19,C036,P005,31,3200,1943.35,3200,99200,63443.85,35756.15,CABA,Revendedor
V004845,2025-03-30,C002,P014,25,1700,971.4,1200,42500,25485.0,17015.0,Oeste,Gastronomía
V004846,2025-12-07,C077,P014,10,2600,1519.81,1200,26000,16398.1,9601.9,Oeste,Mayorista
V004847,2025-08-01,C069,P008,6,1100,652.08,1200,6600,5112.48,1487.52,Norte,Minorista
V004848,2025-09-30,C027,P020,23,1700,1074.99,2500,39100,27224.77,11875.23,CABA,Mayorista
V004849,2025-03-10,C066,P001,6,2600,1558.21,4500,15600,13849.26,1750.74,CABA,Lavandería
V004850,2025-03-08,C073,P010,24,850,435.24,2500,20400,12945.76,7454.24,Norte,Gastronomía
V004851,2025-08-21,C029,P012,14,1450,729.23,4500,20300,14709.22,5590.78,Norte,Mayorista
V004852,2025-11-15,C010,P001,14,1100,778.74,4500,15400,15402.36,-2.36,CABA,Revendedor
V004853,2025-08-09,C055,P015,4,2100,1220.7,2500,8400,7382.8,1017.2,Norte,Lavandería
V004854,2025-09-04,C018,P002,7,950,606.91,0,6650,4248.37,2401.63,Norte,Minorista
V004855,2025-10-10,C030,P017,17,1250,822.5,3200,21250,17182.5,4067.5,Oeste,Lavandería
V004856,2025-01-10,C011,P018,29,2600,1692.02,3200,75400,52268.58,23131.42,Norte,Mayorista
V004857,2025-04-07,C037,P005,9,1700,902.39,1200,15300,9321.51,5978.49,Oeste,Mayorista
V004858,2025-05-16,C017,P012,32,2600,1529.43,1200,83200,50141.76,33058.24, sur ,Lavandería
V004859,2025-05-10,C047,P015,22,850,441.63,0,18700,9715.86,8984.14,Norte,Mayorista
V004860,2025-02-17,C013,P010,34,1450,846.33,0,49300,28775.22,20524.78,Oeste,Lavandería
V004861,2025-04-08,C068,P008,26,3200,1911.7,3200,83200,52904.2,30295.8,Norte,Mayorista
V004862,2025-01-09,C037,P015,22,3900,2594.46,1200,85800,58278.12,27521.88,Norte,Revendedor
V004863,2025-11-01,C040,P015,31,850,587.61,3200,26350,21415.91,4934.09,Oeste,Revendedor
V004864,2025-04-01,C068,P011,16,1100,698.34,0,17600,11173.44,6426.56,Oeste,Gastronomía
V004865,2025-06-08,C053,P003,27,2600,1617.44,1800,70200,45470.88,24729.12,Sur,Lavandería
V004866,2025-11-27,C058,P017,5,3200,2299.13,3200,16000,14695.65,1304.35,Sur,Mayorista
V004867,2025-08-01,C011,P008,21,3900,2544.65,4500,81900,57937.65,23962.35,Norte,Revendedor
V004868,2025-03-11,C009,P004,22,2600,1355.9,4500,57200,34329.8,22870.2,Norte,Minorista
V004869,2025-02-14,C080,P009,30,1250,748.3,3200,37500,25649.0,11851.0,Sur,Mayorista
V004870,2025-07-25,C026,P017,25,1700,935.16,3200,42500,26579.0,15921.0,Sur,Lavandería
V004871,2025-10-19,C011,P016,10,1100,533.37,3200,11000,8533.7,2466.3,CABA,Minorista
V004872,2025-01-16,C013,P009,12,3200,2163.45,4500,38400,30461.4,7938.6,Sur,Revendedor
V004873,2025-01-30,C051,P006,21,950,529.37,1800,19950,12916.77,7033.23,Norte,Minorista
V004874,2025-05-10,C075,P002,26,2600,1309.25,4500,67600,38540.5,29059.5,CABA,Revendedor
V004875,2025-01-05,C001,P009,23,3200,2069.48,1200,73600,48798.04,24801.96,Norte,Mayorista
V004876,2025-12-04,C023,P016,19,3900,2769.25,2500,74100,55115.75,18984.25,Norte,Mayorista
V004877,2025-11-14,C039,P017,13,850,601.77,1800,11050,9623.01,1426.99,CABA,Lavandería
V004878,2025-03-05,C076,P015,10,1700,842.09,4500,17000,12920.9,4079.1,Oeste,Gastronomía
V004879,2025-04-16,C031,P011,15,2100,1241.5,4500,31500,23122.5,8377.5,Sur,Lavandería
V004880,2025-09-12,C057,P007,17,1100,630.43,1800,18700,12517.31,6182.69,Sur,Gastronomía
V004881,2025-01-25,C027,P003,1,1450,942.68,3200,1450,4142.68,-2692.68,Sur,Revendedor
V004882,2025-02-17,C033,P001,31,2600,1294.81,4500,80600,44639.11,35960.89,Oeste,Revendedor
V004883,2025-01-16,C053,P003,3,2600,1773.64,2500,7800,7820.92,-20.92,Sur,Lavandería
V004884,2025-11-06,C064,P009,31,1100,737.52,4500,34100,27363.12,6736.88,CABA,Lavandería
V004885,2025-03-03,C022,P010,15,1700,975.14,3200,25500,17827.1,7672.9,Oeste,Minorista
V004886,2025-04-22,C020,P012,13,2100,1476.84,3200,27300,22398.92,4901.08,Norte,Mayorista
V004887,2025-07-05,C042,P018,29,2100,1254.77,1800,60900,38188.33,22711.67,CABA,Lavandería
V004888,2025-10-14,C012,P002,32,1100,665.96,1200,35200,22510.72,12689.28,Norte,Lavandería
V004889,2025-07-17,C035,P014,5,1100,707.48,0,5500,3537.4,1962.6,Norte,Revendedor
V004890,2025-12-24,C078,P007,26,1250,632.2,3200,32500,19637.2,12862.8,Sur,Mayorista
V004891,2025-08-14,C043,P013,20,1450,773.59,0,29000,15471.8,13528.2,Norte,Minorista
V004892,2025-11-19,C078,P011,26,2100,1117.73,0,54600,29060.98,25539.02,CABA,Lavandería
V004893,2025-04-13,C050,P005,8,850,481.18,0,6800,3849.44,2950.56,Sur,Gastronomía
V004894,2025-01-29,C058,P017,30,850,585.7,3200,25500,20771.0,4729.0,CABA,Minorista
V004895,2025-04-15,C047,P007,31,1250,781.31,1800,38750,26020.61,12729.39,Oeste,Lavandería
V004896,2025-11-18,C021,P020,21,3900,2573.34,2500,81900,56540.14,25359.86,Sur,Lavandería
V004897,2025-08-29,C008,P011,24,1450,875.86,3200,34800,24220.64,10579.36,CABA,Lavandería
V004898,2025-02-15,C024,P019,25,3900,2588.58,0,97500,64714.5,32785.5,Norte,Gastronomía
V004899,2025-12-27,C071,P006,31,850,418.12,1200,26350,14161.72,12188.28,Oeste,Mayorista
V004900,2025-12-23,C014,P007,9,2100,1264.69,1200,18900,12582.21,6317.79,Sur,Gastronomía
V004901,2025-08-04,C003,P006,5,1250,730.37,3200,6250,6851.85,-601.85,Norte,Minorista
V004902,2025-07-04,C064,P016,6,1100,723.85,0,6600,4343.1,2256.9,Norte,Mayorista
V004903,2025-12-25,C048,P003,23,2100,1387.46,2500,48300,34411.58,13888.42,Sur,Gastronomía
V004904,2025-06-22,C072,P020,11,1100,586.11,1800,12100,8247.21,3852.79,Norte,Mayorista
V004905,2025-12-20,C070,P011,32,850,585.4,2500,27200,21232.8,5967.2,Oeste,Minorista
V004906,2025-12-08,C020,P005,12,3900,2740.97,1200,46800,34091.64,12708.36,Norte,Mayorista
V004907,2025-10-06,C057,P017,32,950,541.4,1200,30400,18524.8,11875.2,Norte,Revendedor
V004908,2025-11-29,C053,P010,32,1100,636.38,4500,35200,24864.16,10335.84,Norte,Lavandería
V004909,2025-05-17,C053,P009,24,1700,829.8,4500,40800,24415.2,16384.8,Oeste,Revendedor
V004910,2025-05-06,C014,P001,8,3200,2264.98,4500,25600,22619.84,2980.16,CABA,Revendedor
V004911,2025-10-07,C007,P018,31,1700,980.47,1800,52700,32194.57,20505.43,Norte,Minorista
V004912,2025-12-13,C044,P018,8,850,473.29,0,6800,3786.32,3013.68,CABA,Minorista
V004913,2025-10-15,C072,P014,32,3900,2332.35,1800,124800,76435.2,48364.8,Norte,Lavandería
V004914,2025-08-11,C011,P019,14,2600,1579.59,4500,36400,26614.26,9785.74,Sur,Lavandería
V004915,2025-04-10,C050,P010,25,1700,914.83,1200,42500,24070.75,18429.25,Oeste,Gastronomía
V004916,2025-08-16,C057,P009,27,1250,659.59,2500,33750,20308.93,13441.07,Oeste,Mayorista
V004917,2025-12-21,C056,P006,33,950,596.48,0,31350,19683.84,11666.16,Norte,Minorista
V004918,2025-04-03,C028,P016,19,1250,764.82,4500,23750,19031.58,4718.42,Sur,Mayorista
V004919,2025-05-28,C041,P002,21,1100,558.44,1800,23100,13527.24,9572.76,CABA,Gastronomía
V004920,2025-11-21,C001,P009,31,1100,726.41,0,34100,22518.71,11581.29,Sur,Revendedor
V004921,2025-08-07,C021,P020,5,1450,819.68,3200,7250,7298.4,-48.4,Sur,Lavandería
V004922,2025-05-01,C053,P013,2,3900,2370.54,4500,7800,9241.08,-1441.08,Norte,Revendedor
V004923,2025-02-28,C078,P018,6,2600,1716.86,2500,15600,12801.16,2798.84,Oeste,Lavandería
V004924,2025-08-12,C047,P007,29,3200,1940.85,3200,92800,59484.65,33315.35,Sur,Gastronomía
V004925,2025-09-17,C077,P012,24,2600,1320.68,0,62400,31696.32,30703.68,Norte,Gastronomía
V004926,2025-05-16,C077,P013,5,2100,1130.55,3200,10500,8852.75,1647.25,Norte,Mayorista
V004927,2025-06-23,C062,P009,31,2600,1549.62,1200,80600,49238.22,31361.78,Sur,Mayorista
V004928,2025-02-10,C019,P008,33,1450,875.29,2500,47850,31384.57,16465.43,Norte,Lavandería
V004929,2025-02-07,C080,P003,34,2600,1455.24,2500,88400,51978.16,36421.84,Oeste,Mayorista
V004930,2025-04-06,C077,P002,2,850,474.03,0,1700,948.06,751.94,Norte,Gastronomía
V004931,2025-06-29,C015,P015,15,2100,1170.33,1800,31500,19354.95,12145.05,Norte,Minorista
V004932,2025-06-15,C073,P003,15,1450,801.42,1200,21750,13221.3,8528.7,Norte,Lavandería
V004933,2025-03-06,C061,P004,9,1250,783.02,1200,11250,8247.18,3002.82,CABA,Lavandería
V004934,2025-06-22,C031,P007,24,1250,863.03,1800,30000,22512.72,7487.28,Sur,Gastronomía
V004935,2025-10-27,C070,P001,26,1100,661.0,4500,28600,21686.0,6914.0,CABA,Revendedor
V004936,2025-07-26,C001,P017,32,3200,1911.4,4500,102400,65664.8,36735.2,Norte,Lavandería
V004937,2025-09-16,C071,P005,31,1250,739.52,2500,38750,25425.12,13324.88,Oeste,Minorista
V004938,2025-10-29,C061,P015,15,3900,2472.19,3200,58500,40282.85,18217.15,Oeste,Lavandería
V004939,2025-07-17,C053,P001,32,3900,2804.04,3200,124800,92929.28,31870.72,Norte,Gastronomía
V004940,2025-01-06,C008,P010,18,1700,1086.0,2500,30600,22048.0,8552.0,Oeste,Revendedor
V004941,2025-07-24,C021,P020,2,950,459.93,2500,1900,3419.86,-1519.86,Oeste,Mayorista
V004942,2025-12-20,C019,P013,23,1100,646.44,1200,25300,16068.12,9231.88,Norte,Gastronomía
V004943,2025-07-17,C031,P001,22,3900,2156.81,0,85800,47449.82,38350.18,Norte,Lavandería
V004944,2025-09-13,C016,P003,30,2600,1447.36,3200,78000,46620.8,31379.2,Sur,Mayorista
V004945,2025-05-23,C041,P018,6,3900,2608.19,3200,23400,18849.14,4550.86,Sur,Minorista
V004946,2025-09-17,C065,P010,1,2600,1453.5,1800,2600,3253.5,-653.5,Oeste,Revendedor
V004947,2025-01-02,C047,P007,26,1700,1068.38,2500,44200,30277.88,13922.12,Oeste,Lavandería
V004948,2025-09-25,C028,P020,24,850,564.96,4500,20400,18059.04,2340.96,CABA,Gastronomía
V004949,2025-02-12,C025,P002,27,3900,2260.82,1200,105300,62242.14,43057.86,CABA,Mayorista
V004950,2025-10-01,C014,P011,25,3200,1722.11,2500,80000,45552.75,34447.25,CABA,Mayorista
V004951,2025-09-05,C067,P011,15,2600,1603.16,3200,39000,27247.4,11752.6,Oeste,Minorista
V004952,2025-05-28,C074,P006,20,950,506.77,0,19000,10135.4,8864.6,Sur,Mayorista
V004953,2025-01-02,C055,P007,3,3200,1821.68,1200,9600,6665.04,2934.96,CABA,Lavandería
V004954,2025-10-14,C034,P017,14,2100,1400.3,3200,29400,22804.2,6595.8,CABA,Lavandería
V004955,2025-08-15,C021,P007,35,2100,1222.49,4500,73500,47287.15,26212.85,Sur,Minorista
V004956,2025-07-24,C061,P016,24,1700,1046.16,2500,40800,27607.84,13192.16,Oeste,Gastronomía
V004957,2025-05-29,C013,P001,21,2600,1548.39,4500,54600,37016.19,17583.81,Oeste,Gastronomía
V004958,2025-01-07,C038,P002,12,1700,1096.89,4500,20400,17662.68,2737.32,CABA,Minorista
V004959,2025-11-18,C070,P011,21,3200,1879.72,1200,67200,40674.12,26525.88,Norte,Lavandería
V004960,2025-09-15,C038,P012,31,1100,540.27,0,34100,16748.37,17351.63,Oeste,Gastronomía
V004961,2025-02-28,C003,P010,6,1700,840.18,2500,10200,7541.08,2658.92,Norte,Revendedor
V004962,2025-05-06,C015,P013,25,850,514.69,0,21250,12867.25,8382.75,Sur,Minorista
V004963,2025-02-14,C044,P012,25,2100,1053.02,4500,52500,30825.5,21674.5,Norte,Minorista
V004964,2025-12-27,C036,P015,23,850,416.59,1800,19550,11381.57,8168.43,Norte,Revendedor
V004965,2025-06-04,C005,P018,9,1100,693.32,0,9900,6239.88,3660.12,Sur,Revendedor
V004966,2025-11-15,C005,P013,20,3900,2611.1,3200,78000,55422.0,22578.0,Oeste,Gastronomía
V004967,2025-08-12,C045,P017,3,1250,836.55,2500,3750,5009.65,-1259.65,Oeste,Revendedor
V004968,2025-04-22,C052,P010,32,1100,757.9,1800,35200,26052.8,9147.2,Norte,Gastronomía
V004969,2025-09-19,C013,P016,3,3200,2096.29,1200,9600,7488.87,2111.13,Norte,Minorista
V004970,2025-06-01,C024,P009,18,3900,2462.31,4500,70200,48821.58,21378.42,Sur,Lavandería
V004971,2025-12-26,C032,P020,3,850,556.84,1800,2550,3470.52,-920.52,Norte,Mayorista
V004972,2025-10-30,C071,P001,18,3200,2202.46,3200,57600,42844.28,14755.72,Sur,Lavandería
V004973,2025-11-20,C022,P011,7,1450,699.57,3200,10150,8096.99,2053.01,Sur,Minorista
V004974,2025-08-13,C007,P019,33,2600,1379.51,2500,85800,48023.83,37776.17,CABA,Revendedor
V004975,2025-09-14,C015,P013,27,3200,2235.67,0,86400,60363.09,26036.91,Oeste,Minorista
V004976,2025-04-28,C070,P010,25,3900,1973.63,1200,97500,50540.75,46959.25,CABA,Gastronomía
V004977,2025-01-28,C013,P013,17,1700,922.53,2500,28900,18183.01,10716.99,Sur,Mayorista
V004978,2025-07-09,C057,P008,8,1100,756.65,1200,8800,7253.2,1546.8,Sur,Minorista
V004979,2025-03-07,C057,P013,33,2600,1494.27,1200,85800,50510.91,35289.09,Norte,Lavandería
V004980,2025-11-24,C075,P010,32,1450,822.62,3200,46400,29523.84,16876.16,CABA,Revendedor
V004981,2025-11-28,C065,P020,29,950,562.3,1200,27550,17506.7,10043.3,Oeste,Minorista
V004982,2025-06-22,C064,P004,28,850,590.34,1200,23800,17729.52,6070.48,Sur,Minorista
V004983,2025-05-16,C033,P015,6,2100,1175.82,1800,12600,8854.92,3745.08,Norte,Minorista
V004984,2025-07-09,C024,P014,17,1450,1033.05,4500,24650,22061.85,2588.15,Oeste,Revendedor
V004985,2025-08-01,,P010,24,1450,726.04,4500,34800,21924.96,12875.04,CABA,Mayorista
V004986,2025-08-26,C072,P002,17,3900,2345.6,2500,66300,42375.2,23924.8,Oeste,Minorista
V004987,2025-11-05,C025,P018,13,2600,1401.84,2500,33800,20723.92,13076.08,Norte,Mayorista
V004988,2025-06-09,C023,P016,27,850,551.83,2500,22950,17399.41,5550.59,Norte,Minorista
V004989,2025-06-09,C056,P009,18,850,570.54,2500,15300,12769.72,2530.28,CABA,Mayorista
V004990,2025-06-30,C025,P010,10,1700,960.11,2500,17000,12101.1,4898.9,CABA,Revendedor
V004991,2025-04-12,C019,P014,10,950,503.38,1800,9500,6833.8,2666.2,CABA,Gastronomía
V004992,2025-06-26,C010,P001,23,1450,1019.55,4500,33350,27949.65,5400.35,Norte,Mayorista
V004993,2025-09-04,C044,P001,24,2100,1462.92,3200,50400,38310.08,12089.92,CABA,Revendedor
V004994,2025-05-21,C068,P006,1,2600,1345.57,0,2600,1345.57,1254.43,Oeste,Lavandería
V004995,2025-04-07,C027,P010,3,1100,701.34,1200,3300,3304.02,-4.02,Sur,Revendedor
V004996,2025-02-23,C032,P005,27,2600,1346.81,1200,70200,37563.87,32636.13,Oeste,Mayorista
V004997,2025-07-29,C017,P015,29,2100,1229.24,2500,60900,38147.96,22752.04,Norte,Revendedor
V004998,2025-09-18,C016,P019,19,2100,1278.86,2500,39900,26798.34,13101.66,Sur,Gastronomía
V004999,2025-10-26,C020,P019,19,1450,907.27,1200,27550,18438.13,9111.87,CABA,Mayorista
V005000,2025-08-02,C063,P012,32,1100,788.88,4500,35200,29744.16,5455.84,Sur,Lavandería
V005001,2025-09-16,C034,P020,1,1700,909.8,4500,1700,5409.8,-3709.8,Sur,Lavandería
V005002,2025-11-27,C065,P007,12,850,447.04,2500,10200,7864.48,2335.52,CABA,Mayorista
V005003,2025-02-24,C062,P015,1,1700,915.28,0,1700,915.28,784.72,Oeste,Revendedor
V005004,2025-12-15,C069,P008,13,1250,630.54,1800,16250,9997.02,6252.98,CABA,Revendedor
V005005,2025-01-09,C014,P013,26,1450,884.11,0,37700,22986.86,14713.14,Oeste,Mayorista
V005006,2025-08-05,C018,P018,4,950,654.66,1200,3800,3818.64,-18.64,Norte,Mayorista
V005007,2025-02-06,C015,P012,18,1250,769.01,3200,22500,17042.18,5457.82,CABA,Gastronomía
V005008,2025-09-06,C032,P009,6,1700,1052.56,0,10200,6315.36,3884.64,CABA,Lavandería
V005009,2025-08-07,C002,P017,27,1100,590.22,2500,29700,18435.94,11264.06,Norte,Minorista
V005010,2025-05-29,C051,P002,10,2100,1468.08,4500,21000,19180.8,1819.2,Oeste,Mayorista
V005011,2025-06-09,C064,P018,9,1100,774.34,1800,9900,8769.06,1130.94,CABA,Revendedor
V005012,2025-12-23,C019,P014,7,1250,701.21,2500,8750,7408.47,1341.53,Oeste,Minorista
V005013,2025-01-31,C068,P010,3,950,529.66,2500,2850,4088.98,-1238.98,Sur,Minorista
V005014,2025-07-22,C018,P020,34,950,464.47,3200,32300,18991.98,13308.02,Sur,Gastronomía
V005015,2025-04-05,C055,P017,26,2100,1478.12,0,54600,38431.12,16168.88,Oeste,Lavandería
V005016,2025-10-10,C012,P013,11,950,522.33,2500,10450,8245.63,2204.37,Oeste,Lavandería
V005017,2025-04-11,C007,P017,30,950,666.56,1200,28500,21196.8,7303.2,CABA,Mayorista
V005018,2025-11-13,C002,P020,10,850,594.34,1800,8500,7743.4,756.6,Sur,Mayorista
V005019,2025-07-23,C006,P016,1,1100,788.03,1800,1100,2588.03,-1488.03,Sur,Gastronomía
V005020,2025-09-20,C042,P015,34,3200,2183.51,3200,108800,77439.34,31360.66,Oeste,Minorista
V005021,2025-04-29,C022,P015,15,3200,1626.01,1800,48000,26190.15,21809.85,Oeste,Mayorista
V005022,2025-11-02,C027,P006,9,3900,2296.49,4500,35100,25168.41,9931.59,Oeste,Gastronomía
V005023,2025-05-12,C005,P004,19,3900,2499.84,4500,74100,51996.96,22103.04,Oeste,Revendedor
V005024,2025-12-17,C038,P016,24,1450,777.68,0,34800,18664.32,16135.68,Sur,Gastronomía
V005025,2025-07-04,C077,P009,30,3200,1576.02,2500,96000,49780.6,46219.4,Oeste,Gastronomía
V005026,2025-08-08,C028,P013,27,3900,2654.34,1200,105300,72867.18,32432.82,Sur,Gastronomía
V005027,2025-07-04,C047,P001,18,1700,1038.02,3200,30600,21884.36,8715.64,Sur,Gastronomía
V005028,2025-01-20,C002,P016,30,850,533.88,0,25500,16016.4,9483.6,Oeste,Minorista
V005029,2025-08-16,C019,P004,5,1250,829.77,3200,6250,7348.85,-1098.85,CABA,Gastronomía
V005030,2025-04-09,C027,P008,8,1700,1090.72,3200,13600,11925.76,1674.24,Sur,Gastronomía
V005031,2025-01-10,C015,P002,6,1450,837.19,0,8700,5023.14,3676.86,Oeste,Mayorista
V005032,2025-06-17,C024,P001,28,1100,788.36,2500,30800,24574.08,6225.92,CABA,Revendedor
V005033,2025-04-17,C010,P013,18,1100,728.78,2500,19800,15618.04,4181.96,Oeste,Mayorista
V005034,2025-03-01,C049,P004,19,850,592.44,1200,16150,12456.36,3693.64,Oeste,Minorista
V005035,2025-01-04,C009,P016,6,2600,1323.55,3200,15600,11141.3,4458.7,Norte,Gastronomía
V005036,2025-08-27,C033,P002,22,950,593.65,4500,20900,17560.3,3339.7,Norte,Minorista
V005037,2025-10-11,C010,P020,1,850,579.67,1800,850,2379.67,-1529.67,Sur,Lavandería
V005038,2025-04-30,C046,P006,27,1250,709.44,1800,33750,20954.88,12795.12,CABA,Lavandería
V005039,2025-08-10,C031,P012,12,1450,734.08,4500,17400,13308.96,4091.04,CABA,Mayorista
V005040,2025-12-27,C024,P017,25,2600,1868.41,0,65000,46710.25,18289.75,Sur,Lavandería
V005041,2025-06-17,C055,P001,11,1450,898.23,1200,15950,11080.53,4869.47,Norte,Lavandería
V005042,2025-08-14,C057,P010,6,1450,897.83,1800,8700,7186.98,1513.02,Sur,Minorista
V005043,2025-09-13,C044,P007,10,1100,716.33,4500,11000,11663.3,-663.3,Sur,Gastronomía
V005044,2025-03-25,C051,P004,21,3200,1892.81,3200,67200,42949.01,24250.99,CABA,Lavandería
V005045,2025-10-11,C032,P004,31,950,528.33,0,29450,16378.23,13071.77,CABA,Minorista
V005046,2025-05-13,C021,P009,8,1100,605.29,3200,8800,8042.32,757.68,Norte,Gastronomía
V005047,2025-06-06,C054,P015,14,950,664.69,1200,13300,10505.66,2794.34,Sur,Minorista
V005048,2025-08-29,C034,P003,1,2100,1210.75,1800,2100,3010.75,-910.75,Norte,Gastronomía
V005049,2025-12-02,C007,P018,23,2600,1709.93,0,59800,39328.39,20471.61,Oeste,Gastronomía
V005050,2025-01-04,C016,P003,32,2100,1453.0,0,67200,46496.0,20704.0,Sur,Minorista
V005051,2025-07-18,C014,P007,3,950,479.6,1200,2850,2638.8,211.2,Sur,Mayorista
V005052,2025-09-30,C029,P003,34,950,559.76,0,32300,19031.84,13268.16,Oeste,Gastronomía
V005053,2025-08-29,C076,P013,23,2100,1138.8,0,48300,26192.4,22107.6,CABA,Revendedor
V005054,2025-02-02,C041,P010,9,2100,1372.29,4500,18900,16850.61,2049.39,Sur,Revendedor
V005055,2025-03-18,C038,P003,8,2100,1446.52,1200,16800,12772.16,4027.84,Norte,Mayorista
V005056,2025-06-05,C009,P004,17,2600,1445.87,1800,44200,26379.79,17820.21,Sur,Lavandería
V005057,2025-03-15,C036,P017,10,1100,588.41,0,11000,5884.1,5115.9,Sur,Gastronomía
V005058,2025-03-06,C010,P003,28,3200,1736.99,0,89600,48635.72,40964.28,Oeste,Revendedor
V005059,2025-11-02,C045,P004,22,3900,2011.28,1800,85800,46048.16,39751.84,Sur,Lavandería
V005060,2025-06-13,C019,P003,32,1450,843.79,1800,46400,28801.28,17598.72,Oeste,Mayorista
V005061,2025-02-20,C056,P009,21,850,495.75,1800,17850,12210.75,5639.25,Norte,Minorista
V005062,2025-02-19,C028,P016,7,1250,792.56,1800,8750,7347.92,1402.08,Sur,Mayorista
V005063,2025-11-20,C014,P001,32,3200,1995.74,4500,102400,68363.68,34036.32,CABA,Lavandería
V005064,2025-10-02,C055,P019,21,2600,1714.56,0,54600,36005.76,18594.24,CABA,Revendedor
V005065,2025-09-27,C030,P001,18,950,614.57,1800,17100,12862.26,4237.74,Norte,Gastronomía
V005066,2025-09-08,C040,P016,16,1250,680.24,1200,20000,12083.84,7916.16,Norte,Revendedor
V005067,2025-08-29,C032,P014,31,850,427.13,2500,26350,15741.03,10608.97,Norte,Mayorista
V005068,2025-07-05,C031,P003,31,1700,835.9,0,52700,25912.9,26787.1,Oeste,Lavandería
V005069,2025-01-10,C011,P004,34,1700,1069.52,3200,57800,39563.68,18236.32,Sur,Gastronomía
V005070,2025-11-26,C003,P020,23,1100,677.07,1800,25300,17372.61,7927.39,Norte,Minorista
V005071,2025-11-03,C045,P016,10,3200,1587.78,1800,32000,17677.8,14322.2,Sur,Mayorista
V005072,2025-07-19,C051,P017,4,2100,1484.95,4500,8400,10439.8,-2039.8,Oeste,Gastronomía
V005073,2025-02-09,C055,P004,6,3900,2196.16,1800,23400,14976.96,8423.04,CABA,Lavandería
V005074,2025-04-01,C063,P017,2,3200,2286.39,4500,6400,9072.78,-2672.78,CABA,Lavandería
V005075,2025-09-15,C026,P003,8,1100,781.45,0,8800,6251.6,2548.4,Sur,Revendedor
V005076,2025-06-20,C078,P005,10,1100,583.35,0,11000,5833.5,5166.5,Oeste,Gastronomía
V005077,2025-07-19,C063,P016,9,1700,816.94,4500,15300,11852.46,3447.54,Oeste,Revendedor
V005078,2025-06-26,C055,P004,28,1100,709.91,4500,30800,24377.48,6422.52,CABA,Gastronomía
V005079,2025-02-17,C025,P009,12,2600,1655.29,2500,31200,22363.48,8836.52,Oeste,Mayorista
V005080,2025-04-14,C041,P016,15,2600,1786.46,1200,39000,27996.9,11003.1,CABA,Gastronomía
V005081,2025-03-19,C002,P020,17,1100,537.16,3200,18700,12331.72,6368.28,Oeste,Lavandería
V005082,2025-05-14,C015,P012,33,2600,1288.88,4500,85800,47033.04,38766.96,Norte,Mayorista
V005083,2025-06-25,C007,P011,9,1700,908.3,4500,15300,12674.7,2625.3,CABA,Revendedor
V005084,2025-07-06,C046,P018,32,2600,1627.26,4500,83200,56572.32,26627.68,Oeste,Lavandería
V005085,2025-06-01,C024,P016,14,2600,1613.02,2500,36400,25082.28,11317.72,Oeste,Mayorista
V005086,2025-09-24,C013,P014,5,1100,681.91,0,5500,3409.55,2090.45,Oeste,Gastronomía
V005087,2025-02-23,C014,P003,16,1250,615.22,0,20000,9843.52,10156.48,Sur,Gastronomía
V005088,2025-04-07,C048,P002,12,1450,836.94,3200,17400,13243.28,4156.72,Norte,Revendedor
V005089,2025-05-28,C014,P006,14,1100,745.21,1200,15400,11632.94,3767.06,Oeste,Mayorista
V005090,2025-03-29,C005,P018,31,1250,757.12,1800,38750,25270.72,13479.28,Sur,Minorista
V005091,2025-10-22,C039,P007,7,1250,744.01,3200,8750,8408.07,341.93,Norte,Revendedor
V005092,2025-08-14,C067,P007,31,3900,2030.61,1200,120900,64148.91,56751.09,CABA,Lavandería
V005093,2025-10-11,C024,P005,25,850,513.24,3200,21250,16031.0,5219.0,Oeste,Lavandería
V005094,2025-02-04,C048,P004,15,950,666.99,3200,14250,13204.85,1045.15,Norte,Gastronomía
V005095,2025-11-03,C070,P018,16,3200,1538.39,2500,51200,27114.24,24085.76,Norte,Lavandería
V005096,2025-04-29,C070,P004,7,1250,837.89,2500,8750,8365.23,384.77,CABA,Gastronomía
V005097,2025-10-22,C035,P013,11,1450,989.13,1800,15950,12680.43,3269.57,Norte,Minorista
V005098,2025-08-14,C063,P001,1,1700,1188.82,1800,1700,2988.82,-1288.82,Norte,Revendedor
V005099,2025-09-23,C017,P007,17,3200,2091.68,4500,54400,40058.56,14341.44,CABA,Revendedor
V005100,2025-01-15,C072,P006,15,3200,2298.19,0,48000,34472.85,13527.15,Oeste,Revendedor
V005101,2025-05-24,C063,P016,11,1700,1026.3,4500,18700,15789.3,2910.7,Norte,Mayorista
V005102,2025-08-26,C009,P012,28,1450,730.91,1200,40600,21665.48,18934.52,Oeste,Minorista
V005103,2025-08-17,C003,P013,27,2100,1351.26,2500,56700,38984.02,17715.98,CABA,Lavandería
V005104,2025-04-20,C030,P003,7,3900,2610.29,0,27300,18272.03,9027.97,Sur,Minorista
V005105,2025-02-23,C076,P011,22,1250,607.67,1200,27500,14568.74,12931.26,Sur,Mayorista
V005106,2025-02-28,C025,P009,4,1250,746.3,3200,5000,6185.2,-1185.2,CABA,Lavandería
V005107,2025-01-05,C028,P016,14,850,492.49,3200,11900,10094.86,1805.14,Oeste,Minorista
V005108,2025-01-08,C037,P012,34,1100,539.9,1200,37400,19556.6,17843.4,CABA,Lavandería
V005109,2025-04-04,C035,P015,20,1100,606.82,3200,22000,15336.4,6663.6,Norte,Lavandería
V005110,2025-05-05,C019,P012,21,850,564.63,1800,17850,13657.23,4192.77,Oeste,Revendedor
V005111,2025-12-05,C078,P001,22,1250,715.38,2500,27500,18238.36,9261.64,CABA,Mayorista
V005112,2025-01-13,C058,P006,3,3900,2195.47,3200,11700,9786.41,1913.59,CABA,Mayorista
V005113,2025-06-10,C042,P001,35,950,585.59,2500,33250,22995.65,10254.35,Norte,Gastronomía
V005114,2025-06-14,C056,P011,29,3200,2134.88,4500,92800,66411.52,26388.48,Sur,Gastronomía
V005115,2025-05-31,C024,P002,21,1450,715.33,4500,30450,19521.93,10928.07,Norte,Minorista
V005116,2025-07-09,C042,P014,31,1450,699.35,1200,44950,22879.85,22070.15,CABA,Minorista
V005117,2025-07-21,C064,P011,16,850,596.65,0,13600,9546.4,4053.6,CABA,Mayorista
V005118,2025-05-12,C011,P010,3,1700,1116.99,3200,5100,6550.97,-1450.97,CABA,Lavandería
V005119,2025-11-19,C062,P001,5,1450,968.63,1800,7250,6643.15,606.85,Sur,Gastronomía
V005120,2025-06-08,C067,P009,1,850,410.76,1800,850,2210.76,-1360.76,CABA,Minorista
V005121,2025-05-30,C053,P009,23,1450,912.9,2500,33350,23496.7,9853.3,Oeste,Gastronomía
V005122,2025-10-02,C057,P012,11,1700,981.77,1800,18700,12599.47,6100.53,Oeste,Gastronomía
V005123,2025-07-22,C055,P005,21,2600,1511.36,0,54600,31738.56,22861.44,Oeste,Revendedor
V005124,2025-01-21,C061,P020,22,950,476.33,3200,20900,13679.26,7220.74,CABA,Mayorista
V005125,2025-12-08,C014,P013,23,1100,707.85,1800,25300,18080.55,7219.45,CABA,Revendedor
V005126,2025-12-12,C016,P012,22,3900,1893.06,1200,85800,42847.32,42952.68,CABA,Gastronomía
V005127,2025-01-12,C057,P003,32,1450,720.76,2500,46400,25564.32,20835.68,Norte,Lavandería
V005128,2025-09-05,C050,P007,7,850,548.92,1200,5950,5042.44,907.56,Oeste,Mayorista
V005129,2025-03-04,C075,P015,26,2600,1284.14,1800,67600,35187.64,32412.36,Norte,Lavandería
V005130,2025-02-21,C053,P017,17,1450,792.77,3200,24650,16677.09,7972.91,Sur,Gastronomía
V005131,2025-07-07,C065,P020,12,1450,933.75,0,17400,11205.0,6195.0,Oeste,Mayorista
V005132,2025-09-18,C009,P003,16,2600,1642.81,1800,41600,28084.96,13515.04,Norte,Lavandería
V005133,2025-12-31,C077,P006,30,1700,1215.49,0,51000,36464.7,14535.3,Norte,Gastronomía
V005134,2025-09-29,C074,P010,2,850,525.18,1800,1700,2850.36,-1150.36,Sur,Gastronomía
V005135,2025-10-06,C033,P013,16,3900,2016.77,4500,62400,36768.32,25631.68,Norte,Revendedor
V005136,2025-09-15,C064,P018,2,2600,1717.21,2500,5200,5934.42,-734.42,Sur,Lavandería
V005137,2025-08-03,C033,P019,31,1250,735.83,0,38750,22810.73,15939.27,Norte,Mayorista
V005138,2025-05-21,C019,P012,8,3900,1965.24,3200,31200,18921.92,12278.08,Sur,Minorista
V005139,2025-08-05,C017,P018,29,1450,849.66,2500,42050,27140.14,14909.86,Sur,Lavandería
V005140,2025-12-22,C052,P002,6,3900,1984.78,1200,23400,13108.68,10291.32,Norte,Mayorista
V005141,2025-07-14,C033,P005,22,3900,2487.72,3200,85800,57929.84,27870.16,Oeste,Minorista
V005142,2025-08-18,C056,P019,32,850,516.31,1800,27200,18321.92,8878.08,Sur,Lavandería
V005143,2025-06-13,C074,P004,2,1700,1161.05,2500,3400,4822.1,-1422.1,Oeste,Revendedor
V005144,2025-11-30,C054,P016,3,1450,993.79,2500,4350,5481.37,-1131.37,Sur,Lavandería
V005145,2025-02-26,C035,P002,23,2600,1775.82,2500,59800,43343.86,16456.14,CABA,Mayorista
V005146,2025-07-06,C003,P003,24,1700,1208.79,1800,40800,30810.96,9989.04,Norte,Minorista
V005147,2025-11-24,C080,P020,35,1700,1002.98,1800,59500,36904.3,22595.7,Oeste,Gastronomía
V005148,2025-07-19,C028,P016,17,1450,1020.96,3200,24650,20556.32,4093.68,Norte,Gastronomía
V005149,2025-06-22,C044,P016,25,2100,1114.1,1800,52500,29652.5,22847.5,Norte,Mayorista
V005150,2025-01-02,C043,P001,22,1250,834.1,4500,27500,22850.2,4649.8,Sur,Mayorista
V005151,2025-08-29,C061,P005,34,1100,653.35,3200,37400,25413.9,11986.1,Norte,Revendedor
V005152,2025-10-12,C064,P002,18,1100,722.14,4500,19800,17498.52,2301.48,Sur,Lavandería
V005153,2025-01-12,C031,P014,28,3900,2377.73,4500,109200,71076.44,38123.56,Oeste,Lavandería
V005154,2025-08-11,C040,P009,35,1100,697.34,3200,38500,27606.9,10893.1,Norte,Mayorista
V005155,2025-12-21,C047,P002,4,2600,1624.37,2500,10400,8997.48,1402.52,CABA,Lavandería
V005156,2025-07-01,C029,P016,32,2600,1672.8,1800,83200,55329.6,27870.4,Oeste,Gastronomía
V005157,2025-09-09,C014,P014,19,3900,2803.3,3200,74100,56462.7,17637.3,CABA,Lavandería
V005158,2025-04-09,C055,P019,22,850,582.32,4500,18700,17311.04,1388.96,Sur,Mayorista
V005159,2025-06-25,C078,P006,23,850,428.22,3200,19550,13049.06,6500.94,CABA,Gastronomía
V005160,2025-08-07,C079,P016,34,850,505.99,3200,28900,20403.66,8496.34,Oeste,Mayorista
V005161,2025-01-28,C062,P002,2,3200,1584.62,1200,6400,4369.24,2030.76,Norte,Revendedor
V005162,2025-01-10,C019,P007,31,1450,776.63,2500,44950,26575.53,18374.47,Oeste,Gastronomía
V005163,2025-11-16,C037,P004,1,950,614.85,4500,950,5114.85,-4164.85,Norte,Revendedor
V005164,2025-11-10,C016,P004,12,3900,2664.84,2500,46800,34478.08,12321.92,Norte,Minorista
V005165,2025-05-07,C009,P004,35,1100,674.07,3200,38500,26792.45,11707.55,CABA,Gastronomía
V005166,2025-08-11,C046,P019,23,950,678.82,4500,21850,20112.86,1737.14,Oeste,Minorista
V005167,2025-04-07,C030,P019,4,1700,1061.92,2500,6800,6747.68,52.32,Sur,Lavandería
V005168,2025-11-27,C075,P009,10,1250,772.19,1800,12500,9521.9,2978.1,Oeste,Revendedor
V005169,2025-12-12,C027,P016,23,1450,1004.54,3200,33350,26304.42,7045.58,Norte,Lavandería
V005170,2025-05-05,C061,P016,16,1450,914.48,4500,23200,19131.68,4068.32,Norte,Minorista
V005171,2025-05-05,C002,P006,29,2600,1741.17,4500,75400,54993.93,20406.07,CABA,Lavandería
V005172,2025-10-22,C027,P003,26,1100,622.45,1800,28600,17983.7,10616.3,Norte,Mayorista
V005173,2025-03-22,C055,P015,10,1450,995.95,4500,14500,14459.5,40.5,Norte,Revendedor
V005174,2025-05-06,C060,P005,26,3200,2087.96,4500,83200,58786.96,24413.04,Sur,Revendedor
V005175,2025-05-04,C066,P017,18,3900,1946.19,1200,70200,36231.42,33968.58,Sur,Lavandería
V005176,2025-03-26,C065,P016,31,1450,869.26,3200,44950,30147.06,14802.94,Sur,Revendedor
V005177,2025-02-12,C007,P010,2,2600,1484.75,1200,5200,4169.5,1030.5,Sur,Revendedor
V005178,2025-07-15,C041,P006,19,950,625.55,2500,18050,14385.45,3664.55,Oeste,Minorista
V005179,2025-12-07,C066,P002,10,850,466.27,1800,8500,6462.7,2037.3,CABA,Minorista
V005180,2025-08-24,C014,P019,5,1100,685.12,1800,5500,5225.6,274.4,Oeste,Mayorista
V005181,2025-08-22,C008,P006,28,1700,994.62,0,47600,27849.36,19750.64,Norte,Revendedor
V005182,2025-07-22,C029,P012,21,850,424.11,1200,17850,10106.31,7743.69,Norte,Mayorista
V005183,2025-02-02,C011,P001,8,1700,1024.55,1800,13600,9996.4,3603.6,Sur,Lavandería
V005184,2025-04-26,C012,P008,31,850,549.66,4500,26350,21539.46,4810.54,CABA,Lavandería
V005185,2025-05-21,C073,P007,6,2600,1472.3,0,15600,8833.8,6766.2,Sur,Mayorista
V005186,2025-01-04,C024,P004,29,1250,735.94,1200,36250,22542.26,13707.74,Sur,Minorista
V005187,2025-02-12,C001,P004,19,3900,2032.81,1200,74100,39823.39,34276.61,CABA,Revendedor
V005188,2025-11-12,C021,P006,17,850,608.5,2500,14450,12844.5,1605.5,CABA,Mayorista
V005189,2025-09-26,C049,P011,18,3900,2271.07,2500,70200,43379.26,26820.74,CABA,Mayorista
V005190,2025-11-29,C041,P003,18,1250,702.42,4500,22500,17143.56,5356.44,CABA,Gastronomía
V005191,2025-08-30,C011,P003,2,850,603.2,1800,1700,3006.4,-1306.4,CABA,Minorista
V005192,2025-06-11,C032,P003,8,3900,2755.33,3200,31200,25242.64,5957.36,Sur,Minorista
V005193,2025-03-19,C062,P013,13,1450,973.25,2500,18850,15152.25,3697.75,Sur,Revendedor
V005194,2025-08-12,C054,P002,21,1450,1013.64,1800,30450,23086.44,7363.56,Sur,Mayorista
V005195,2025-06-12,C061,P012,1,1450,754.86,1800,1450,2554.86,-1104.86,Sur,Gastronomía
V005196,2025-01-30,C050,P019,17,3200,1854.74,0,54400,31530.58,22869.42,Sur,Gastronomía
V005197,2025-05-13,C014,P017,11,2600,1732.96,0,28600,19062.56,9537.44,CABA,Gastronomía
V005198,2025-10-15,C072,P004,25,850,483.3,3200,21250,15282.5,5967.5,CABA,Minorista
V005199,2025-10-18,C064,P011,23,2600,1274.23,1200,59800,30507.29,29292.71,Sur,Lavandería
V005200,2025-10-08,C049,P011,3,1450,790.25,1800,4350,4170.75,179.25,CABA,Gastronomía
V005201,2025-05-23,C018,P020,17,1100,725.66,2500,18700,14836.22,3863.78,CABA,Revendedor
V005202,2025-10-03,C008,P012,3,950,530.88,0,2850,1592.64,1257.36,Oeste,Lavandería
V005203,2025-12-09,C066,P014,12,2100,1264.96,3200,25200,18379.52,6820.48,Sur,Minorista
V005204,2025-05-31,C019,P009,5,2100,1373.71,4500,10500,11368.55,-868.55,CABA,Gastronomía
V005205,2025-03-18,C001,P015,25,3200,1596.36,4500,80000,44409.0,35591.0, caba ,Minorista
V005206,2025-08-08,C069,P003,17,1250,727.78,3200,21250,15572.26,5677.74,Sur,Mayorista
V005207,2025-12-10,C029,P020,30,2100,1215.2,0,63000,36456.0,26544.0,CABA,Gastronomía
V005208,2025-05-09,C016,P015,6,1700,831.41,2500,10200,7488.46,2711.54,Sur,Minorista
V005209,2025-02-11,C059,P012,8,3200,2212.28,0,25600,17698.24,7901.76,Sur,Lavandería
V005210,2025-10-11,C033,P006,33,1450,1034.92,1800,47850,35952.36,11897.64,Sur,LAVANDERÍA
V005211,2025-02-22,C068,P014,31,2600,1746.67,2500,80600,56646.77,23953.23,Sur,Lavandería
V005212,2025-03-09,C012,P020,11,1100,674.05,1200,12100,8614.55,3485.45,Norte,Revendedor
V005213,2025-03-02,C034,P007,1,3900,2616.64,0,3900,2616.64,1283.36,Norte,Mayorista
V005214,2025-08-20,C023,P012,32,3200,1706.53,2500,102400,57108.96,45291.04,Sur,Gastronomía
V005215,2025-12-19,C007,P017,7,1100,709.36,0,7700,4965.52,2734.48,Norte,Revendedor
V005216,2025-10-27,C035,P010,30,2100,1305.81,3200,63000,42374.3,20625.7,CABA,Minorista
V005217,2025-04-01,C022,P011,26,1100,544.06,1200,28600,15345.56,13254.44,Sur,Minorista
V005218,2025-01-08,C072,P018,3,1100,622.43,4500,3300,6367.29,-3067.29,CABA,Minorista
V005219,2025-07-26,C022,P002,26,1250,737.3,1200,32500,20369.8,12130.2,Norte,Gastronomía
V005220,2025-11-13,C046,P020,7,1700,866.29,2500,11900,8564.03,3335.97,Sur,Minorista
V005221,2025-08-12,C053,P005,26,1700,1037.01,2500,44200,29462.26,14737.74,Oeste,Lavandería
V005222,2025-01-28,C017,P012,16,2100,1266.77,1200,33600,21468.32,12131.68,Oeste,Minorista
V005223,2025-11-13,C019,P006,21,1450,821.14,3200,30450,20443.94,10006.06,CABA,Lavandería
V005224,2025-11-11,C035,P001,29,3200,2150.98,2500,92800,64878.42,27921.58,Oeste,Revendedor
V005225,2025-09-12,C013,P018,13,1450,1006.43,0,18850,13083.59,5766.41,CABA,Minorista
V005226,2025-08-12,C050,P011,35,1450,875.32,1200,50750,31836.2,18913.8,Oeste,Minorista
V005227,2025-01-03,C036,P014,4,1250,810.47,1800,5000,5041.88,-41.88,Sur,Minorista
V005228,2025-12-29,C069,P020,32,850,486.3,3200,27200,18761.6,8438.4,Oeste,Lavandería
V005229,2025-07-10,C080,P001,19,1450,858.68,3200,27550,19514.92,8035.08,CABA,Gastronomía
V005230,2025-10-11,C032,P002,17,2600,1257.21,2500,44200,23872.57,20327.43,CABA,Mayorista
V005231,2025-08-22,C055,P009,24,950,683.5,0,22800,16404.0,6396.0,CABA,Gastronomía
V005232,2025-11-19,C007,P004,35,1700,1189.55,1800,59500,43434.25,16065.75,Norte,Lavandería
V005233,2025-04-18,C070,P017,1,3200,1753.15,2500,3200,4253.15,-1053.15,Norte,Minorista
V005234,2025-07-15,C021,P017,11,3200,1785.99,0,35200,19645.89,15554.11,Sur,Mayorista
V005235,2025-06-26,C041,P008,12,850,483.57,1200,10200,7002.84,3197.16,Norte,Minorista
V005236,2025-06-13,C048,P002,8,1250,698.84,1800,10000,7390.72,2609.28,Sur,Minorista
V005237,2025-02-17,C057,P018,33,2600,1667.63,1800,85800,56831.79,28968.21,CABA,Gastronomía
V005238,2025-03-04,C027,P020,8,3200,2023.76,0,25600,16190.08,9409.92,CABA,Gastronomía
V005239,2025-02-17,C038,P004,9,850,605.43,0,7650,5448.87,2201.13,Sur,Gastronomía
V005240,2025-11-20,C006,P009,24,950,531.52,3200,22800,15956.48,6843.52,Oeste,Mayorista
V005241,2025-03-20,C061,P014,10,2100,1291.12,3200,21000,16111.2,4888.8,Norte,Lavandería
V005242,2025-04-26,C066,P015,13,850,523.74,1200,11050,8008.62,3041.38,Norte,Mayorista
V005243,2025-04-15,C078,P002,25,850,482.86,1200,21250,13271.5,7978.5,Sur,Minorista
V005244,2025-08-13,C011,P005,20,950,502.42,1200,19000,11248.4,7751.6,Norte,Revendedor
V005245,2025-02-14,C018,P011,35,950,585.39,2500,33250,22988.65,10261.35,Sur,Revendedor
V005246,2025-05-28,C025,P014,20,1250,890.38,1800,25000,19607.6,5392.4,Oeste,Minorista
V005247,2025-12-03,C040,P011,18,1700,1204.55,3200,30600,24881.9,5718.1,CABA,Gastronomía
V005248,2025-01-17,C070,P019,21,950,664.88,2500,19950,16462.48,3487.52,Oeste,Minorista
V005249,2025-10-01,C058,P020,31,2100,1401.65,1200,65100,44651.15,20448.85,CABA,Mayorista
V005250,2025-04-12,C002,P009,10,1250,672.2,1200,12500,7922.0,4578.0,Oeste,Minorista
V005251,2025-12-05,C073,P013,1,1100,613.64,3200,1100,3813.64,-2713.64,Oeste,Lavandería
V005252,2025-01-09,C034,P001,2,1450,781.32,3200,2900,4762.64,-1862.64,Sur,Lavandería
V005253,2025-08-08,C066,P010,30,850,573.6,4500,25500,21708.0,3792.0,Oeste,Lavandería
V005254,2025-01-22,C021,P015,21,2600,1705.82,3200,54600,39022.22,15577.78,Sur,Lavandería
V005255,2025-04-14,C053,P017,2,1700,899.7,2500,3400,4299.4,-899.4,Oeste,Revendedor
V005256,2025-01-30,C072,P017,10,1250,656.97,0,12500,6569.7,5930.3,Sur,Minorista
V005257,2025-02-17,C078,P019,35,1100,605.78,2500,38500,23702.3,14797.7,CABA,Lavandería
V005258,2025-07-05,C013,P017,26,1100,555.54,3200,28600,17644.04,10955.96,Sur,Mayorista
V005259,2025-07-26,C059,P017,12,3200,2034.37,0,38400,24412.44,13987.56,Sur,Revendedor
V005260,2025-10-21,C050,P001,1,2100,1398.62,2500,2100,3898.62,-1798.62,CABA,Mayorista
V005261,2025-09-07,C076,P002,20,1100,625.54,3200,22000,15710.8,6289.2,Norte,Lavandería
V005262,2025-06-15,C065,P001,28,3200,2132.15,4500,89600,64200.2,25399.8,Sur,Revendedor
V005263,2025-03-10,C021,P010,7,3900,2442.63,2500,27300,19598.41,7701.59,Sur,Minorista
V005264,2025-04-22,C016,P002,4,3200,1698.91,3200,12800,9995.64,2804.36,CABA,Revendedor
V005265,2025-10-07,C045,P009,17,3200,2293.31,3200,54400,42186.27,12213.73,CABA,Gastronomía
V005266,2025-10-01,C032,P007,17,2100,1461.64,1800,35700,26647.88,9052.12,Sur,Lavandería
V005267,2025-11-21,C018,P013,4,1100,554.39,0,4400,2217.56,2182.44,CABA,Lavandería
V005268,2025-12-27,C055,P014,20,850,473.32,4500,17000,13966.4,3033.6,Sur,Gastronomía
V005269,2025-04-24,C004,P017,32,3200,1542.62,4500,102400,53863.84,48536.16,Oeste,Lavandería
V005270,2025-09-26,C023,P011,16,2600,1314.72,2500,41600,23535.52,18064.48,Sur,Minorista
V005271,2025-05-28,C011,P011,21,2600,1585.28,4500,54600,37790.88,16809.12,CABA,Mayorista
V005272,2025-11-20,C057,P007,5,1450,980.85,0,7250,4904.25,2345.75,Sur,Gastronomía
V005273,2025-07-18,C018,P009,31,3900,2435.74,4500,120900,80007.94,40892.06,Norte,Mayorista
V005274,2025-04-11,C015,P016,35,1100,646.69,4500,38500,27134.15,11365.85,CABA,Gastronomía
V005275,2025-11-29,C079,P016,27,2100,1075.97,3200,56700,32251.19,24448.81,Norte,Minorista
V005276,2025-08-14,C067,P009,26,1450,1008.11,0,37700,26210.86,11489.14,Norte,Lavandería
V005277,2025-08-18,C038,P014,25,1100,558.85,3200,27500,17171.25,10328.75,Sur,Revendedor
V005278,2025-12-06,C041,P014,22,1100,611.45,1800,24200,15251.9,8948.1,Norte,Mayorista
V005279,2025-05-15,C043,P018,28,2100,1237.03,3200,58800,37836.84,20963.16,Oeste,Revendedor
V005280,2025-11-07,C008,P015,11,1100,787.43,2500,12100,11161.73,938.27,Sur,Revendedor
V005281,2025-05-19,C006,P014,2,950,527.69,1800,1900,2855.38,-955.38,CABA,Mayorista
V005282,2025-09-22,C021,P015,15,3200,1848.69,3200,48000,30930.35,17069.65,Oeste,Mayorista
V005283,2025-11-12,C018,P007,35,3900,2363.15,1200,136500,83910.25,52589.75,Oeste,Gastronomía
V005284,2025-11-28,C033,P014,33,2100,1102.1,2500,69300,38869.3,30430.7,Sur,Minorista
V005285,2025-01-31,C030,P012,26,1700,1018.87,4500,44200,30990.62,13209.38,CABA,Revendedor
V005286,2025-06-09,C026,P016,6,1450,985.69,3200,8700,9114.14,-414.14,Oeste,Lavandería
V005287,2025-03-16,C062,P008,24,850,540.1,0,20400,12962.4,7437.6,CABA,Minorista
V005288,2025-03-18,C055,P014,19,2100,1328.9,0,39900,25249.1,14650.9,Sur,Minorista
V005289,2025-05-26,C078,P002,6,850,417.58,0,5100,2505.48,2594.52,Sur,Lavandería
V005290,2025-07-02,C076,P011,20,1700,1200.65,4500,34000,28513.0,5487.0,Oeste,Minorista
V005291,2025-01-28,C013,P016,34,1450,993.27,1200,49300,34971.18,14328.82,Sur,Gastronomía
V005292,2025-11-30,C021,P001,21,1100,744.83,1200,23100,16841.43,6258.57,Norte,Revendedor
V005293,2025-10-20,C065,P015,13,850,509.81,1200,11050,7827.53,3222.47,Oeste,Minorista
V005294,2025-07-30,C051,P012,26,3900,2701.89,0,101400,70249.14,31150.86,Sur,Minorista
V005295,2025-11-18,C069,P013,5,950,641.54,0,4750,3207.7,1542.3,Oeste,Gastronomía
V005296,2025-01-01,C019,P012,3,850,491.06,1200,2550,2673.18,-123.18,Oeste,Lavandería
V005297,2025-08-04,C033,P008,20,3900,2476.99,4500,78000,54039.8,23960.2,Sur,Gastronomía
V005298,2025-03-13,C056,P012,4,1700,1213.05,1800,6800,6652.2,147.8,Sur,Lavandería
V005299,2025-12-11,C034,P003,6,2100,1015.5,3200,12600,9293.0,3307.0,Norte,Revendedor
V005300,2025-06-30,C025,P018,35,2600,1462.26,3200,91000,54379.1,36620.9,Sur,Gastronomía
V005301,2025-10-16,C024,P002,17,950,609.47,1800,16150,12160.99,3989.01,Oeste,Revendedor
V005302,2025-03-26,C030,P002,7,2100,1473.51,1800,14700,12114.57,2585.43,Oeste,Minorista
V005303,2025-12-04,C032,P005,32,2600,1687.86,1800,83200,55811.52,27388.48,Norte,Mayorista
V005304,2025-04-27,C019,P019,20,1700,1093.07,3200,34000,25061.4,8938.6,Sur,Lavandería
V005305,2025-12-21,C037,P002,19,2600,1836.49,1200,49400,36093.31,13306.69,Norte,Lavandería
V005306,2025-05-21,C080,P016,10,3200,1698.12,1800,32000,18781.2,13218.8,CABA,Revendedor
V005307,2025-01-06,C053,P015,5,850,414.57,3200,4250,5272.85,-1022.85,Sur,Revendedor
V005308,2025-05-30,C038,P006,33,1100,680.84,1200,36300,23667.72,12632.28,CABA,Lavandería
V005309,2025-11-22,C034,P005,8,1100,660.73,2500,8800,7785.84,1014.16,Norte,Revendedor
V005310,2025-06-28,C078,P016,4,1100,603.03,3200,4400,5612.12,-1212.12,CABA,Minorista
V005311,2025-06-25,C047,P016,6,1700,1128.94,3200,10200,9973.64,226.36,Norte,Mayorista
V005312,2025-05-16,C045,P013,23,950,604.35,1200,21850,15100.05,6749.95,Norte,Mayorista
V005313,2025-05-16,C036,P002,30,850,512.88,0,25500,15386.4,10113.6,Sur,Mayorista
V005314,2025-02-06,C031,P019,22,3900,2478.97,1200,85800,55737.34,30062.66,Norte,Lavandería
V005315,2025-10-04,C035,P011,2,2600,1378.59,4500,5200,7257.18,-2057.18,CABA,Mayorista
V005316,2025-09-25,C021,P003,7,950,497.61,1800,6650,5283.27,1366.73,Oeste,Minorista
V005317,2025-12-04,C066,P003,21,1450,787.38,2500,30450,19034.98,11415.02,Oeste,Lavandería
V005318,2025-11-22,C059,P002,32,850,483.46,0,27200,15470.72,11729.28,Sur,Minorista
V005319,2025-11-15,C048,P001,26,1100,629.6,1200,28600,17569.6,11030.4,Oeste,Lavandería
V005320,2025-07-27,C023,P009,13,1100,640.84,2500,14300,10830.92,3469.08,Oeste,Minorista
V005321,2025-09-11,C078,P017,4,1450,953.07,0,5800,3812.28,1987.72,Sur,Revendedor
V005322,2025-11-15,C031,P015,34,2600,1556.65,1800,88400,54726.1,33673.9,Oeste,Mayorista
V005323,2025-11-14,C076,P020,28,1250,716.64,0,35000,20065.92,14934.08,Norte,Gastronomía
V005324,2025-05-22,C035,P004,35,1250,894.54,1800,43750,33108.9,10641.1,Sur,Revendedor
V005325,2025-03-20,C068,P006,26,1100,723.98,0,28600,18823.48,9776.52,CABA,Lavandería
V005326,2025-06-30,C014,P011,21,1100,655.16,1800,23100,15558.36,7541.64,Sur,Revendedor
V005327,2025-09-10,C013,P012,22,1250,657.92,1200,27500,15674.24,11825.76,CABA,Lavandería
V005328,2025-10-21,C030,P003,14,1450,980.41,1800,20300,15525.74,4774.26,Sur,Minorista
V005329,2025-11-12,C055,P004,30,2100,1189.83,0,63000,35694.9,27305.1,Oeste,Minorista
V005330,2025-01-11,C003,P002,11,2600,1577.69,1800,28600,19154.59,9445.41,Norte,Revendedor
V005331,2025-12-10,C060,P002,1,1700,865.21,1200,1700,2065.21,-365.21,Norte,Mayorista
V005332,2025-09-20,C007,P014,13,950,596.01,0,12350,7748.13,4601.87,Norte,Mayorista
V005333,2025-09-11,C050,P020,14,1100,720.77,2500,15400,12590.78,2809.22,Oeste,Lavandería
V005334,2025-05-27,C050,P006,12,2100,1467.06,4500,25200,22104.72,3095.28,Sur,Gastronomía
V005335,2025-04-10,C012,P003,23,1100,704.44,1200,25300,17402.12,7897.88,Sur,Mayorista
V005336,2025-12-03,C004,P015,21,2600,1624.02,4500,54600,38604.42,15995.58,CABA,Gastronomía
V005337,2025-11-30,C039,P009,18,950,591.37,3200,17100,13844.66,3255.34,Sur,Gastronomía
V005338,2025-06-11,C074,P013,12,1450,928.86,3200,17400,14346.32,3053.68,Norte,Minorista
V005339,2025-10-22,C019,P016,29,950,648.39,2500,27550,21303.31,6246.69,Oeste,Lavandería
V005340,2025-09-28,C043,P001,29,850,473.38,0,24650,13728.02,10921.98,Oeste,Gastronomía
V005341,2025-02-15,C016,P001,13,950,604.89,2500,12350,10363.57,1986.43,Sur,Mayorista
V005342,2025-01-10,C062,P012,7,1450,792.68,4500,10150,10048.76,101.24,Norte,Lavandería
V005343,2025-08-08,C010,P020,27,2100,1375.01,4500,56700,41625.27,15074.73,Sur,Minorista
V005344,2025-02-17,C043,P002,18,1250,681.63,0,22500,12269.34,10230.66,CABA,Minorista
V005345,2025-04-05,C051,P012,22,2600,1484.18,1800,57200,34451.96,22748.04,Sur,Gastronomía
V005346,2025-08-03,C051,P012,30,1250,817.54,3200,37500,27726.2,9773.8,Sur,Lavandería
V005347,2025-06-04,C011,P002,22,850,496.38,1800,18700,12720.36,5979.64,CABA,Mayorista
V005348,2025-05-04,C032,P002,20,2100,1391.42,1200,42000,29028.4,12971.6,CABA,Gastronomía
V005349,2025-12-26,C063,P001,27,950,646.99,1800,25650,19268.73,6381.27,Oeste,Lavandería
V005350,2025-04-23,C002,P011,14,1450,753.39,3200,20300,13747.46,6552.54,CABA,Lavandería
V005351,2025-12-30,C068,P003,27,1100,680.8,0,29700,18381.6,11318.4,Sur,Minorista
V005352,2025-06-30,C008,P016,8,850,496.09,0,6800,3968.72,2831.28,Sur,Revendedor
V005353,2025-01-28,C029,P014,30,850,475.66,0,25500,14269.8,11230.2,Norte,Minorista
V005354,2025-03-03,C059,P019,31,2600,1627.88,4500,80600,54964.28,25635.72,Oeste,Minorista
V005355,2025-11-01,C074,P010,27,2600,1268.14,3200,70200,37439.78,32760.22,Sur,Minorista
V005356,2025-10-09,C060,P009,27,950,652.76,1200,25650,18824.52,6825.48,Oeste,Minorista
V005357,2025-09-20,C063,P018,34,1450,943.83,2500,49300,34590.22,14709.78,Oeste,Gastronomía
V005358,2025-04-21,C059,P012,26,3200,2104.94,3200,83200,57928.44,25271.56,Sur,Mayorista
V005359,2025-08-17,C033,P017,12,1250,603.66,0,15000,7243.92,7756.08,Sur,Minorista
V005360,2025-06-16,C033,P016,22,3900,2796.76,0,85800,61528.72,24271.28,CABA,Mayorista
V005361,2025-04-21,C050,P015,10,950,470.97,1800,9500,6509.7,2990.3,Sur,Lavandería
V005362,2025-09-25,C009,P009,2,3200,1658.4,3200,6400,6516.8,-116.8,Oeste,Gastronomía
V005363,2025-07-27,C040,P020,8,1250,734.81,2500,10000,8378.48,1621.52,Norte,Minorista
V005364,2025-10-18,C036,P006,14,950,541.2,3200,13300,10776.8,2523.2,Sur,Mayorista
V005365,2025-08-29,C069,P003,15,950,657.09,3200,14250,13056.35,1193.65,CABA,Gastronomía
V005366,2025-02-24,C066,P003,16,2100,1414.8,0,33600,22636.8,10963.2,CABA,Gastronomía
V005367,2025-08-14,C077,P002,20,2100,1377.76,1800,42000,29355.2,12644.8,Norte,Minorista
V005368,2025-06-27,C070,P003,22,950,593.91,1200,20900,14266.02,6633.98,Norte,Mayorista
V005369,2025-09-11,C072,P019,6,950,597.87,4500,5700,8087.22,-2387.22,Oeste,Lavandería
V005370,2025-10-01,C077,P002,2,3900,2340.5,2500,7800,7181.0,619.0,CABA,Lavandería
V005371,2025-09-25,C010,P010,20,950,553.79,4500,19000,15575.8,3424.2,Sur,Lavandería
V005372,2025-02-19,C014,P016,30,1100,748.51,1800,33000,24255.3,8744.7,Oeste,Minorista
V005373,2025-07-29,C061,P002,2,1700,1118.07,4500,3400,6736.14,-3336.14,Norte,Revendedor
V005374,2025-03-20,C036,P001,17,3900,2478.09,2500,66300,44627.53,21672.47,Norte,Lavandería
V005375,2025-04-01,C037,P001,3,1250,617.62,0,3750,1852.86,1897.14,Norte,Minorista
V005376,2025-09-24,C053,P003,29,1700,1056.51,3200,49300,33838.79,15461.21,Sur,Mayorista
V005377,2025-03-19,C040,P020,20,2600,1509.67,4500,52000,34693.4,17306.6,CABA,Revendedor
V005378,2025-05-19,C076,P012,33,1250,654.34,1800,41250,23393.22,17856.78,CABA,Revendedor
V005379,2025-10-21,C005,P003,1,1100,755.27,2500,1100,3255.27,-2155.27,Oeste,Mayorista
V005380,2025-05-15,C080,P005,10,2600,1821.67,2500,26000,20716.7,5283.3,Sur,Minorista
V005381,2025-09-30,C042,P019,20,1100,639.58,1200,22000,13991.6,8008.4,Oeste,Revendedor
V005382,2025-12-04,C047,P012,17,1250,808.24,1800,21250,15540.08,5709.92,Oeste,Minorista
V005383,2025-05-04,C067,P001,8,950,527.44,1800,7600,6019.52,1580.48,Sur,Lavandería
V005384,2025-11-05,C036,P004,24,950,504.04,3200,22800,15296.96,7503.04,Norte,Gastronomía
V005385,2025-05-08,C021,P007,31,1700,821.68,1200,52700,26672.08,26027.92,Sur,Mayorista
V005386,2025-03-02,C060,P011,11,1700,877.06,4500,18700,14147.66,4552.34,Oeste,Mayorista
V005387,2025-05-23,C031,P009,10,950,624.44,3200,9500,9444.4,55.6,Norte,Lavandería
V005388,2025-10-22,C056,P011,28,1100,673.65,2500,30800,21362.2,9437.8,Oeste,Mayorista
V005389,2025-07-11,C003,P001,27,1450,994.13,1800,39150,28641.51,10508.49,Norte,Revendedor
V005390,2025-01-23,C040,P017,11,3900,2707.21,0,42900,29779.31,13120.69,Sur,Revendedor
V005391,2025-03-23,C067,P013,12,1700,1115.75,3200,20400,16589.0,3811.0,Sur,Mayorista
V005392,2025-10-23,C025,P015,2,2100,1449.83,1200,4200,4099.66,100.34,Norte,Revendedor
V005393,2025-08-26,C028,P013,2,3200,1582.45,1800,6400,4964.9,1435.1,Oeste,Mayorista
V005394,2025-08-03,C019,P007,6,2100,1508.78,1800,12600,10852.68,1747.32,CABA,Minorista
V005395,2025-02-13,C048,P007,9,2600,1714.29,1200,23400,16628.61,6771.39,Norte,Minorista
V005396,2025-05-27,C057,P016,22,2100,1437.0,3200,46200,34814.0,11386.0,Sur,Mayorista
V005397,2025-09-07,C012,P008,29,3900,2422.23,2500,113100,72744.67,40355.33,CABA,Revendedor
V005398,2025-01-16,C043,P008,33,1100,670.46,3200,36300,25325.18,10974.82,CABA,Mayorista
V005399,2025-12-27,C020,P008,25,1700,1000.78,4500,42500,29519.5,12980.5,Norte,Mayorista
V005400,2025-11-27,C063,P013,18,1450,811.6,1200,26100,15808.8,10291.2,Norte,Lavandería
V005401,2025-03-21,C022,P005,1,3200,2276.89,4500,3200,6776.89,-3576.89,Oeste,Gastronomía
V005402,2025-07-28,C033,P009,9,3900,2401.57,4500,35100,26114.13,8985.87,Sur,Minorista
V005403,2025-04-18,C067,P002,29,950,583.45,2500,27550,19420.05,8129.95,CABA,Lavandería
V005404,2025-10-19,C076,P007,17,1700,846.29,2500,28900,16886.93,12013.07,Oeste,Revendedor
V005405,2025-03-19,C079,P005,5,2100,1081.43,3200,10500,8607.15,1892.85,Sur,Minorista
V005406,2025-06-06,C024,P016,33,1700,1102.05,0,56100,36367.65,19732.35,CABA,Mayorista
V005407,2025-08-04,C025,P001,24,2100,1309.64,4500,50400,35931.36,14468.64,Sur,Mayorista
V005408,2025-06-11,C005,P019,25,3900,2152.88,1200,97500,55022.0,42478.0,Oeste,Gastronomía
V005409,2025-03-28,C071,P017,35,3900,2417.16,0,136500,84600.6,51899.4,Sur,Minorista
V005410,2025-09-26,C009,P003,1,2600,1310.06,3200,2600,4510.06,-1910.06,Oeste,Mayorista
V005411,2025-12-27,C052,P001,16,2100,1265.71,3200,33600,23451.36,10148.64,Norte,Revendedor
V005412,2025-12-06,C065,P010,17,1450,768.88,2500,24650,15570.96,9079.04,Oeste,Minorista
V005413,2025-04-12,C023,P014,32,2600,1780.7,1200,83200,58182.4,25017.6,Oeste,Minorista
V005414,2025-10-28,C010,P017,4,1450,777.06,1800,5800,4908.24,891.76,Oeste,Minorista
V005415,2025-10-30,C061,P019,32,1700,1207.09,2500,54400,41126.88,13273.12,Norte,Mayorista
V005416,2025-03-02,C072,P004,3,950,640.85,4500,2850,6422.55,-3572.55,Sur,Gastronomía
V005417,2025-08-25,C022,P020,6,1250,631.44,1200,7500,4988.64,2511.36,Sur,Gastronomía
V005418,2025-11-13,C057,P010,25,850,452.31,1200,21250,12507.75,8742.25,Oeste,Minorista
V005419,2025-03-10,C010,P016,34,950,558.09,0,32300,18975.06,13324.94,Norte,Mayorista
V005420,2025-12-27,C032,P005,32,1700,1030.56,3200,54400,36177.92,18222.08,CABA,Minorista
V005421,2025-09-30,C041,P020,11,850,492.56,0,9350,5418.16,3931.84,Norte,Minorista
V005422,2025-07-15,C045,P005,30,1100,759.48,0,33000,22784.4,10215.6,CABA,Minorista
V005423,2025-10-22,C045,P008,7,850,411.79,0,5950,2882.53,3067.47,Sur,Revendedor
V005424,2025-12-04,C024,P011,5,1250,719.09,4500,6250,8095.45,-1845.45,Oeste,Mayorista
V005425,2025-04-10,C070,P001,5,1250,798.75,0,6250,3993.75,2256.25,Oeste,Minorista
V005426,2025-10-17,C072,P003,20,850,423.25,1800,17000,10265.0,6735.0,Sur,Revendedor
V005427,2025-07-18,C011,P008,26,850,598.88,2500,22100,18070.88,4029.12,Oeste,Lavandería
V005428,2025-03-22,C005,P010,24,850,550.01,3200,20400,16400.24,3999.76,CABA,Lavandería
V005429,2025-04-15,C045,P008,16,1250,708.73,0,20000,11339.68,8660.32,Sur,Mayorista
V005430,2025-08-04,C017,P011,5,850,471.71,3200,4250,5558.55,-1308.55,Norte,Lavandería
V005431,2025-03-03,C063,P008,3,1700,1087.54,4500,5100,7762.62,-2662.62,Norte,Minorista
V005432,2025-04-16,C029,P005,2,3900,2242.47,1200,7800,5684.94,2115.06,CABA,Revendedor
V005433,2025-03-18,C038,P001,31,1450,728.49,1200,44950,23783.19,21166.81,Norte,Revendedor
V005434,2025-11-20,C054,P014,22,1250,670.95,0,27500,14760.9,12739.1,Oeste,Lavandería
V005435,2025-04-26,C067,P012,31,1450,765.81,3200,44950,26940.11,18009.89,CABA,Revendedor
V005436,2025-06-13,C065,P001,1,850,570.26,1800,850,2370.26,-1520.26,CABA,Lavandería
V005437,2025-03-14,C049,P016,24,850,426.87,1800,20400,12044.88,8355.12,Sur,Revendedor
V005438,2025-05-04,C016,P009,26,1700,818.22,0,44200,21273.72,22926.28,Oeste,Revendedor
V005439,2025-05-11,C048,P012,33,1450,831.2,4500,47850,31929.6,15920.4,Norte,Mayorista
V005440,2025-01-31,C013,P017,7,3900,1891.9,1200,27300,14443.3,12856.7,Oeste,Minorista
V005441,2025-02-18,C049,P012,7,3900,2360.87,3200,27300,19726.09,7573.91,CABA,Lavandería
V005442,2025-01-09,C077,P004,32,1700,829.2,1800,54400,28334.4,26065.6,CABA,Revendedor
V005443,2025-03-24,C050,P015,31,1700,1143.38,1800,52700,37244.78,15455.22,Sur,Minorista
V005444,2025-07-20,C021,P005,33,1450,1041.08,4500,47850,38855.64,8994.36,Sur,Gastronomía
V005445,2025-08-06,C069,P018,32,1100,530.68,0,35200,16981.76,18218.24,Norte,Revendedor
V005446,2025-09-06,C011,P001,15,2100,1402.63,1800,31500,22839.45,8660.55,Oeste,Gastronomía
V005447,2025-09-07,C049,P010,6,1450,797.43,1200,8700,5984.58,2715.42,Sur,Minorista
V005448,2025-12-18,C075,P015,19,1700,904.9,1800,32300,18993.1,13306.9,Norte,Revendedor
V005449,2025-07-08,C046,P001,4,850,437.61,3200,3400,4950.44,-1550.44,CABA,Lavandería
V005450,2025-10-26,C045,P010,31,1250,892.16,2500,38750,30156.96,8593.04,Norte,Mayorista
V005451,2025-08-18,C018,P019,17,1250,723.85,0,21250,12305.45,8944.55,CABA,Revendedor
V005452,2025-01-13,C073,P017,11,1450,808.54,4500,15950,13393.94,2556.06,CABA,Gastronomía
V005453,2025-12-30,C056,P010,29,850,438.78,1200,24650,13924.62,10725.38,Sur,Minorista
V005454,2025-08-14,C038,P004,32,850,568.01,0,27200,18176.32,9023.68,Oeste,Mayorista
V005455,2025-07-05,C022,P011,21,1250,798.22,0,26250,16762.62,9487.38,Oeste,Gastronomía
V005456,2025-02-17,C058,P014,12,1100,672.14,3200,13200,11265.68,1934.32,Norte,Gastronomía
V005457,2025-02-05,C063,P012,18,850,427.63,1200,15300,8897.34,6402.66,Sur,Revendedor
V005458,2025-01-19,C045,P018,18,3200,1662.51,0,57600,29925.18,27674.82,Sur,Mayorista
V005459,2025-11-11,C027,P007,26,3900,2462.23,0,101400,64017.98,37382.02,CABA,Revendedor
V005460,2025-03-25,C075,P014,23,2100,1487.92,1200,48300,35422.16,12877.84,CABA,Lavandería
V005461,2025-05-26,C050,P009,27,2600,1482.64,2500,70200,42531.28,27668.72,Norte,Lavandería
V005462,2025-03-28,C043,P002,17,1700,839.65,4500,28900,18774.05,10125.95,CABA,Gastronomía
V005463,2025-05-07,C074,P019,10,1700,1007.15,0,17000,10071.5,6928.5,Oeste,Revendedor
V005464,2025-08-10,C016,P001,10,3200,1800.46,1800,32000,19804.6,12195.4,CABA,Gastronomía
V005465,2025-05-03,C068,P005,21,1700,873.51,1200,35700,19543.71,16156.29,Oeste,Revendedor
V005466,2025-07-29,C044,P019,8,3200,2121.64,0,25600,16973.12,8626.88,CABA,Gastronomía
V005467,2025-04-06,C068,P007,3,1700,895.46,2500,5100,5186.38,-86.38,Sur,Mayorista
V005468,2025-01-08,C070,P008,4,1250,768.6,3200,5000,6274.4,-1274.4,Norte,Minorista
V005469,2025-02-23,C056,P016,30,2100,1306.61,4500,63000,43698.3,19301.7,CABA,Revendedor
V005470,2025-11-28,C016,P001,22,850,580.3,0,18700,12766.6,5933.4,Sur,Minorista
V005471,2025-11-05,C046,P016,19,1450,817.23,4500,27550,20027.37,7522.63,Norte,Minorista
V005472,2025-08-12,C076,P004,20,1250,752.95,2500,25000,17559.0,7441.0,Sur,Mayorista
V005473,2025-10-10,C040,P008,8,1700,1120.01,1800,13600,10760.08,2839.92,Sur,Lavandería
V005474,2025-08-06,C078,P011,30,3900,2025.04,2500,117000,63251.2,53748.8,Oeste,Lavandería
V005475,2025-04-27,C022,P016,14,1100,782.31,1200,15400,12152.34,3247.66,Sur,Minorista
V005476,2025-04-08,C079,P003,3,1700,982.9,1800,5100,4748.7,351.3,CABA,Gastronomía
V005477,2025-02-02,C030,P010,13,850,590.13,2500,11050,10171.69,878.31,Oeste,Mayorista
V005478,2025-10-23,C065,P015,25,3200,1601.93,4500,80000,44548.25,35451.75,Sur,Minorista
V005479,2025-07-01,C012,P019,7,2600,1742.48,1200,18200,13397.36,4802.64,Norte,Mayorista
V005480,2025-05-02,C055,P008,29,1450,949.65,1200,42050,28739.85,13310.15,Sur,Mayorista
V005481,2025-10-01,C006,P003,14,950,575.82,1800,13300,9861.48,3438.52,Oeste,Gastronomía
V005482,2025-02-08,C025,P012,31,950,639.49,4500,29450,24324.19,5125.81,Oeste,Lavandería
V005483,2025-03-05,C009,P004,19,2600,1486.21,1200,49400,29437.99,19962.01,CABA,Lavandería
V005484,2025-04-15,C033,P015,35,2600,1800.76,1200,91000,64226.6,26773.4,Norte,Gastronomía
V005485,2025-03-03,C036,P011,23,2100,1446.89,2500,48300,35778.47,12521.53,Oeste,Minorista
V005486,2025-11-30,C013,P013,33,3200,1786.99,1200,105600,60170.67,45429.33,Sur,Lavandería
V005487,2025-04-29,C061,P001,1,3200,2202.76,3200,3200,5402.76,-2202.76,Norte,Mayorista
V005488,2025-10-08,C025,P002,8,1450,886.36,1800,11600,8890.88,2709.12,Sur,Revendedor
V005489,2025-02-23,C052,P012,28,850,513.89,0,23800,14388.92,9411.08,Norte,Minorista
V005490,2025-09-18,C080,P002,9,1450,794.95,2500,13050,9654.55,3395.45,Oeste,Revendedor
V005491,2025-09-27,C022,P014,5,2600,1376.06,4500,13000,11380.3,1619.7,Sur,Minorista
V005492,2025-10-07,C059,P007,28,1250,623.46,3200,35000,20656.88,14343.12,Oeste,Minorista
V005493,2025-09-22,C011,P007,29,1100,729.46,3200,31900,24354.34,7545.66,Oeste,Revendedor
V005494,2025-01-04,C040,P011,1,1250,600.99,4500,1250,5100.99,-3850.99,Oeste,Gastronomía
V005495,2025-10-18,C015,P003,26,1450,866.55,1800,37700,24330.3,13369.7,Oeste,Lavandería
V005496,2025-04-12,C072,P014,7,1250,863.34,4500,8750,10543.38,-1793.38,Sur,Mayorista
V005497,2025-12-24,C021,P016,7,3200,1593.75,1800,22400,12956.25,9443.75,Oeste,Revendedor
V005498,2025-04-05,C047,P017,35,1250,610.25,1200,43750,22558.75,21191.25,CABA,Mayorista
V005499,2025-07-23,C063,P003,27,850,540.94,1200,22950,15805.38,7144.62,Norte,Minorista
V005500,2025-08-31,C067,P015,26,850,439.53,2500,22100,13927.78,8172.22,Norte,Revendedor
V005501,2025-01-08,C061,P006,27,1450,880.7,0,39150,23778.9,15371.1,CABA,Gastronomía
V005502,2025-12-22,C004,P008,6,2100,1250.31,0,12600,7501.86,5098.14,Oeste,Revendedor
V005503,2025-09-19,C032,P015,15,3900,2478.64,1800,58500,38979.6,19520.4,Oeste,Minorista
V005504,2025-10-12,C020,P006,29,3200,1610.04,2500,92800,49191.16,43608.84,Norte,Mayorista
V005505,2025-10-31,C041,P008,27,3900,2355.52,1200,105300,64799.04,40500.96,Oeste,Mayorista
V005506,2025-01-22,C057,P006,20,3200,1854.2,4500,64000,41584.0,22416.0,CABA,Gastronomía
V005507,2025-08-10,C021,P008,4,2100,1259.14,0,8400,5036.56,3363.44,CABA,Revendedor
V005508,2025-05-24,C050,P016,3,950,519.14,0,2850,1557.42,1292.58,Oeste,Revendedor
V005509,2025-01-01,C033,P010,29,950,682.15,1200,27550,20982.35,6567.65,CABA,Revendedor
V005510,2025-04-14,C054,P005,19,3200,1878.86,3200,60800,38898.34,21901.66,Norte,Lavandería
V005511,2025-04-06,C028,P015,35,3200,1862.96,0,112000,65203.6,46796.4,Sur,Mayorista
V005512,2025-03-08,C058,P015,27,850,551.51,1200,22950,16090.77,6859.23,Norte,Minorista
V005513,2025-12-28,C031,P014,4,2100,1189.31,2500,8400,7257.24,1142.76,Norte,Minorista
V005514,2025-12-24,C053,P019,17,1250,887.41,2500,21250,17585.97,3664.03,Sur,Mayorista
V005515,2025-12-12,C032,P016,24,2100,1401.65,3200,50400,36839.6,13560.4,Norte,Gastronomía
V005516,2025-04-24,C044,P016,29,2600,1693.83,3200,75400,52321.07,23078.93,Norte,Revendedor
V005517,2025-03-12,C079,P009,22,3200,1715.49,0,70400,37740.78,32659.22,Oeste,Lavandería
V005518,2025-05-30,C040,P018,11,1250,827.57,2500,13750,11603.27,2146.73,CABA,Gastronomía
V005519,2025-03-08,C035,P009,21,850,445.21,2500,17850,11849.41,6000.59,Sur,Minorista
V005520,2025-03-21,C016,P016,34,1100,691.11,3200,37400,26697.74,10702.26,CABA,Lavandería
V005521,2025-02-25,C001,P008,29,2100,1112.99,1200,60900,33476.71,27423.29,Norte,Minorista
V005522,2025-04-25,C066,P001,20,1250,747.25,0,25000,14945.0,10055.0,Oeste,Lavandería
V005523,2025-11-09,C071,P001,33,2100,1168.69,0,69300,38566.77,30733.23,CABA,Revendedor
V005524,2025-07-31,C014,P020,30,850,584.79,4500,25500,22043.7,3456.3,Oeste,Revendedor
V005525,2025-04-16,C011,P008,9,3900,2156.54,1200,35100,20608.86,14491.14,Sur,Gastronomía
V005526,2025-10-29,C038,P006,23,850,421.46,2500,19550,12193.58,7356.42,Norte,Lavandería
V005527,2025-07-06,C047,P011,31,1450,877.46,1200,44950,28401.26,16548.74,Oeste,Revendedor
V005528,2025-02-06,C002,P016,1,1700,976.87,1800,1700,2776.87,-1076.87,Norte,Lavandería
V005529,2025-04-18,C067,P010,8,850,524.74,0,6800,4197.92,2602.08,CABA,Lavandería
V005530,2025-07-14,C015,P014,5,1700,895.02,0,8500,4475.1,4024.9,Sur,Lavandería
V005531,2025-07-27,C003,P006,19,1450,937.38,2500,27550,20310.22,7239.78,Sur,Revendedor
V005532,2025-02-16,C066,P003,19,1250,669.04,4500,23750,17211.76,6538.24,Sur,Revendedor
V005533,2025-08-20,C043,P015,22,1700,923.25,0,37400,20311.5,17088.5,Sur,Revendedor
V005534,2025-04-08,C035,P006,27,850,484.04,1200,22950,14269.08,8680.92,Oeste,Gastronomía
V005535,2025-11-08,C076,P014,26,2100,1373.87,3200,54600,38920.62,15679.38,CABA,Revendedor
V005536,2025-08-27,C041,P017,3,1450,733.58,4500,4350,6700.74,-2350.74,CABA,Mayorista
V005537,2025-08-03,C029,P010,34,2600,1410.3,0,88400,47950.2,40449.8,Oeste,Lavandería
V005538,2025-03-03,C073,P008,29,3900,1924.91,1200,113100,57022.39,56077.61,Oeste,Revendedor
V005539,2025-04-17,C003,P020,19,1450,770.98,0,27550,14648.62,12901.38,Oeste,Minorista
V005540,2025-04-12,C036,P011,22,2600,1626.56,3200,57200,38984.32,18215.68,CABA,Minorista
V005541,2025-09-01,C024,P011,26,2100,1401.95,3200,54600,39650.7,14949.3,Sur,Mayorista
V005542,2025-05-08,C008,P013,14,2100,1183.62,3200,29400,19770.68,9629.32,Oeste,Lavandería
V005543,2025-12-24,C010,P012,7,850,466.1,1200,5950,4462.7,1487.3,Sur,Lavandería
V005544,2025-08-22,C062,P013,32,3900,2210.15,3200,124800,73924.8,50875.2,Oeste,Mayorista
V005545,2025-03-09,C035,P020,25,2600,1384.11,0,65000,34602.75,30397.25,Sur,Lavandería
V005546,2025-06-10,C043,P015,8,1100,535.95,3200,8800,7487.6,1312.4,Norte,Gastronomía
V005547,2025-05-16,C004,P006,35,3900,2698.86,1800,136500,96260.1,40239.9,Norte,Mayorista
V005548,2025-10-14,C068,P005,25,3900,2290.27,3200,97500,60456.75,37043.25,Norte,Minorista
V005549,2025-05-01,C050,P013,32,1450,962.75,3200,46400,34008.0,12392.0,Sur,Revendedor
V005550,2025-11-06,C075,P013,1,3200,2124.3,3200,3200,5324.3,-2124.3,Sur,Mayorista
V005551,2025-10-17,C011,P010,8,3200,2067.99,1800,25600,18343.92,7256.08,CABA,Revendedor
V005552,2025-05-27,C079,P002,19,1450,786.62,1800,27550,16745.78,10804.22, oeste ,Lavandería
V005553,2025-01-28,C058,P005,24,1450,790.9,4500,34800,23481.6,11318.4,Oeste,Lavandería
V005554,2025-10-15,C053,P003,4,3900,2184.67,2500,15600,11238.68,4361.32,Oeste,Revendedor
V005555,2025-09-01,C036,P002,30,1700,1215.9,3200,51000,39677.0,11323.0,Oeste,Revendedor
V005556,2025-03-05,C033,P013,1,1250,734.65,1200,1250,1934.65,-684.65,CABA,Mayorista
V005557,2025-06-10,C053,P017,8,850,522.21,4500,6800,8677.68,-1877.68,Norte,Revendedor
V005558,2025-09-11,C062,P015,1,2600,1471.53,0,2600,1471.53,1128.47,Oeste,Revendedor
V005559,2025-12-01,C080,P007,12,1700,976.63,2500,20400,14219.56,6180.44,Sur,Gastronomía
V005560,2025-12-13,C051,P008,6,2600,1733.29,0,15600,10399.74,5200.26,Sur,Mayorista
V005561,2025-07-28,C053,P015,34,2100,1043.28,1200,71400,36671.52,34728.48,Oeste,Revendedor
V005562,2025-07-20,C027,P018,8,1250,603.11,1200,10000,6024.88,3975.12,Oeste,Lavandería
V005563,2025-03-08,C039,P020,34,2100,1160.79,3200,71400,42666.86,28733.14,Norte,Lavandería
V005564,2025-07-23,C047,P009,32,2600,1266.92,1800,83200,42341.44,40858.56,Oeste,Lavandería
V005565,2025-06-02,C035,P008,17,3900,2480.25,1800,66300,43964.25,22335.75,CABA,Mayorista
V005566,2025-02-25,C060,P013,11,850,592.63,4500,9350,11018.93,-1668.93,CABA,Minorista
V005567,2025-12-25,C023,P017,16,1450,1015.42,1200,23200,17446.72,5753.28,CABA,Minorista
V005568,2025-12-12,C076,P006,2,1700,916.41,2500,3400,4332.82,-932.82,Norte,Minorista
V005569,2025-05-28,C046,P013,34,2100,1319.97,3200,71400,48078.98,23321.02,CABA,Minorista
V005570,2025-02-10,C077,P006,14,1250,626.84,1800,17500,10575.76,6924.24,Oeste,Gastronomía
V005571,2025-01-08,C035,P004,21,2600,1452.08,4500,54600,34993.68,19606.32,Norte,Mayorista
V005572,2025-08-25,C055,P017,27,950,604.58,1200,25650,17523.66,8126.34,Sur,Lavandería
V005573,2025-10-20,C026,P008,15,1250,848.69,2500,18750,15230.35,3519.65,Norte,Mayorista
V005574,2025-01-11,C012,P018,18,1450,973.19,2500,26100,20017.42,6082.58,Sur,Lavandería
V005575,2025-02-12,C054,P006,24,850,557.2,1800,20400,15172.8,5227.2,CABA,Minorista
V005576,2025-04-20,C010,P018,20,950,601.08,2500,19000,14521.6,4478.4,Oeste,Mayorista
V005577,2025-11-23,C053,P012,9,1250,676.69,2500,11250,8590.21,2659.79,Norte,Gastronomía
V005578,2025-05-25,C055,P003,9,850,452.96,3200,7650,7276.64,373.36,Norte,Lavandería
V005579,2025-08-21,C023,P014,17,1450,930.85,0,24650,15824.45,8825.55,Oeste,Revendedor
V005580,2025-11-05,C015,P010,14,1700,1216.69,1800,23800,18833.66,4966.34,Norte,Mayorista
V005581,2025-06-25,C056,P005,35,2100,1414.28,4500,73500,53999.8,19500.2,CABA,Lavandería
V005582,2025-12-22,C066,P003,16,3200,1753.9,4500,51200,32562.4,18637.6,Sur,Gastronomía
V005583,2025-02-07,C032,P009,3,2600,1667.74,3200,7800,8203.22,-403.22,CABA,Revendedor
V005584,2025-06-12,C003,P012,35,1100,704.85,0,38500,24669.75,13830.25,Norte,Gastronomía
V005585,2025-05-18,C054,P012,5,1100,543.7,3200,5500,5918.5,-418.5,CABA,Lavandería
V005586,2025-02-25,C013,P020,23,3900,2297.26,4500,89700,57336.98,32363.02,Sur,Mayorista
V005587,2025-06-18,C031,P001,15,950,527.96,1800,14250,9719.4,4530.6,Sur,Gastronomía
V005588,2025-04-27,C077,P009,18,1100,672.42,4500,19800,16603.56,3196.44,Norte,Gastronomía
V005589,2025-12-11,C003,P002,11,1250,632.24,1800,13750,8754.64,4995.36,CABA,Lavandería
V005590,2025-10-14,C064,P008,1,1700,1095.29,3200,1700,4295.29,-2595.29,CABA,Minorista
V005591,2025-05-03,C035,P007,12,3900,2020.88,2500,46800,26750.56,20049.44,Oeste,Minorista
V005592,2025-06-19,C047,P012,23,2100,1420.75,3200,48300,35877.25,12422.75,Norte,Revendedor
V005593,2025-09-12,C048,P013,23,2600,1588.93,1200,59800,37745.39,22054.61,Oeste,Revendedor
V005594,2025-05-05,C078,P019,19,1250,621.49,3200,23750,15008.31,8741.69,Norte,Minorista
V005595,2025-10-04,C065,P017,23,2600,1589.29,3200,59800,39753.67,20046.33,Oeste,Revendedor
V005596,2025-01-08,C073,P011,31,1100,719.68,3200,34100,25510.08,8589.92,Oeste,Revendedor
V005597,2025-08-17,C067,P007,1,950,583.87,3200,950,3783.87,-2833.87,Sur,Gastronomía
V005598,2025-11-20,C076,P017,19,2100,1388.96,4500,39900,30890.24,9009.76,CABA,Lavandería
V005599,2025-05-30,C044,P014,11,1700,1093.0,2500,18700,14523.0,4177.0,Sur,Minorista
V005600,2025-04-18,C021,P015,7,3200,2155.96,3200,22400,18291.72,4108.28,Sur,Gastronomía
V005601,2025-09-24,C058,P011,4,3900,2388.83,0,15600,9555.32,6044.68,Oeste,Minorista
V005602,2025-09-06,C044,P005,3,1450,835.34,3200,4350,5706.02,-1356.02,CABA,Lavandería
V005603,2025-05-28,C027,P019,2,2100,1424.24,3200,4200,6048.48,-1848.48,Norte,Lavandería
V005604,2025-09-11,C025,P020,11,850,438.41,4500,9350,9322.51,27.49,Norte,Gastronomía
V005605,2025-01-07,C062,P008,7,3900,2324.82,3200,27300,19473.74,7826.26,CABA,Minorista
V005606,2025-02-04,C024,P002,13,2100,1254.1,1200,27300,17503.3,9796.7,CABA,Lavandería
V005607,2025-11-13,C033,P005,28,950,679.17,2500,26600,21516.76,5083.24,Sur,Lavandería
V005608,2025-05-21,C062,P003,2,2600,1681.29,1200,5200,4562.58,637.42,Norte,Mayorista
V005609,2025-08-15,C044,P014,24,1100,789.0,4500,26400,23436.0,2964.0,CABA,Revendedor
V005610,2025-05-07,C014,P007,1,850,423.35,2500,850,2923.35,-2073.35,CABA,Revendedor
V005611,2025-04-24,C023,P003,22,1100,789.14,0,24200,17361.08,6838.92,CABA,Lavandería
V005612,2025-06-01,C009,P013,25,1450,769.36,0,36250,19234.0,17016.0,Sur,Minorista
V005613,2025-06-01,C019,P018,16,950,546.7,1200,15200,9947.2,5252.8,Oeste,Mayorista
V005614,2025-06-03,C049,P009,18,2600,1320.19,2500,46800,26263.42,20536.58,CABA,Lavandería
V005615,2025-02-01,C056,P015,16,2600,1814.52,3200,41600,32232.32,9367.68,Oeste,Minorista
V005616,2025-05-11,C016,P018,8,850,420.23,1200,6800,4561.84,2238.16,CABA,Revendedor
V005617,2025-12-05,C033,P016,35,850,556.19,4500,29750,23966.65,5783.35,CABA,Lavandería
V005618,2025-02-01,C045,P013,18,2600,1645.94,4500,46800,34126.92,12673.08,Sur,Gastronomía
V005619,2025-10-04,C048,P015,24,2600,1617.76,1200,62400,40026.24,22373.76,Oeste,Lavandería
V005620,2025-11-18,C060,P011,18,2600,1829.36,0,46800,32928.48,13871.52,CABA,Revendedor
V005621,2025-11-13,C080,P019,14,2600,1578.25,3200,36400,25295.5,11104.5,Sur,Gastronomía
V005622,2025-03-25,C028,P002,35,850,466.96,1200,29750,17543.6,12206.4,Oeste,Gastronomía
V005623,2025-04-19,C004,P009,35,1100,534.87,2500,38500,21220.45,17279.55,CABA,Minorista
V005624,2025-01-13,C020,P013,30,1700,953.72,2500,51000,31111.6,19888.4,Norte,Mayorista
V005625,2025-12-29,C079,P014,19,950,672.25,1200,18050,13972.75,4077.25,Oeste,Gastronomía
V005626,2025-02-11,C014,P016,10,1250,615.81,1800,12500,7958.1,4541.9,Oeste,Minorista
V005627,2025-09-01,C023,P013,15,1250,859.67,3200,18750,16095.05,2654.95,CABA,Gastronomía
V005628,2025-10-11,C002,P018,33,2100,1451.79,0,69300,47909.07,21390.93,CABA,Mayorista
V005629,2025-07-08,C065,P001,20,1450,940.33,1200,29000,20006.6,8993.4,CABA,Lavandería
V005630,2025-06-13,C060,P016,9,950,478.78,2500,8550,6809.02,1740.98,CABA,Lavandería
V005631,2025-09-22,C014,P001,34,950,675.92,4500,32300,27481.28,4818.72,Sur,Lavandería
V005632,2025-08-08,C030,P012,9,950,532.11,2500,8550,7288.99,1261.01,Sur,Mayorista
V005633,2025-12-01,C058,P004,5,850,500.21,0,4250,2501.05,1748.95,Sur,Revendedor
V005634,2025-07-30,C068,P014,18,2100,1508.02,1800,37800,28944.36,8855.64,CABA,Gastronomía
V005635,2025-08-31,C031,P012,20,2100,1284.83,1800,42000,27496.6,14503.4,Oeste,Lavandería
V005636,2025-05-30,C024,P011,12,1700,1003.42,2500,20400,14541.04,5858.96,Sur,Lavandería
V005637,2025-04-24,C074,P012,6,2100,1323.75,2500,12600,10442.5,2157.5,CABA,Mayorista
V005638,2025-03-24,C032,P016,2,950,516.43,4500,1900,5532.86,-3632.86,CABA,Revendedor
V005639,2025-06-30,C008,P015,5,1700,1078.81,0,8500,5394.05,3105.95,Sur,Mayorista
V005640,2025-03-14,C029,P002,20,2600,1816.39,1200,52000,37527.8,14472.2,Norte,Revendedor
V005641,2025-08-03,C010,P003,24,3900,2786.16,1800,93600,68667.84,24932.16,Oeste,Mayorista
V005642,2025-09-16,C038,P003,26,1100,771.95,4500,28600,24570.7,4029.3,CABA,Lavandería
V005643,2025-04-05,C071,P017,6,1700,1109.61,4500,10200,11157.66,-957.66,Sur,Lavandería
V005644,2025-01-28,C025,P001,35,850,479.68,0,29750,16788.8,12961.2,Oeste,Gastronomía
V005645,2025-04-13,C036,P019,14,2100,1133.84,2500,29400,18373.76,11026.24,CABA,Revendedor
V005646,2025-09-13,C057,P020,16,1450,865.56,1800,23200,15648.96,7551.04,Norte,Minorista
V005647,2025-12-27,C055,P015,25,1100,552.91,3200,27500,17022.75,10477.25,Sur,Gastronomía
V005648,2025-05-04,C003,P020,27,1450,869.92,1200,39150,24687.84,14462.16,Oeste,Mayorista
V005649,2025-07-20,C068,P008,20,3200,1906.96,3200,64000,41339.2,22660.8,Oeste,Revendedor
V005650,2025-06-21,C014,P014,11,3200,2080.94,0,35200,22890.34,12309.66,Norte,Gastronomía
V005651,2025-05-16,C068,P005,25,1100,643.65,1200,27500,17291.25,10208.75,Oeste,Minorista
V005652,2025-04-06,C044,P017,7,1100,704.99,3200,7700,8134.93,-434.93,Sur,Lavandería
V005653,2025-07-26,C029,P009,1,1450,973.52,3200,1450,4173.52,-2723.52,Sur,Gastronomía
V005654,2025-05-14,C060,P014,22,1100,752.34,1200,24200,17751.48,6448.52,Norte,Lavandería
V005655,2025-11-09,C052,P017,22,950,549.99,1200,20900,13299.78,7600.22,CABA,Lavandería
V005656,2025-07-09,C010,P015,7,1250,711.47,4500,8750,9480.29,-730.29,Oeste,Revendedor
V005657,2025-06-02,C042,P009,30,850,553.19,1800,25500,18395.7,7104.3,CABA,Minorista
V005658,2025-07-01,C057,P009,22,3200,2269.44,2500,70400,52427.68,17972.32,Sur,Lavandería
V005659,2025-06-09,C069,P015,34,1450,736.03,3200,49300,28225.02,21074.98,Oeste,Minorista
V005660,2025-04-02,C059,P014,3,2600,1582.32,1200,7800,5946.96,1853.04,Oeste,Gastronomía
V005661,2025-11-07,C037,P018,12,1100,770.92,1800,13200,11051.04,2148.96,Oeste,Gastronomía
V005662,2025-10-05,C069,P004,25,850,543.33,1800,21250,15383.25,5866.75,Oeste,Gastronomía
V005663,2025-02-25,C063,P014,23,1450,837.77,1800,33350,21068.71,12281.29,CABA,Minorista
V005664,2025-11-27,C075,P004,3,950,522.78,2500,2850,4068.34,-1218.34,Oeste,Revendedor
V005665,2025-11-25,C011,P006,33,1250,882.2,1800,41250,30912.6,10337.4,Norte,Gastronomía
V005666,2025-10-14,C002,P004,9,2600,1544.29,1200,23400,15098.61,8301.39,Sur,Lavandería
V005667,2025-12-24,C014,P011,25,3200,2300.62,1200,80000,58715.5,21284.5,CABA,Revendedor
V005668,2025-02-19,C058,P010,18,2600,1603.63,1800,46800,30665.34,16134.66,CABA,Revendedor
V005669,2025-01-02,C025,P001,35,3900,2558.67,1200,136500,90753.45,45746.55,CABA,Lavandería
V005670,2025-05-14,C013,P020,25,1700,1042.79,1800,42500,27869.75,14630.25,CABA,Mayorista
V005671,2025-12-22,C073,P008,30,2100,1134.92,1200,63000,35247.6,27752.4,Sur,Gastronomía
V005672,2025-10-12,C058,P005,34,850,597.47,1200,28900,21513.98,7386.02,Sur,Gastronomía
V005673,2025-08-03,C023,P014,3,850,521.1,1800,2550,3363.3,-813.3,CABA,Minorista
V005674,2025-09-27,C071,P017,1,850,550.6,0,850,550.6,299.4,CABA,Gastronomía
V005675,2025-04-10,C059,P018,10,3200,2282.55,3200,32000,26025.5,5974.5,Sur,Mayorista
V005676,2025-12-02,C020,P002,13,850,500.68,0,11050,6508.84,4541.16,CABA,Lavandería
V005677,2025-10-20,C022,P006,14,3900,2309.46,4500,54600,36832.44,17767.56,Sur,Mayorista
V005678,2025-02-27,C047,P009,5,1700,1163.3,4500,8500,10316.5,-1816.5,CABA,Revendedor
V005679,2025-10-15,C008,P015,1,1100,647.95,1200,1100,1847.95,-747.95,Oeste,Revendedor
V005680,2025-06-07,C020,P018,27,1250,699.64,1200,33750,20090.28,13659.72,Norte,Revendedor
V005681,2025-03-27,C050,P007,35,2600,1650.4,1800,91000,59564.0,31436.0,Norte,Gastronomía
V005682,2025-11-08,C012,P002,10,1250,882.04,1800,12500,10620.4,1879.6,Norte,Revendedor
V005683,2025-09-16,C045,P015,10,3200,2034.78,1800,32000,22147.8,9852.2,Sur,Mayorista
V005684,2025-11-28,C067,P020,7,2100,1049.15,3200,14700,10544.05,4155.95,CABA,Gastronomía
V005685,2025-06-14,C072,P016,24,1250,605.57,4500,30000,19033.68,10966.32,Oeste,Revendedor
V005686,2025-07-29,C012,P009,4,3900,2150.61,2500,15600,11102.44,4497.56,Sur,Revendedor
V005687,2025-06-17,C021,P002,12,2600,1619.78,3200,31200,22637.36,8562.64,CABA,Gastronomía
V005688,2025-06-18,C034,P018,6,950,584.23,3200,5700,6705.38,-1005.38,CABA,Lavandería
V005689,2025-11-17,C021,P017,18,1700,1135.55,1800,30600,22239.9,8360.1,Sur,Gastronomía
V005690,2025-10-28,C033,P002,3,3900,2685.15,2500,11700,10555.45,1144.55,Oeste,Revendedor
V005691,2025-09-22,C051,P012,35,850,607.93,2500,29750,23777.55,5972.45,Oeste,Minorista
V005692,2025-01-29,C072,P001,23,2600,1748.55,0,59800,40216.65,19583.35,Sur,Gastronomía
V005693,2025-04-18,C042,P015,21,1100,701.61,3200,23100,17933.81,5166.19,Oeste,Gastronomía
V005694,2025-06-26,C048,P014,33,850,551.25,3200,28050,21391.25,6658.75,Norte,Lavandería
V005695,2025-11-04,C002,P001,7,1700,1099.38,3200,11900,10895.66,1004.34,CABA,Mayorista
V005696,2025-04-19,C049,P005,18,1100,605.46,4500,19800,15398.28,4401.72,Norte,Lavandería
V005697,2025-12-14,C005,P001,9,1700,863.36,4500,15300,12270.24,3029.76,CABA,Lavandería
V005698,2025-11-30,C058,P005,20,1450,967.82,0,29000,19356.4,9643.6,Norte,Lavandería
V005699,2025-12-19,C063,P006,19,3200,1904.03,1800,60800,37976.57,22823.43,Sur,Lavandería
V005700,2025-05-05,C007,P018,14,1700,995.3,4500,23800,18434.2,5365.8,CABA,Revendedor
V005701,2025-02-18,C008,P002,27,1250,680.11,2500,33750,20862.97,12887.03,Norte,Minorista
V005702,2025-09-16,C002,P009,9,850,546.3,1200,7650,6116.7,1533.3,Oeste,Minorista
V005703,2025-06-11,C073,P016,23,2600,1403.5,2500,59800,34780.5,25019.5,Oeste,Revendedor
V005704,2025-09-03,C049,P012,29,1700,1112.89,1800,49300,34073.81,15226.19,Oeste,Gastronomía
V005705,2025-09-18,C053,P018,21,2100,1449.91,1800,44100,32248.11,11851.89,CABA,Lavandería
V005706,2025-07-16,C035,P017,31,3200,1664.87,2500,99200,54110.97,45089.03,Norte,Revendedor
V005707,2025-08-31,C015,P008,3,850,418.97,1800,2550,3056.91,-506.91,Norte,Gastronomía
V005708,2025-07-27,C034,P011,16,1250,685.71,3200,20000,14171.36,5828.64,Norte,Mayorista
V005709,2025-10-27,C034,P017,19,1450,854.38,1800,27550,18033.22,9516.78,CABA,Gastronomía
V005710,2025-07-10,C005,P011,25,1250,829.55,2500,31250,23238.75,8011.25,CABA,Lavandería
V005711,2025-11-05,C043,P004,5,3200,1616.22,2500,16000,10581.1,5418.9,CABA,Mayorista
V005712,2025-10-01,C057,P012,23,1700,1046.05,1200,39100,25259.15,13840.85,Oeste,Revendedor
V005713,2025-09-26,C014,P007,16,1100,604.25,3200,17600,12868.0,4732.0,Sur,Lavandería
V005714,2025-02-14,C011,P017,1,950,618.75,2500,950,3118.75,-2168.75,Sur,Lavandería
V005715,2025-05-31,C025,P013,4,1450,885.84,0,5800,3543.36,2256.64,Norte,Revendedor
V005716,2025-03-21,C057,P004,17,1250,805.34,3200,21250,16890.78,4359.22,Norte,Lavandería
V005717,2025-05-10,C078,P007,20,2600,1491.63,3200,52000,33032.6,18967.4,Oeste,Revendedor
V005718,2025-08-02,C011,P013,6,3200,2046.95,2500,19200,14781.7,4418.3,Sur,Gastronomía
V005719,2025-06-11,C068,P002,35,1450,761.79,3200,50750,29862.65,20887.35,Sur,Gastronomía
V005720,2025-03-25,C009,P015,3,850,583.35,1200,2550,2950.05,-400.05,CABA,Mayorista
V005721,2025-08-03,C003,P012,21,2600,1434.7,1200,54600,31328.7,23271.3,Norte,Gastronomía
V005722,2025-11-15,C048,P018,29,2100,1296.91,1800,60900,39410.39,21489.61,CABA,Mayorista
V005723,2025-08-01,C067,P003,15,850,509.18,1200,12750,8837.7,3912.3,Sur,Mayorista
V005724,2025-02-25,C067,P008,23,3900,2731.95,0,89700,62834.85,26865.15,Oeste,Mayorista
V005725,2025-05-14,C042,P019,12,1250,652.93,1800,15000,9635.16,5364.84,CABA,Mayorista
V005726,2025-05-28,C045,P011,32,950,665.09,2500,30400,23782.88,6617.12,Oeste,Lavandería
V005727,2025-05-19,C027,P011,7,1450,903.73,3200,10150,9526.11,623.89,Sur,Mayorista
V005728,2025-03-10,C064,P002,10,1250,629.89,1800,12500,8098.9,4401.1,CABA,Mayorista
V005729,2025-09-26,C010,P002,25,850,567.36,2500,21250,16684.0,4566.0,Sur,Mayorista
V005730,2025-06-01,C036,P007,14,1450,932.54,0,20300,13055.56,7244.44,Oeste,Lavandería
V005731,2025-04-17,C032,P012,26,1450,721.7,2500,37700,21264.2,16435.8,Oeste,REVENDEDOR
V005732,2025-10-08,C064,P002,11,1700,877.51,1800,18700,11452.61,7247.39,CABA,Gastronomía
V005733,2025-12-14,C030,P012,7,2600,1329.56,1200,18200,10506.92,7693.08,Sur,Revendedor
V005734,2025-07-07,C006,P009,20,3200,1815.29,2500,64000,38805.8,25194.2,CABA,Mayorista
V005735,2025-05-06,C043,P010,31,1100,759.59,1800,34100,25347.29,8752.71,CABA,Gastronomía
V005736,2025-07-04,C031,P002,26,950,675.15,1200,24700,18753.9,5946.1,CABA,Minorista
V005737,2025-05-17,C047,P017,9,2600,1475.01,4500,23400,17775.09,5624.91,Oeste,Mayorista
V005738,2025-05-18,C007,P017,32,850,561.41,2500,27200,20465.12,6734.88,Oeste,Mayorista
V005739,2025-06-21,C047,P012,26,1250,752.74,3200,32500,22771.24,9728.76,CABA,Revendedor
V005740,2025-03-20,C072,P009,14,3900,2399.74,2500,54600,36096.36,18503.64,Norte,Revendedor
V005741,2025-07-19,C075,P018,3,850,586.34,4500,2550,6259.02,-3709.02,Norte,Lavandería
V005742,2025-12-31,C027,P007,34,850,502.01,4500,28900,21568.34,7331.66,Oeste,Lavandería
V005743,2025-11-19,C050,P001,19,850,470.01,2500,16150,11430.19,4719.81,Norte,Minorista
V005744,2025-02-22,C059,P011,1,1700,984.25,2500,1700,3484.25,-1784.25,Norte,Gastronomía
V005745,2025-09-22,C077,P020,3,2100,1170.83,2500,6300,6012.49,287.51,Sur,Mayorista
V005746,2025-03-25,C026,P006,19,1100,539.12,1200,20900,11443.28,9456.72,CABA,Minorista
V005747,2025-07-24,C031,P003,7,850,576.63,3200,5950,7236.41,-1286.41,Sur,Minorista
V005748,2025-05-07,C049,P008,22,3900,1945.51,4500,85800,47301.22,38498.78,CABA,Gastronomía
V005749,2025-03-17,C007,P005,26,950,486.46,1200,24700,13847.96,10852.04,Oeste,Mayorista
V005750,2025-10-11,C053,P004,18,850,554.02,1200,15300,11172.36,4127.64,Norte,Gastronomía
V005751,2025-06-02,C018,P005,17,3900,2018.2,1800,66300,36109.4,30190.6,Oeste,Minorista
V005752,2025-03-18,C030,P005,4,850,413.55,1200,3400,2854.2,545.8,Oeste,Lavandería
V005753,2025-09-27,C078,P006,35,1100,597.9,1200,38500,22126.5,16373.5,Norte,Minorista
V005754,2025-11-25,C076,P016,7,1250,700.7,1200,8750,6104.9,2645.1,Norte,Lavandería
V005755,2025-03-01,C063,P014,12,3900,2134.71,4500,46800,30116.52,16683.48,Norte,Lavandería
V005756,2025-09-07,C049,P010,4,3200,2114.78,3200,12800,11659.12,1140.88,Sur,Lavandería
V005757,2025-10-24,C047,P007,25,950,662.36,0,23750,16559.0,7191.0,Oeste,Minorista
V005758,2025-11-25,C060,P002,4,2100,1131.98,1200,8400,5727.92,2672.08,Sur,Minorista
V005759,2025-03-07,C063,P007,8,1700,988.61,4500,13600,12408.88,1191.12,Oeste,Lavandería
V005760,2025-02-05,C063,P007,28,1100,683.15,1800,30800,20928.2,9871.8,Norte,Revendedor
V005761,2025-12-09,C070,P019,31,2600,1787.73,1200,80600,56619.63,23980.37,Oeste,Gastronomía
V005762,2025-04-10,C065,P005,5,1450,846.4,3200,7250,7432.0,-182.0,Oeste,Mayorista
V005763,2025-04-06,C021,P017,15,1250,756.61,0,18750,11349.15,7400.85,Oeste,Revendedor
V005764,2025-06-16,C023,P006,14,1700,1061.37,0,23800,14859.18,8940.82,Sur,Mayorista
V005765,2025-09-06,C004,P019,19,850,587.0,4500,16150,15653.0,497.0,CABA,Gastronomía
V005766,2025-06-03,C010,P006,20,1700,1193.17,1200,34000,25063.4,8936.6,Oeste,Gastronomía
V005767,2025-07-09,C050,P015,2,3200,2046.98,4500,6400,8593.96,-2193.96,Oeste,Revendedor
V005768,2025-12-28,C030,P012,3,1450,840.41,1200,4350,3721.23,628.77,Oeste,Mayorista
V005769,2025-11-26,C059,P009,8,1700,1192.64,1800,13600,11341.12,2258.88,Oeste,Mayorista
V005770,2025-09-25,C058,P017,24,3900,1946.59,3200,93600,49918.16,43681.84,CABA,Gastronomía
V005771,2025-05-05,C005,P019,18,1700,1045.05,1800,30600,20610.9,9989.1,Norte,Minorista
V005772,2025-09-18,C024,P012,31,1100,587.4,4500,34100,22709.4,11390.6,Oeste,Minorista
V005773,2025-01-03,C062,P001,27,950,583.12,3200,25650,18944.24,6705.76,Norte,Revendedor
V005774,2025-06-02,C051,P015,19,2600,1696.72,1800,49400,34037.68,15362.32,Oeste,Revendedor
V005775,2025-02-20,C035,P018,16,1700,1205.29,2500,27200,21784.64,5415.36,Norte,Minorista
V005776,2025-10-12,C049,P019,9,1100,648.93,4500,9900,10340.37,-440.37,CABA,Mayorista
V005777,2025-06-20,C017,P012,17,950,637.48,4500,16150,15337.16,812.84,CABA,Gastronomía
V005778,2025-07-01,C053,P006,20,950,488.57,4500,19000,14271.4,4728.6,Sur,Lavandería
V005779,2025-08-04,C065,P001,17,850,558.75,3200,14450,12698.75,1751.25,Sur,Gastronomía
V005780,2025-09-05,C005,P008,13,2100,1422.03,1200,27300,19686.39,7613.61,Norte,Gastronomía
V005781,2025-04-12,C020,P001,28,1700,926.43,4500,47600,30440.04,17159.96,Oeste,Mayorista
V005782,2025-07-28,C009,P010,15,1450,998.23,4500,21750,19473.45,2276.55,Oeste,Lavandería
V005783,2025-02-06,C045,P005,18,1250,838.46,0,22500,15092.28,7407.72,CABA,Gastronomía
V005784,2025-12-13,C053,P018,16,850,534.3,4500,13600,13048.8,551.2,Norte,Mayorista
V005785,2025-02-09,C024,P006,24,1100,722.73,2500,26400,19845.52,6554.48,Norte,Revendedor
V005786,2025-08-16,C037,P015,30,850,496.71,4500,25500,19401.3,6098.7,Sur,Gastronomía
V005787,2025-05-25,C021,P017,27,1250,611.1,4500,33750,20999.7,12750.3,CABA,Lavandería
V005788,2025-09-26,C011,P002,5,850,430.26,1800,4250,3951.3,298.7,Norte,Revendedor
V005789,2025-01-05,C048,P013,20,1100,555.66,4500,22000,15613.2,6386.8,Sur,Gastronomía
V005790,2025-10-28,C003,P001,18,1450,899.29,0,26100,16187.22,9912.78,CABA,Lavandería
V005791,2025-03-28,C025,P003,19,3900,2033.92,0,74100,38644.48,35455.52,Norte,Revendedor
V005792,2025-11-04,C027,P001,27,1450,715.7,1800,39150,21123.9,18026.1,CABA,Mayorista
V005793,2025-02-07,C008,P015,3,1450,934.4,1200,4350,4003.2,346.8,CABA,Minorista
V005794,2025-06-28,C048,P001,14,950,539.09,3200,13300,10747.26,2552.74,Sur,Revendedor
V005795,2025-06-12,C005,P013,27,850,565.24,2500,22950,17761.48,5188.52,Norte,Minorista
V005796,2025-05-17,C015,P009,34,1250,703.67,0,42500,23924.78,18575.22,Norte,Lavandería
V005797,2025-01-11,C073,P012,8,1450,946.34,2500,11600,10070.72,1529.28,Sur,Minorista
V005798,2025-12-17,C020,P003,22,1250,761.96,0,27500,16763.12,10736.88,CABA,Gastronomía
V005799,2025-03-04,C016,P003,28,1100,756.37,2500,30800,23678.36,7121.64,CABA,Gastronomía
V005800,2025-04-17,C048,P020,13,1450,734.93,2500,18850,12054.09,6795.91,CABA,Lavandería
V005801,2025-06-16,C002,P009,32,1100,778.02,1800,35200,26696.64,8503.36,Oeste,Minorista
V005802,2025-12-24,C005,P016,13,2600,1807.53,1200,33800,24697.89,9102.11,Oeste,Minorista
V005803,2025-08-13,C019,P011,3,3200,2033.63,1800,9600,7900.89,1699.11,Norte,Mayorista
V005804,2025-06-03,C003,P018,34,2100,1370.48,0,71400,46596.32,24803.68,Sur,Revendedor
V005805,2025-03-07,C041,P008,16,2100,1027.64,4500,33600,20942.24,12657.76,CABA,Revendedor
V005806,2025-12-02,C079,P019,16,950,645.96,3200,15200,13535.36,1664.64,CABA,Gastronomía
V005807,2025-01-31,C004,P020,33,950,493.56,4500,31350,20787.48,10562.52,Sur,Minorista
V005808,2025-10-28,C018,P006,34,3200,1879.65,1800,108800,65708.1,43091.9,CABA,Gastronomía
V005809,2025-12-30,C076,P009,10,1700,923.99,1200,17000,10439.9,6560.1,Norte,Gastronomía
V005810,2025-01-23,C020,P013,28,1450,920.38,2500,40600,28270.64,12329.36,Oeste,Revendedor
V005811,2025-12-30,C056,P020,26,2100,1458.69,3200,54600,41125.94,13474.06,CABA,Minorista
V005812,2025-01-20,C043,P003,11,3900,2471.55,1200,42900,28387.05,14512.95,Sur,Mayorista
V005813,2025-05-19,C025,P001,28,2600,1541.75,3200,72800,46369.0,26431.0,Oeste,Lavandería
V005814,2025-08-22,C059,P017,5,850,508.61,3200,4250,5743.05,-1493.05,Oeste,Gastronomía
V005815,2025-01-28,C065,P020,15,1700,849.96,4500,25500,17249.4,8250.6,Oeste,Mayorista
V005816,2025-02-19,C046,P015,12,850,522.63,4500,10200,10771.56,-571.56,Oeste,Lavandería
V005817,2025-07-17,C011,P013,11,850,424.8,1200,9350,5872.8,3477.2,Norte,Minorista
V005818,2025-12-14,C018,P013,26,850,587.85,3200,22100,18484.1,3615.9,Sur,Revendedor
V005819,2025-08-05,C015,P003,2,3200,1744.03,4500,6400,7988.06,-1588.06,Oeste,Revendedor
V005820,2025-01-14,C073,P006,31,2100,1460.69,1200,65100,46481.39,18618.61,Sur,Minorista
V005821,2025-09-28,C054,P008,14,1250,844.87,3200,17500,15028.18,2471.82,Norte,Minorista
V005822,2025-07-20,C051,P013,32,2100,1012.33,4500,67200,36894.56,30305.44,Norte,Gastronomía
V005823,2025-01-11,C068,P001,3,1700,1155.24,0,5100,3465.72,1634.28,CABA,Revendedor
V005824,2025-04-22,C006,P014,12,1700,835.57,4500,20400,14526.84,5873.16,CABA,Gastronomía
V005825,2025-07-09,C056,P010,20,950,589.39,4500,19000,16287.8,2712.2,Norte,Minorista
V005826,2025-03-06,C034,P007,27,950,545.48,1800,25650,16527.96,9122.04,CABA,Mayorista
V005827,2025-11-02,C075,P020,3,2600,1496.93,3200,7800,7690.79,109.21,CABA,Revendedor
V005828,2025-02-26,C040,P020,35,1250,723.92,3200,43750,28537.2,15212.8,Norte,Revendedor
V005829,2025-01-08,C031,P005,6,2600,1524.09,3200,15600,12344.54,3255.46,CABA,Minorista
V005830,2025-09-02,C056,P015,22,1700,825.5,4500,37400,22661.0,14739.0,CABA,Gastronomía
V005831,2025-04-07,C064,P011,13,950,531.79,2500,12350,9413.27,2936.73,Norte,Mayorista
V005832,2025-04-01,C080,P011,4,3200,1726.3,3200,12800,10105.2,2694.8,Sur,Minorista
V005833,2025-04-12,C075,P002,14,2100,1257.83,3200,29400,20809.62,8590.38,Sur,Lavandería
V005834,2025-07-04,C051,P016,24,1250,831.61,1800,30000,21758.64,8241.36,CABA,Gastronomía
V005835,2025-05-08,C034,P016,19,1250,779.54,1200,23750,16011.26,7738.74,Sur,Minorista
V005836,2025-09-23,C014,P006,4,2600,1588.51,4500,10400,10854.04,-454.04,CABA,Mayorista
V005837,2025-09-10,C070,P003,1,950,456.7,4500,950,4956.7,-4006.7,Oeste,Minorista
V005838,2025-09-15,C020,P008,17,950,641.31,2500,16150,13402.27,2747.73,CABA,Revendedor
V005839,2025-12-17,C079,P001,30,1700,1015.54,3200,51000,33666.2,17333.8,Norte,Minorista
V005840,2025-07-25,C052,P003,2,2600,1797.15,1800,5200,5394.3,-194.3,Norte,Gastronomía
V005841,2025-11-03,C007,P009,15,3900,2142.44,4500,58500,36636.6,21863.4,Sur,Minorista
V005842,2025-08-11,C019,P005,11,2600,1678.45,2500,28600,20962.95,7637.05,Oeste,Lavandería
V005843,2025-02-23,C003,P011,18,850,442.55,2500,15300,10465.9,4834.1,CABA,Mayorista
V005844,2025-09-25,C039,P014,23,1700,1054.57,0,39100,24255.11,14844.89,Norte,Lavandería
V005845,2025-10-04,C065,P013,17,3900,2411.26,1200,66300,42191.42,24108.58,Oeste,Revendedor
V005846,2025-08-19,C036,P012,13,3900,2773.73,3200,50700,39258.49,11441.51,CABA,Mayorista
V005847,2025-04-30,C070,P010,29,2100,1050.47,4500,60900,34963.63,25936.37,Norte,Gastronomía
V005848,2025-05-11,C029,P008,29,1250,713.32,4500,36250,25186.28,11063.72,CABA,Revendedor
V005849,2025-02-01,C066,P011,29,1700,906.87,4500,49300,30799.23,18500.77,Sur,Revendedor
V005850,2025-06-06,C057,P013,14,950,576.53,1200,13300,9271.42,4028.58,Norte,Mayorista
V005851,2025-12-30,C074,P001,1,1100,603.37,3200,1100,3803.37,-2703.37,Oeste,Lavandería
V005852,2025-10-03,C044,P006,13,1450,835.02,4500,18850,15355.26,3494.74,CABA,Gastronomía
V005853,2025-02-05,C021,P004,28,2600,1499.62,0,72800,41989.36,30810.64,Sur,Minorista
V005854,2025-02-15,C003,P013,28,1700,1022.32,3200,47600,31824.96,15775.04,Sur,Revendedor
V005855,2025-12-13,C021,P010,9,1700,1161.79,1800,15300,12256.11,3043.89,Oeste,Revendedor
V005856,2025-04-22,C072,P011,17,850,536.1,1800,14450,10913.7,3536.3,Norte,Gastronomía
V005857,2025-01-10,C030,P019,26,1250,758.1,1200,32500,20910.6,11589.4,Norte,Lavandería
V005858,2025-07-19,C078,P001,34,950,683.76,1800,32300,25047.84,7252.16,Sur,Minorista
V005859,2025-03-12,C078,P013,22,1250,654.99,3200,27500,17609.78,9890.22,Oeste,Minorista
V005860,2025-06-26,C026,P001,31,850,503.12,3200,26350,18796.72,7553.28,CABA,Revendedor
V005861,2025-01-22,C038,P017,32,3200,1862.27,0,102400,59592.64,42807.36,CABA,Gastronomía
V005862,2025-02-01,C066,P008,16,1450,977.66,0,23200,15642.56,7557.44,Oeste,Revendedor
V005863,2025-09-28,C020,P020,17,1700,927.54,0,28900,15768.18,13131.82,Oeste,Mayorista
V005864,2025-09-12,C072,P017,7,1450,922.41,4500,10150,10956.87,-806.87,Norte,Mayorista
V005865,2025-06-29,C004,P015,20,1250,757.91,1200,25000,16358.2,8641.8,CABA,Mayorista
V005866,2025-11-01,C046,P002,4,2600,1565.22,2500,10400,8760.88,1639.12,Sur,Gastronomía
V005867,2025-06-21,C001,P002,21,1250,891.54,1800,26250,20522.34,5727.66,Sur,Lavandería
V005868,2025-01-31,C029,P013,29,1250,665.18,2500,36250,21790.22,14459.78,CABA,Gastronomía
V005869,2025-04-03,C033,P016,18,950,682.88,0,17100,12291.84,4808.16,Sur,Mayorista
V005870,2025-03-18,C079,P011,28,2100,1365.23,4500,58800,42726.44,16073.56,Norte,Revendedor
V005871,2025-12-20,C021,P009,16,2100,1160.07,1800,33600,20361.12,13238.88,CABA,Lavandería
V005872,2025-09-28,C021,P015,24,2600,1543.82,0,62400,37051.68,25348.32,Sur,Minorista
V005873,2025-05-14,C051,P001,6,2600,1665.89,0,15600,9995.34,5604.66,Sur,Gastronomía
V005874,2025-01-14,C008,P002,10,1700,984.23,3200,17000,13042.3,3957.7,Oeste,Gastronomía
V005875,2025-11-04,C055,P005,29,3200,1727.54,3200,92800,53298.66,39501.34,Sur,Lavandería
V005876,2025-09-03,C049,P011,17,850,435.35,1800,14450,9200.95,5249.05,Sur,Minorista
V005877,2025-05-25,C045,P004,13,2600,1418.07,0,33800,18434.91,15365.09,Oeste,Revendedor
V005878,2025-11-28,C021,P014,23,2100,1493.91,1200,48300,35559.93,12740.07,Oeste,Lavandería
V005879,2025-09-03,C047,P013,12,2600,1478.78,1800,31200,19545.36,11654.64,Norte,Gastronomía
V005880,2025-01-08,C030,P010,33,3900,2103.01,2500,128700,71899.33,56800.67,Norte,Revendedor
V005881,2025-07-03,C043,P008,26,1450,914.68,1200,37700,24981.68,12718.32,Oeste,Minorista
V005882,2025-10-24,C034,P015,3,1700,920.87,1800,5100,4562.61,537.39,Sur,Lavandería
V005883,2025-07-03,C065,P007,1,950,671.43,4500,950,5171.43,-4221.43,Sur,Lavandería
V005884,2025-12-20,C078,P006,29,850,463.6,1200,24650,14644.4,10005.6,Norte,Mayorista
V005885,2025-09-23,C058,P003,23,3200,1715.21,4500,73600,43949.83,29650.17,Norte,Mayorista
V005886,2025-01-13,C017,P019,30,1250,764.73,1800,37500,24741.9,12758.1,Norte,Mayorista
V005887,2025-05-24,C008,P005,17,3200,2123.25,1800,54400,37895.25,16504.75,Sur,Revendedor
V005888,2025-09-26,C050,P020,3,3200,2082.95,2500,9600,8748.85,851.15,Oeste,Gastronomía
V005889,2025-12-03,C023,P016,11,1450,848.84,2500,15950,11837.24,4112.76,CABA,Minorista
V005890,2025-06-29,C058,P018,30,1250,744.13,3200,37500,25523.9,11976.1,CABA,Gastronomía
V005891,2025-07-28,C016,P013,11,950,624.85,1200,10450,8073.35,2376.65,Sur,Lavandería
V005892,2025-02-13,C031,P017,32,1250,618.92,0,40000,19805.44,20194.56,Oeste,Minorista
V005893,2025-10-19,C016,P013,28,2100,1445.04,4500,58800,44961.12,13838.88,CABA,Lavandería
V005894,2025-03-28,C040,P013,35,3200,2091.25,4500,112000,77693.75,34306.25,Sur,Lavandería
V005895,2025-07-21,C023,P003,33,1100,575.56,2500,36300,21493.48,14806.52,Oeste,Mayorista
V005896,2025-05-12,C064,P013,28,2600,1274.47,4500,72800,40185.16,32614.84,Sur,Minorista
V005897,2025-07-20,C057,P003,18,3200,2047.17,1800,57600,38649.06,18950.94,Sur,Revendedor
V005898,2025-03-14,C043,P015,35,1700,1098.28,1200,59500,39639.8,19860.2,Norte,Mayorista
V005899,2025-11-02,C065,P002,2,3900,2049.01,0,7800,4098.02,3701.98, oeste ,Lavandería
V005900,2025-05-03,C033,P011,18,1100,790.85,2500,19800,16735.3,3064.7,CABA,Minorista
V005901,2025-06-27,C041,P017,12,1100,778.44,3200,13200,12541.28,658.72,CABA,Revendedor
V005902,2025-06-20,C011,P015,6,3900,2778.0,2500,23400,19168.0,4232.0,CABA,Lavandería
V005903,2025-08-22,C061,P014,13,950,503.77,2500,12350,9049.01,3300.99,Norte,Gastronomía
V005904,2025-05-05,C071,P007,13,2100,1456.41,1200,27300,20133.33,7166.67,Norte,Gastronomía
V005905,2025-01-05,C029,P012,16,1250,808.31,4500,20000,17432.96,2567.04,Oeste,Minorista
V005906,2025-01-17,C013,P006,22,1450,938.94,2500,31900,23156.68,8743.32,Norte,Revendedor
V005907,2025-02-05,C038,P019,23,3900,2586.13,2500,89700,61980.99,27719.01,Sur,Minorista
V005908,2025-04-30,C013,P016,1,1700,990.87,4500,1700,5490.87,-3790.87,Oeste,Gastronomía
V005909,2025-10-10,C026,P006,3,950,660.97,1200,2850,3182.91,-332.91,Norte,Gastronomía
V005910,2025-07-09,C050,P007,26,2600,1632.43,3200,67600,45643.18,21956.82,Oeste,Lavandería
V005911,2025-09-14,C056,P008,27,1450,1038.07,1800,39150,29827.89,9322.11,Norte,Revendedor
V005912,2025-09-17,C015,P001,26,1250,825.48,2500,32500,23962.48,8537.52,Sur,Mayorista
V005913,2025-10-17,C018,P001,25,850,464.05,3200,21250,14801.25,6448.75,Norte,Mayorista
V005914,2025-11-12,C079,P005,5,950,596.04,1200,4750,4180.2,569.8,Norte,Lavandería
V005915,2025-05-15,C028,P011,4,2100,1311.43,2500,8400,7745.72,654.28,Oeste,Minorista
V005916,2025-10-22,C075,P007,33,2600,1331.86,0,85800,43951.38,41848.62,CABA,Mayorista
V005917,2025-01-10,C028,P017,10,3900,2447.82,1200,39000,25678.2,13321.8,CABA,Minorista
V005918,2025-07-08,C001,P012,23,1450,866.54,2500,33350,22430.42,10919.58,CABA,Lavandería
V005919,2025-10-14,C008,P013,33,850,601.8,0,28050,19859.4,8190.6,Norte,Minorista
V005920,2025-01-04,C042,P009,27,3200,1549.01,4500,86400,46323.27,40076.73,Oeste,Minorista
V005921,2025-05-21,C028,P008,27,850,594.81,2500,22950,18559.87,4390.13,Norte,Mayorista
V005922,2025-04-06,C014,P004,8,1700,924.55,1800,13600,9196.4,4403.6,Oeste,Revendedor
V005923,2025-02-11,C061,P020,7,3900,2226.68,3200,27300,18786.76,8513.24,CABA,Revendedor
V005924,2025-02-04,C031,P013,19,950,567.74,2500,18050,13287.06,4762.94,Norte,Revendedor
V005925,2025-03-07,C003,P012,20,3200,2023.28,2500,64000,42965.6,21034.4,CABA,Revendedor
V005926,2025-01-14,C010,P014,34,850,429.91,0,28900,14616.94,14283.06,Norte,Mayorista
V005927,2025-08-02,C003,P020,25,1450,769.15,1800,36250,21028.75,15221.25,Norte,Mayorista
V005928,2025-12-02,C035,P020,32,1250,637.83,0,40000,20410.56,19589.44,Sur,Minorista
V005929,2025-03-01,C048,P007,22,1250,841.23,0,27500,18507.06,8992.94,Norte,Mayorista
V005930,2025-04-02,C045,P014,12,1450,931.65,3200,17400,14379.8,3020.2,CABA,Gastronomía
V005931,2025-11-02,C064,P002,17,2100,1147.24,4500,35700,24003.08,11696.92,Norte,Gastronomía
V005932,2025-07-02,C013,P013,14,1100,717.42,0,15400,10043.88,5356.12,Norte,Lavandería
V005933,2025-12-11,C038,P004,6,3900,2063.74,1200,23400,13582.44,9817.56,CABA,Minorista
V005934,2025-05-01,C066,P019,5,2100,1418.42,2500,10500,9592.1,907.9,Sur,Lavandería
V005935,2025-12-18,C004,P020,24,1100,547.14,3200,26400,16331.36,10068.64,Norte,Revendedor
V005936,2025-07-13,C068,P002,17,1250,781.83,1200,21250,14491.11,6758.89,CABA,Minorista
V005937,2025-09-21,C068,P019,10,1700,1131.65,3200,17000,14516.5,2483.5,Norte,Lavandería
V005938,2025-09-21,C026,P020,35,850,447.11,0,29750,15648.85,14101.15,Oeste,Lavandería
V005939,2025-08-30,C027,P003,10,850,483.12,3200,8500,8031.2,468.8,Sur,Revendedor
V005940,2025-11-25,C040,P017,23,1250,807.57,2500,28750,21074.11,7675.89,Norte,Revendedor
V005941,2025-08-23,C071,P003,13,1450,1035.32,4500,18850,17959.16,890.84,Norte,Minorista
V005942,2025-05-21,C002,P011,4,950,582.21,1200,3800,3528.84,271.16,Sur,Minorista
V005943,2025-09-11,C005,P001,3,1450,875.12,1800,4350,4425.36,-75.36,Norte,Minorista
V005944,2025-03-11,C025,P009,33,950,457.91,4500,31350,19611.03,11738.97,Norte,Gastronomía
V005945,2025-03-26,C041,P011,16,3900,2232.54,1800,62400,37520.64,24879.36,Norte,Lavandería
V005946,2025-02-10,C035,P009,7,1100,703.07,4500,7700,9421.49,-1721.49,Sur,Minorista
V005947,2025-02-02,C008,P020,13,1100,559.99,1200,14300,8479.87,5820.13,Norte,Minorista
V005948,2025-09-12,C056,P004,8,950,657.74,1800,7600,7061.92,538.08,Oeste,Mayorista
V005949,2025-05-09,C005,P020,26,1700,1194.66,1200,44200,32261.16,11938.84,Sur,Minorista
V005950,2025-03-09,C016,P013,27,3900,2151.46,0,105300,58089.42,47210.58,CABA,Minorista
V005951,2025-02-09,C009,P006,14,1250,893.14,0,17500,12503.96,4996.04,CABA,Lavandería
V005952,2025-08-21,C075,P013,22,1700,1071.26,2500,37400,26067.72,11332.28,Sur,Mayorista
V005953,2025-04-06,C029,P018,13,2100,1262.49,0,27300,16412.37,10887.63,Norte,Mayorista
V005954,2025-06-07,C037,P013,11,1100,739.72,0,12100,8136.92,3963.08,Sur,Gastronomía
V005955,2025-12-06,C078,P002,21,1250,753.73,4500,26250,20328.33,5921.67,CABA,Gastronomía
V005956,2025-11-11,C048,P001,18,1100,666.52,0,19800,11997.36,7802.64,Sur,Revendedor
V005957,2025-04-29,C051,P005,22,2600,1554.91,0,57200,34208.02,22991.98,CABA,Revendedor
V005958,2025-09-09,C024,P015,19,950,673.38,1800,18050,14594.22,3455.78,CABA,Gastronomía
V005959,2025-08-24,C074,P017,6,1700,954.55,0,10200,5727.3,4472.7,Norte,Revendedor
V005960,2025-07-02,C048,P006,28,1450,781.89,1800,40600,23692.92,16907.08,Oeste,Mayorista
V005961,2025-02-19,C062,P007,9,3200,1770.61,1800,28800,17735.49,11064.51,Sur,Mayorista
V005962,2025-10-18,C069,P002,11,850,589.79,3200,9350,9687.69,-337.69,CABA,Lavandería
V005963,2025-03-30,C050,P011,7,1250,815.7,1200,8750,6909.9,1840.1,CABA,Gastronomía
V005964,2025-11-17,C043,P016,34,950,681.16,1200,32300,24359.44,7940.56,CABA,Gastronomía
V005965,2025-07-05,C049,P005,24,1250,618.17,0,30000,14836.08,15163.92,Oeste,Gastronomía
V005966,2025-02-03,C029,P001,1,950,481.79,0,950,481.79,468.21,Norte,Lavandería
V005967,2025-06-04,C040,P006,6,1450,782.42,4500,8700,9194.52,-494.52,Sur,Revendedor
V005968,2025-12-14,C004,P012,22,3900,2001.26,1200,85800,45227.72,40572.28,Sur,Lavandería
V005969,2025-01-13,C017,P014,4,1450,892.05,2500,5800,6068.2,-268.2,Sur,Revendedor
V005970,2025-10-26,C067,P015,12,1700,980.36,3200,20400,14964.32,5435.68,Sur,Gastronomía
V005971,2025-02-09,C009,P007,23,850,582.23,4500,19550,17891.29,1658.71,Sur,Gastronomía
V005972,2025-11-13,C080,P013,29,1100,712.95,4500,31900,25175.55,6724.45,Sur,Mayorista
V005973,2025-04-22,C073,P014,33,850,600.9,2500,28050,22329.7,5720.3,CABA,Minorista
V005974,2025-11-12,C037,P016,21,850,542.27,1800,17850,13187.67,4662.33,Oeste,Mayorista
V005975,2025-01-24,C013,P003,10,2600,1756.29,0,26000,17562.9,8437.1,Norte,Mayorista
V005976,2025-03-07,C048,P019,15,1250,794.68,1200,18750,13120.2,5629.8,Oeste,Revendedor
V005977,2025-02-13,C039,P008,14,950,548.63,0,13300,7680.82,5619.18,Sur,Lavandería
V005978,2025-11-15,C061,P010,20,2100,1301.44,0,42000,26028.8,15971.2,Sur,Minorista
V005979,2025-02-27,C078,P017,22,950,636.53,0,20900,14003.66,6896.34,Norte,Lavandería
V005980,2025-10-07,C059,P005,16,3900,1928.19,1200,62400,32051.04,30348.96,Sur,Minorista
V005981,2025-06-14,C048,P017,26,850,445.08,1800,22100,13372.08,8727.92,Oeste,Mayorista
V005982,2025-07-26,,P010,22,3200,1948.97,1800,70400,44677.34,25722.66,Sur,Revendedor
V005983,2025-04-16,C058,P003,18,2600,1651.7,2500,46800,32230.6,14569.4,Norte,Minorista
V005984,2025-09-23,C003,P012,30,950,471.39,2500,28500,16641.7,11858.3,Norte,Gastronomía
V005985,2025-05-23,C007,P002,10,2600,1762.99,3200,26000,20829.9,5170.1,Norte,Mayorista
V005986,2025-05-22,C040,P008,29,3900,2644.91,2500,113100,79202.39,33897.61,Sur,Lavandería
V005987,2025-01-27,C037,P010,35,2100,1404.05,4500,73500,53641.75,19858.25,Sur,Minorista
V005988,2025-03-03,C069,P017,5,2100,1042.2,1200,10500,6411.0,4089.0,Sur,Lavandería
V005989,2025-11-27,C029,P010,29,2600,1427.85,2500,75400,43907.65,31492.35,Sur,Revendedor
V005990,2025-05-30,C048,P005,30,1250,807.48,1200,37500,25424.4,12075.6,CABA,Revendedor
V005991,2025-09-24,C014,P011,27,2600,1452.11,1800,70200,41006.97,29193.03,CABA,Mayorista
V005992,2025-06-21,C036,P012,22,2600,1620.64,4500,57200,40154.08,17045.92,CABA,Lavandería
V005993,2025-11-04,C008,P016,29,850,577.81,4500,24650,21256.49,3393.51,Norte,Gastronomía
V005994,2025-04-18,C004,P001,5,2600,1370.2,1800,13000,8651.0,4349.0,CABA,Mayorista
V005995,2025-08-30,C023,P012,12,950,601.54,3200,11400,10418.48,981.52,Norte,Lavandería
V005996,2025-08-18,C017,P009,4,1700,965.34,4500,6800,8361.36,-1561.36,Oeste,Gastronomía
V005997,2025-02-23,C064,P016,19,3200,1808.81,1800,60800,36167.39,24632.61,Oeste,Lavandería
V005998,2025-06-07,C020,P009,14,2600,1440.07,3200,36400,23360.98,13039.02,Oeste,Mayorista
V005999,2025-01-13,C024,P005,4,1450,721.35,2500,5800,5385.4,414.6,Norte,Revendedor
V006000,2025-07-27,C006,P015,11,2100,1179.59,4500,23100,17475.49,5624.51,CABA,Minorista
